作业 16861115 在 host.cluster.example.org 启动
CUDA: True NVIDIA A100-SXM4-80GB
/path/to/env/coronary/lib/python3.11/site-packages/monai/utils/deprecate_utils.py:321: FutureWarning: monai.transforms.spatial.dictionary Orientationd.__init__:labels: Current default value of argument `labels=(('L', 'R'), ('P', 'A'), ('I', 'S'))` was changed in version None from `labels=(('L', 'R'), ('P', 'A'), ('I', 'S'))` to `labels=None`. Default value changed to None meaning that the transform now uses the 'space' of a meta-tensor, if applicable, to determine appropriate axis labels.
  warn_deprecated(argname, msg, warning_category)
device=cuda  amp=True
backbone=segresnet  参数量=6,299,649
  [复用] 切片索引 splits/sidx_train_k2_n700.json （152946 个切片样本）
  [复用] 切片索引 splits/sidx_val_k2_n100.json （22171 个切片样本）
train batches=4443  val batches=743

--- Epoch 1/100 (lr=3.00e-04) ---
    [train] iter 20/4443  loss=1.1483
    [train] iter 40/4443  loss=1.1281
    [train] iter 60/4443  loss=1.1136
    [train] iter 80/4443  loss=1.0306
    [train] iter 100/4443  loss=1.0233
    [train] iter 120/4443  loss=1.0269
    [train] iter 140/4443  loss=0.9620
    [train] iter 160/4443  loss=0.9730
    [train] iter 180/4443  loss=0.9667
    [train] iter 200/4443  loss=0.8548
    [train] iter 220/4443  loss=0.7689
    [train] iter 240/4443  loss=0.7424
    [train] iter 260/4443  loss=0.8631
    [train] iter 280/4443  loss=0.7757
    [train] iter 300/4443  loss=0.7367
    [train] iter 320/4443  loss=0.5593
    [train] iter 340/4443  loss=0.6577
    [train] iter 360/4443  loss=0.5991
    [train] iter 380/4443  loss=0.5421
    [train] iter 400/4443  loss=0.5429
    [train] iter 420/4443  loss=0.5305
    [train] iter 440/4443  loss=0.5903
    [train] iter 460/4443  loss=0.5782
    [train] iter 480/4443  loss=0.7456
    [train] iter 500/4443  loss=0.5773
    [train] iter 520/4443  loss=0.6127
    [train] iter 540/4443  loss=0.5730
    [train] iter 560/4443  loss=0.6409
    [train] iter 580/4443  loss=0.5580
    [train] iter 600/4443  loss=0.4257
    [train] iter 620/4443  loss=0.4617
    [train] iter 640/4443  loss=0.4839
    [train] iter 660/4443  loss=0.4714
    [train] iter 680/4443  loss=0.5211
    [train] iter 700/4443  loss=0.5383
    [train] iter 720/4443  loss=0.4716
    [train] iter 740/4443  loss=0.5111
    [train] iter 760/4443  loss=0.4186
    [train] iter 780/4443  loss=0.6226
    [train] iter 800/4443  loss=0.6388
    [train] iter 820/4443  loss=0.4909
    [train] iter 840/4443  loss=0.5071
    [train] iter 860/4443  loss=0.5143
    [train] iter 880/4443  loss=0.4516
    [train] iter 900/4443  loss=0.4656
    [train] iter 920/4443  loss=0.4437
    [train] iter 940/4443  loss=0.4834
    [train] iter 960/4443  loss=0.4129
    [train] iter 980/4443  loss=0.3149
    [train] iter 1000/4443  loss=0.5644
    [train] iter 1020/4443  loss=0.4589
    [train] iter 1040/4443  loss=0.3767
    [train] iter 1060/4443  loss=0.5524
    [train] iter 1080/4443  loss=0.4004
    [train] iter 1100/4443  loss=0.4873
    [train] iter 1120/4443  loss=0.4824
    [train] iter 1140/4443  loss=0.4568
    [train] iter 1160/4443  loss=0.3034
    [train] iter 1180/4443  loss=0.4354
    [train] iter 1200/4443  loss=0.3877
    [train] iter 1220/4443  loss=0.6023
    [train] iter 1240/4443  loss=0.6383
    [train] iter 1260/4443  loss=0.4167
    [train] iter 1280/4443  loss=0.3186
    [train] iter 1300/4443  loss=0.6173
    [train] iter 1320/4443  loss=0.2999
    [train] iter 1340/4443  loss=0.3511
    [train] iter 1360/4443  loss=0.3676
    [train] iter 1380/4443  loss=0.4966
    [train] iter 1400/4443  loss=0.6702
    [train] iter 1420/4443  loss=0.4771
    [train] iter 1440/4443  loss=0.3665
    [train] iter 1460/4443  loss=0.5996
    [train] iter 1480/4443  loss=0.5023
    [train] iter 1500/4443  loss=0.5173
    [train] iter 1520/4443  loss=0.4441
    [train] iter 1540/4443  loss=0.4872
    [train] iter 1560/4443  loss=0.3512
    [train] iter 1580/4443  loss=0.4419
    [train] iter 1600/4443  loss=0.4797
    [train] iter 1620/4443  loss=0.4919
    [train] iter 1640/4443  loss=0.3897
    [train] iter 1660/4443  loss=0.5229
    [train] iter 1680/4443  loss=0.4052
    [train] iter 1700/4443  loss=0.5234
    [train] iter 1720/4443  loss=0.4041
    [train] iter 1740/4443  loss=0.5478
    [train] iter 1760/4443  loss=0.4938
    [train] iter 1780/4443  loss=0.4314
    [train] iter 1800/4443  loss=0.4854
    [train] iter 1820/4443  loss=0.4389
    [train] iter 1840/4443  loss=0.4307
    [train] iter 1860/4443  loss=0.3256
    [train] iter 1880/4443  loss=0.6498
    [train] iter 1900/4443  loss=0.6067
    [train] iter 1920/4443  loss=0.6309
    [train] iter 1940/4443  loss=0.4090
    [train] iter 1960/4443  loss=0.4594
    [train] iter 1980/4443  loss=0.4680
    [train] iter 2000/4443  loss=0.4938
    [train] iter 2020/4443  loss=0.4293
    [train] iter 2040/4443  loss=0.3894
    [train] iter 2060/4443  loss=0.5162
    [train] iter 2080/4443  loss=0.4170
    [train] iter 2100/4443  loss=0.5364
    [train] iter 2120/4443  loss=0.3597
    [train] iter 2140/4443  loss=0.4311
    [train] iter 2160/4443  loss=0.3800
    [train] iter 2180/4443  loss=0.3592
    [train] iter 2200/4443  loss=0.4284
    [train] iter 2220/4443  loss=0.4726
    [train] iter 2240/4443  loss=0.6520
    [train] iter 2260/4443  loss=0.4441
    [train] iter 2280/4443  loss=0.3793
    [train] iter 2300/4443  loss=0.3805
    [train] iter 2320/4443  loss=0.3995
    [train] iter 2340/4443  loss=0.4019
    [train] iter 2360/4443  loss=0.3994
    [train] iter 2380/4443  loss=0.3190
    [train] iter 2400/4443  loss=0.4123
    [train] iter 2420/4443  loss=0.3302
    [train] iter 2440/4443  loss=0.3150
    [train] iter 2460/4443  loss=0.4091
    [train] iter 2480/4443  loss=0.5403
    [train] iter 2500/4443  loss=0.5302
    [train] iter 2520/4443  loss=0.3600
    [train] iter 2540/4443  loss=0.3721
    [train] iter 2560/4443  loss=0.4759
    [train] iter 2580/4443  loss=0.5102
    [train] iter 2600/4443  loss=0.6211
    [train] iter 2620/4443  loss=0.4310
    [train] iter 2640/4443  loss=0.4248
    [train] iter 2660/4443  loss=0.3773
    [train] iter 2680/4443  loss=0.4004
    [train] iter 2700/4443  loss=0.5190
    [train] iter 2720/4443  loss=0.3622
    [train] iter 2740/4443  loss=0.4246
    [train] iter 2760/4443  loss=0.3588
    [train] iter 2780/4443  loss=0.4941
    [train] iter 2800/4443  loss=0.3796
    [train] iter 2820/4443  loss=0.5127
    [train] iter 2840/4443  loss=0.5027
    [train] iter 2860/4443  loss=0.3711
    [train] iter 2880/4443  loss=0.4613
    [train] iter 2900/4443  loss=0.4356
    [train] iter 2920/4443  loss=0.3385
    [train] iter 2940/4443  loss=0.5537
    [train] iter 2960/4443  loss=0.4465
    [train] iter 2980/4443  loss=0.4019
    [train] iter 3000/4443  loss=0.4342
    [train] iter 3020/4443  loss=0.4124
    [train] iter 3040/4443  loss=0.3613
    [train] iter 3060/4443  loss=0.5305
    [train] iter 3080/4443  loss=0.5540
    [train] iter 3100/4443  loss=0.5076
    [train] iter 3120/4443  loss=0.5116
    [train] iter 3140/4443  loss=0.3394
    [train] iter 3160/4443  loss=0.4270
    [train] iter 3180/4443  loss=0.4470
    [train] iter 3200/4443  loss=0.4638
    [train] iter 3220/4443  loss=0.4585
    [train] iter 3240/4443  loss=0.4067
    [train] iter 3260/4443  loss=0.5081
    [train] iter 3280/4443  loss=0.4003
    [train] iter 3300/4443  loss=0.5041
    [train] iter 3320/4443  loss=0.2798
    [train] iter 3340/4443  loss=0.4963
    [train] iter 3360/4443  loss=0.6086
    [train] iter 3380/4443  loss=0.3826
    [train] iter 3400/4443  loss=0.5034
    [train] iter 3420/4443  loss=0.4587
    [train] iter 3440/4443  loss=0.4297
    [train] iter 3460/4443  loss=0.4249
    [train] iter 3480/4443  loss=0.3146
    [train] iter 3500/4443  loss=0.4933
    [train] iter 3520/4443  loss=0.5463
    [train] iter 3540/4443  loss=0.3867
    [train] iter 3560/4443  loss=0.3624
    [train] iter 3580/4443  loss=0.4166
    [train] iter 3600/4443  loss=0.4207
    [train] iter 3620/4443  loss=0.4444
    [train] iter 3640/4443  loss=0.4274
    [train] iter 3660/4443  loss=0.4902
    [train] iter 3680/4443  loss=0.4576
    [train] iter 3700/4443  loss=0.3889
    [train] iter 3720/4443  loss=0.4447
    [train] iter 3740/4443  loss=0.3741
    [train] iter 3760/4443  loss=0.3361
    [train] iter 3780/4443  loss=0.4834
    [train] iter 3800/4443  loss=0.5148
    [train] iter 3820/4443  loss=0.3311
    [train] iter 3840/4443  loss=0.5843
    [train] iter 3860/4443  loss=0.4017
    [train] iter 3880/4443  loss=0.5066
    [train] iter 3900/4443  loss=0.3329
    [train] iter 3920/4443  loss=0.3336
    [train] iter 3940/4443  loss=0.5859
    [train] iter 3960/4443  loss=0.3373
    [train] iter 3980/4443  loss=0.3404
    [train] iter 4000/4443  loss=0.2636
    [train] iter 4020/4443  loss=0.3864
    [train] iter 4040/4443  loss=0.4721
    [train] iter 4060/4443  loss=0.4518
    [train] iter 4080/4443  loss=0.4990
    [train] iter 4100/4443  loss=0.4075
    [train] iter 4120/4443  loss=0.4183
    [train] iter 4140/4443  loss=0.4224
    [train] iter 4160/4443  loss=0.3863
    [train] iter 4180/4443  loss=0.3416
    [train] iter 4200/4443  loss=0.5070
    [train] iter 4220/4443  loss=0.4057
    [train] iter 4240/4443  loss=0.4238
    [train] iter 4260/4443  loss=0.4377
    [train] iter 4280/4443  loss=0.3887
    [train] iter 4300/4443  loss=0.5056
    [train] iter 4320/4443  loss=0.4619
    [train] iter 4340/4443  loss=0.3590
    [train] iter 4360/4443  loss=0.4195
    [train] iter 4380/4443  loss=0.3824
    [train] iter 4400/4443  loss=0.3004
    [train] iter 4420/4443  loss=0.4480
    [train] iter 4440/4443  loss=0.4046
  train_loss=0.4887  val_loss=0.4229  val_dice=0.5517
  [best] val_dice=0.5517 已保存

--- Epoch 2/100 (lr=3.00e-04) ---
    [train] iter 20/4443  loss=0.3601
    [train] iter 40/4443  loss=0.3869
    [train] iter 60/4443  loss=0.3740
    [train] iter 80/4443  loss=0.4826
    [train] iter 100/4443  loss=0.3475
    [train] iter 120/4443  loss=0.4063
    [train] iter 140/4443  loss=0.3751
    [train] iter 160/4443  loss=0.4466
    [train] iter 180/4443  loss=0.3306
    [train] iter 200/4443  loss=0.3695
    [train] iter 220/4443  loss=0.4872
    [train] iter 240/4443  loss=0.2105
    [train] iter 260/4443  loss=0.3962
    [train] iter 280/4443  loss=0.4027
    [train] iter 300/4443  loss=0.4399
    [train] iter 320/4443  loss=0.3493
    [train] iter 340/4443  loss=0.4753
    [train] iter 360/4443  loss=0.3628
    [train] iter 380/4443  loss=0.3785
    [train] iter 400/4443  loss=0.3606
    [train] iter 420/4443  loss=0.2714
    [train] iter 440/4443  loss=0.3878
    [train] iter 460/4443  loss=0.3012
    [train] iter 480/4443  loss=0.5735
    [train] iter 500/4443  loss=0.3877
    [train] iter 520/4443  loss=0.5009
    [train] iter 540/4443  loss=0.3216
    [train] iter 560/4443  loss=0.2971
    [train] iter 580/4443  loss=0.3012
    [train] iter 600/4443  loss=0.5253
    [train] iter 620/4443  loss=0.4443
    [train] iter 640/4443  loss=0.3375
    [train] iter 660/4443  loss=0.3608
    [train] iter 680/4443  loss=0.5305
    [train] iter 700/4443  loss=0.3981
    [train] iter 720/4443  loss=0.4263
    [train] iter 740/4443  loss=0.3801
    [train] iter 760/4443  loss=0.5430
    [train] iter 780/4443  loss=0.3114
    [train] iter 800/4443  loss=0.4195
    [train] iter 820/4443  loss=0.4830
    [train] iter 840/4443  loss=0.4305
    [train] iter 860/4443  loss=0.3900
    [train] iter 880/4443  loss=0.3791
    [train] iter 900/4443  loss=0.4161
    [train] iter 920/4443  loss=0.4897
    [train] iter 940/4443  loss=0.4230
    [train] iter 960/4443  loss=0.3792
    [train] iter 980/4443  loss=0.3085
    [train] iter 1000/4443  loss=0.4165
    [train] iter 1020/4443  loss=0.3872
    [train] iter 1040/4443  loss=0.6480
    [train] iter 1060/4443  loss=0.4588
    [train] iter 1080/4443  loss=0.3597
    [train] iter 1100/4443  loss=0.5031
    [train] iter 1120/4443  loss=0.3416
    [train] iter 1140/4443  loss=0.3860
    [train] iter 1160/4443  loss=0.4161
    [train] iter 1180/4443  loss=0.4685
    [train] iter 1200/4443  loss=0.5401
    [train] iter 1220/4443  loss=0.3222
    [train] iter 1240/4443  loss=0.4728
    [train] iter 1260/4443  loss=0.5516
    [train] iter 1280/4443  loss=0.3772
    [train] iter 1300/4443  loss=0.3583
    [train] iter 1320/4443  loss=0.5312
    [train] iter 1340/4443  loss=0.5342
    [train] iter 1360/4443  loss=0.4614
    [train] iter 1380/4443  loss=0.4564
    [train] iter 1400/4443  loss=0.4583
    [train] iter 1420/4443  loss=0.3443
    [train] iter 1440/4443  loss=0.4188
    [train] iter 1460/4443  loss=0.2830
    [train] iter 1480/4443  loss=0.3726
    [train] iter 1500/4443  loss=0.2460
    [train] iter 1520/4443  loss=0.5059
    [train] iter 1540/4443  loss=0.3690
    [train] iter 1560/4443  loss=0.3911
    [train] iter 1580/4443  loss=0.4051
    [train] iter 1600/4443  loss=0.4135
    [train] iter 1620/4443  loss=0.2778
    [train] iter 1640/4443  loss=0.3080
    [train] iter 1660/4443  loss=0.4513
    [train] iter 1680/4443  loss=0.3424
    [train] iter 1700/4443  loss=0.4058
    [train] iter 1720/4443  loss=0.3873
    [train] iter 1740/4443  loss=0.3609
    [train] iter 1760/4443  loss=0.3570
    [train] iter 1780/4443  loss=0.3253
    [train] iter 1800/4443  loss=0.3418
    [train] iter 1820/4443  loss=0.3909
    [train] iter 1840/4443  loss=0.4449
    [train] iter 1860/4443  loss=0.3569
    [train] iter 1880/4443  loss=0.3567
    [train] iter 1900/4443  loss=0.2736
    [train] iter 1920/4443  loss=0.5253
    [train] iter 1940/4443  loss=0.3600
    [train] iter 1960/4443  loss=0.4419
    [train] iter 1980/4443  loss=0.3967
    [train] iter 2000/4443  loss=0.3211
    [train] iter 2020/4443  loss=0.3974
    [train] iter 2040/4443  loss=0.5046
    [train] iter 2060/4443  loss=0.5836
    [train] iter 2080/4443  loss=0.4070
    [train] iter 2100/4443  loss=0.3993
    [train] iter 2120/4443  loss=0.3642
    [train] iter 2140/4443  loss=0.4232
    [train] iter 2160/4443  loss=0.3992
    [train] iter 2180/4443  loss=0.3450
    [train] iter 2200/4443  loss=0.4954
    [train] iter 2220/4443  loss=0.5177
    [train] iter 2240/4443  loss=0.4069
    [train] iter 2260/4443  loss=0.3954
    [train] iter 2280/4443  loss=0.2609
    [train] iter 2300/4443  loss=0.4566
    [train] iter 2320/4443  loss=0.4423
    [train] iter 2340/4443  loss=0.4609
    [train] iter 2360/4443  loss=0.4533
    [train] iter 2380/4443  loss=0.3565
    [train] iter 2400/4443  loss=0.3882
    [train] iter 2420/4443  loss=0.4443
    [train] iter 2440/4443  loss=0.5568
    [train] iter 2460/4443  loss=0.4864
    [train] iter 2480/4443  loss=0.5315
    [train] iter 2500/4443  loss=0.3447
    [train] iter 2520/4443  loss=0.5823
    [train] iter 2540/4443  loss=0.5351
    [train] iter 2560/4443  loss=0.4765
    [train] iter 2580/4443  loss=0.4294
    [train] iter 2600/4443  loss=0.5031
    [train] iter 2620/4443  loss=0.4655
    [train] iter 2640/4443  loss=0.4865
    [train] iter 2660/4443  loss=0.4528
    [train] iter 2680/4443  loss=0.3384
    [train] iter 2700/4443  loss=0.4538
    [train] iter 2720/4443  loss=0.4586
    [train] iter 2740/4443  loss=0.4797
    [train] iter 2760/4443  loss=0.3340
    [train] iter 2780/4443  loss=0.3277
    [train] iter 2800/4443  loss=0.3415
    [train] iter 2820/4443  loss=0.4810
    [train] iter 2840/4443  loss=0.3354
    [train] iter 2860/4443  loss=0.3782
    [train] iter 2880/4443  loss=0.4124
    [train] iter 2900/4443  loss=0.3367
    [train] iter 2920/4443  loss=0.4042
    [train] iter 2940/4443  loss=0.3850
    [train] iter 2960/4443  loss=0.3368
    [train] iter 2980/4443  loss=0.4753
    [train] iter 3000/4443  loss=0.4047
    [train] iter 3020/4443  loss=0.4410
    [train] iter 3040/4443  loss=0.3320
    [train] iter 3060/4443  loss=0.4873
    [train] iter 3080/4443  loss=0.4631
    [train] iter 3100/4443  loss=0.3840
    [train] iter 3120/4443  loss=0.4141
    [train] iter 3140/4443  loss=0.3386
    [train] iter 3160/4443  loss=0.3791
    [train] iter 3180/4443  loss=0.4080
    [train] iter 3200/4443  loss=0.4370
    [train] iter 3220/4443  loss=0.4448
    [train] iter 3240/4443  loss=0.3613
    [train] iter 3260/4443  loss=0.4273
    [train] iter 3280/4443  loss=0.3777
    [train] iter 3300/4443  loss=0.3892
    [train] iter 3320/4443  loss=0.4373
    [train] iter 3340/4443  loss=0.3285
    [train] iter 3360/4443  loss=0.3754
    [train] iter 3380/4443  loss=0.2714
    [train] iter 3400/4443  loss=0.3223
    [train] iter 3420/4443  loss=0.3955
    [train] iter 3440/4443  loss=0.3075
    [train] iter 3460/4443  loss=0.4086
    [train] iter 3480/4443  loss=0.3944
    [train] iter 3500/4443  loss=0.4951
    [train] iter 3520/4443  loss=0.4840
    [train] iter 3540/4443  loss=0.4032
    [train] iter 3560/4443  loss=0.4138
    [train] iter 3580/4443  loss=0.3415
    [train] iter 3600/4443  loss=0.3835
    [train] iter 3620/4443  loss=0.4635
    [train] iter 3640/4443  loss=0.3336
    [train] iter 3660/4443  loss=0.5265
    [train] iter 3680/4443  loss=0.3779
    [train] iter 3700/4443  loss=0.2976
    [train] iter 3720/4443  loss=0.3369
    [train] iter 3740/4443  loss=0.4018
    [train] iter 3760/4443  loss=0.4386
    [train] iter 3780/4443  loss=0.4601
    [train] iter 3800/4443  loss=0.4009
    [train] iter 3820/4443  loss=0.3859
    [train] iter 3840/4443  loss=0.2242
    [train] iter 3860/4443  loss=0.3235
    [train] iter 3880/4443  loss=0.3457
    [train] iter 3900/4443  loss=0.4009
    [train] iter 3920/4443  loss=0.4951
    [train] iter 3940/4443  loss=0.4238
    [train] iter 3960/4443  loss=0.4183
    [train] iter 3980/4443  loss=0.4522
    [train] iter 4000/4443  loss=0.4948
    [train] iter 4020/4443  loss=0.4064
    [train] iter 4040/4443  loss=0.3993
    [train] iter 4060/4443  loss=0.3799
    [train] iter 4080/4443  loss=0.3915
    [train] iter 4100/4443  loss=0.3311
    [train] iter 4120/4443  loss=0.3776
    [train] iter 4140/4443  loss=0.2887
    [train] iter 4160/4443  loss=0.4398
    [train] iter 4180/4443  loss=0.3560
    [train] iter 4200/4443  loss=0.4842
    [train] iter 4220/4443  loss=0.4327
    [train] iter 4240/4443  loss=0.3458
    [train] iter 4260/4443  loss=0.3981
    [train] iter 4280/4443  loss=0.3954
    [train] iter 4300/4443  loss=0.3524
    [train] iter 4320/4443  loss=0.4748
    [train] iter 4340/4443  loss=0.3492
    [train] iter 4360/4443  loss=0.4558
    [train] iter 4380/4443  loss=0.3522
    [train] iter 4400/4443  loss=0.3594
    [train] iter 4420/4443  loss=0.2981
    [train] iter 4440/4443  loss=0.4517
  train_loss=0.4060  val_loss=0.3925  val_dice=0.5829
  [best] val_dice=0.5829 已保存

--- Epoch 3/100 (lr=3.00e-04) ---
    [train] iter 20/4443  loss=0.5229
    [train] iter 40/4443  loss=0.3527
    [train] iter 60/4443  loss=0.2569
    [train] iter 80/4443  loss=0.4349
    [train] iter 100/4443  loss=0.3320
    [train] iter 120/4443  loss=0.4438
    [train] iter 140/4443  loss=0.3884
    [train] iter 160/4443  loss=0.4891
    [train] iter 180/4443  loss=0.5245
    [train] iter 200/4443  loss=0.4137
    [train] iter 220/4443  loss=0.3435
    [train] iter 240/4443  loss=0.2323
    [train] iter 260/4443  loss=0.3782
    [train] iter 280/4443  loss=0.5253
    [train] iter 300/4443  loss=0.4598
    [train] iter 320/4443  loss=0.3394
    [train] iter 340/4443  loss=0.3990
    [train] iter 360/4443  loss=0.3018
    [train] iter 380/4443  loss=0.4838
    [train] iter 400/4443  loss=0.3601
    [train] iter 420/4443  loss=0.3653
    [train] iter 440/4443  loss=0.4478
    [train] iter 460/4443  loss=0.4343
    [train] iter 480/4443  loss=0.4011
    [train] iter 500/4443  loss=0.3190
    [train] iter 520/4443  loss=0.4666
    [train] iter 540/4443  loss=0.3294
    [train] iter 560/4443  loss=0.4014
    [train] iter 580/4443  loss=0.4307
    [train] iter 600/4443  loss=0.5661
    [train] iter 620/4443  loss=0.3240
    [train] iter 640/4443  loss=0.4124
    [train] iter 660/4443  loss=0.3725
    [train] iter 680/4443  loss=0.4965
    [train] iter 700/4443  loss=0.2705
    [train] iter 720/4443  loss=0.4545
    [train] iter 740/4443  loss=0.5083
    [train] iter 760/4443  loss=0.3852
    [train] iter 780/4443  loss=0.3977
    [train] iter 800/4443  loss=0.5429
    [train] iter 820/4443  loss=0.3960
    [train] iter 840/4443  loss=0.3319
    [train] iter 860/4443  loss=0.4203
    [train] iter 880/4443  loss=0.4144
    [train] iter 900/4443  loss=0.2511
    [train] iter 920/4443  loss=0.3874
    [train] iter 940/4443  loss=0.4108
    [train] iter 960/4443  loss=0.4930
    [train] iter 980/4443  loss=0.5522
    [train] iter 1000/4443  loss=0.2854
    [train] iter 1020/4443  loss=0.2923
    [train] iter 1040/4443  loss=0.4780
    [train] iter 1060/4443  loss=0.3969
    [train] iter 1080/4443  loss=0.3659
    [train] iter 1100/4443  loss=0.3006
    [train] iter 1120/4443  loss=0.3466
    [train] iter 1140/4443  loss=0.4022
    [train] iter 1160/4443  loss=0.2259
    [train] iter 1180/4443  loss=0.4620
    [train] iter 1200/4443  loss=0.3651
    [train] iter 1220/4443  loss=0.3007
    [train] iter 1240/4443  loss=0.4958
    [train] iter 1260/4443  loss=0.3538
    [train] iter 1280/4443  loss=0.3651
    [train] iter 1300/4443  loss=0.4761
    [train] iter 1320/4443  loss=0.3258
    [train] iter 1340/4443  loss=0.4445
    [train] iter 1360/4443  loss=0.5266
    [train] iter 1380/4443  loss=0.3605
    [train] iter 1400/4443  loss=0.4460
    [train] iter 1420/4443  loss=0.4394
    [train] iter 1440/4443  loss=0.4311
    [train] iter 1460/4443  loss=0.3189
    [train] iter 1480/4443  loss=0.3792
    [train] iter 1500/4443  loss=0.4097
    [train] iter 1520/4443  loss=0.3199
    [train] iter 1540/4443  loss=0.4110
    [train] iter 1560/4443  loss=0.3958
    [train] iter 1580/4443  loss=0.4033
    [train] iter 1600/4443  loss=0.3250
    [train] iter 1620/4443  loss=0.3988
    [train] iter 1640/4443  loss=0.4450
    [train] iter 1660/4443  loss=0.2933
    [train] iter 1680/4443  loss=0.4556
    [train] iter 1700/4443  loss=0.4644
    [train] iter 1720/4443  loss=0.4742
    [train] iter 1740/4443  loss=0.4766
    [train] iter 1760/4443  loss=0.3961
    [train] iter 1780/4443  loss=0.4094
    [train] iter 1800/4443  loss=0.4002
    [train] iter 1820/4443  loss=0.4213
    [train] iter 1840/4443  loss=0.4073
    [train] iter 1860/4443  loss=0.4698
    [train] iter 1880/4443  loss=0.3973
    [train] iter 1900/4443  loss=0.5020
    [train] iter 1920/4443  loss=0.4159
    [train] iter 1940/4443  loss=0.3881
    [train] iter 1960/4443  loss=0.3022
    [train] iter 1980/4443  loss=0.3651
    [train] iter 2000/4443  loss=0.2250
    [train] iter 2020/4443  loss=0.4023
    [train] iter 2040/4443  loss=0.3192
    [train] iter 2060/4443  loss=0.3734
    [train] iter 2080/4443  loss=0.3707
    [train] iter 2100/4443  loss=0.3660
    [train] iter 2120/4443  loss=0.4221
    [train] iter 2140/4443  loss=0.2976
    [train] iter 2160/4443  loss=0.3151
    [train] iter 2180/4443  loss=0.2703
    [train] iter 2200/4443  loss=0.2688
    [train] iter 2220/4443  loss=0.4317
    [train] iter 2240/4443  loss=0.3887
    [train] iter 2260/4443  loss=0.4262
    [train] iter 2280/4443  loss=0.3953
    [train] iter 2300/4443  loss=0.5043
    [train] iter 2320/4443  loss=0.3286
    [train] iter 2340/4443  loss=0.3689
    [train] iter 2360/4443  loss=0.3795
    [train] iter 2380/4443  loss=0.4141
    [train] iter 2400/4443  loss=0.3141
    [train] iter 2420/4443  loss=0.5246
    [train] iter 2440/4443  loss=0.3553
    [train] iter 2460/4443  loss=0.3587
    [train] iter 2480/4443  loss=0.4742
    [train] iter 2500/4443  loss=0.3209
    [train] iter 2520/4443  loss=0.2575
    [train] iter 2540/4443  loss=0.3888
    [train] iter 2560/4443  loss=0.4271
    [train] iter 2580/4443  loss=0.4281
    [train] iter 2600/4443  loss=0.3062
    [train] iter 2620/4443  loss=0.3855
    [train] iter 2640/4443  loss=0.3449
    [train] iter 2660/4443  loss=0.3225
    [train] iter 2680/4443  loss=0.3491
    [train] iter 2700/4443  loss=0.5781
    [train] iter 2720/4443  loss=0.5039
    [train] iter 2740/4443  loss=0.4657
    [train] iter 2760/4443  loss=0.4250
    [train] iter 2780/4443  loss=0.3664
    [train] iter 2800/4443  loss=0.3967
    [train] iter 2820/4443  loss=0.4075
    [train] iter 2840/4443  loss=0.5585
    [train] iter 2860/4443  loss=0.3823
    [train] iter 2880/4443  loss=0.4301
    [train] iter 2900/4443  loss=0.3292
    [train] iter 2920/4443  loss=0.4444
    [train] iter 2940/4443  loss=0.2950
    [train] iter 2960/4443  loss=0.4470
    [train] iter 2980/4443  loss=0.2966
    [train] iter 3000/4443  loss=0.5531
    [train] iter 3020/4443  loss=0.4163
    [train] iter 3040/4443  loss=0.3194
    [train] iter 3060/4443  loss=0.4024
    [train] iter 3080/4443  loss=0.3670
    [train] iter 3100/4443  loss=0.4052
    [train] iter 3120/4443  loss=0.4412
    [train] iter 3140/4443  loss=0.4599
    [train] iter 3160/4443  loss=0.3605
    [train] iter 3180/4443  loss=0.4361
    [train] iter 3200/4443  loss=0.2914
    [train] iter 3220/4443  loss=0.3319
    [train] iter 3240/4443  loss=0.4127
    [train] iter 3260/4443  loss=0.4651
    [train] iter 3280/4443  loss=0.4332
    [train] iter 3300/4443  loss=0.3816
    [train] iter 3320/4443  loss=0.2931
    [train] iter 3340/4443  loss=0.4255
    [train] iter 3360/4443  loss=0.3973
    [train] iter 3380/4443  loss=0.4217
    [train] iter 3400/4443  loss=0.5019
    [train] iter 3420/4443  loss=0.3465
    [train] iter 3440/4443  loss=0.3901
    [train] iter 3460/4443  loss=0.3817
    [train] iter 3480/4443  loss=0.3641
    [train] iter 3500/4443  loss=0.3406
    [train] iter 3520/4443  loss=0.4094
    [train] iter 3540/4443  loss=0.3550
    [train] iter 3560/4443  loss=0.4360
    [train] iter 3580/4443  loss=0.3226
    [train] iter 3600/4443  loss=0.4993
    [train] iter 3620/4443  loss=0.2640
    [train] iter 3640/4443  loss=0.3496
    [train] iter 3660/4443  loss=0.3378
    [train] iter 3680/4443  loss=0.3394
    [train] iter 3700/4443  loss=0.4442
    [train] iter 3720/4443  loss=0.3186
    [train] iter 3740/4443  loss=0.4229
    [train] iter 3760/4443  loss=0.2873
    [train] iter 3780/4443  loss=0.3750
    [train] iter 3800/4443  loss=0.3439
    [train] iter 3820/4443  loss=0.3334
    [train] iter 3840/4443  loss=0.2832
    [train] iter 3860/4443  loss=0.4728
    [train] iter 3880/4443  loss=0.4434
    [train] iter 3900/4443  loss=0.4883
    [train] iter 3920/4443  loss=0.4037
    [train] iter 3940/4443  loss=0.3396
    [train] iter 3960/4443  loss=0.4443
    [train] iter 3980/4443  loss=0.4532
    [train] iter 4000/4443  loss=0.4627
    [train] iter 4020/4443  loss=0.2857
    [train] iter 4040/4443  loss=0.3954
    [train] iter 4060/4443  loss=0.4054
    [train] iter 4080/4443  loss=0.3756
    [train] iter 4100/4443  loss=0.4515
    [train] iter 4120/4443  loss=0.3761
    [train] iter 4140/4443  loss=0.3594
    [train] iter 4160/4443  loss=0.4312
    [train] iter 4180/4443  loss=0.3187
    [train] iter 4200/4443  loss=0.2754
    [train] iter 4220/4443  loss=0.3173
    [train] iter 4240/4443  loss=0.4029
    [train] iter 4260/4443  loss=0.3788
    [train] iter 4280/4443  loss=0.5787
    [train] iter 4300/4443  loss=0.4104
    [train] iter 4320/4443  loss=0.4145
    [train] iter 4340/4443  loss=0.3818
    [train] iter 4360/4443  loss=0.2427
    [train] iter 4380/4443  loss=0.3595
    [train] iter 4400/4443  loss=0.4971
    [train] iter 4420/4443  loss=0.3250
    [train] iter 4440/4443  loss=0.4363
  train_loss=0.3913  val_loss=0.3893  val_dice=0.6561
  [best] val_dice=0.6561 已保存

--- Epoch 4/100 (lr=2.99e-04) ---
    [train] iter 20/4443  loss=0.5384
    [train] iter 40/4443  loss=0.4443
    [train] iter 60/4443  loss=0.3529
    [train] iter 80/4443  loss=0.3935
    [train] iter 100/4443  loss=0.3453
    [train] iter 120/4443  loss=0.3378
    [train] iter 140/4443  loss=0.4455
    [train] iter 160/4443  loss=0.5311
    [train] iter 180/4443  loss=0.2392
    [train] iter 200/4443  loss=0.4938
    [train] iter 220/4443  loss=0.5485
    [train] iter 240/4443  loss=0.3308
    [train] iter 260/4443  loss=0.4550
    [train] iter 280/4443  loss=0.4151
    [train] iter 300/4443  loss=0.3601
    [train] iter 320/4443  loss=0.4120
    [train] iter 340/4443  loss=0.2396
    [train] iter 360/4443  loss=0.4669
    [train] iter 380/4443  loss=0.2927
    [train] iter 400/4443  loss=0.2923
    [train] iter 420/4443  loss=0.3095
    [train] iter 440/4443  loss=0.2810
    [train] iter 460/4443  loss=0.3704
    [train] iter 480/4443  loss=0.4191
    [train] iter 500/4443  loss=0.3225
    [train] iter 520/4443  loss=0.3982
    [train] iter 540/4443  loss=0.2180
    [train] iter 560/4443  loss=0.3285
    [train] iter 580/4443  loss=0.3052
    [train] iter 600/4443  loss=0.4021
    [train] iter 620/4443  loss=0.4640
    [train] iter 640/4443  loss=0.4161
    [train] iter 660/4443  loss=0.3638
    [train] iter 680/4443  loss=0.4502
    [train] iter 700/4443  loss=0.2937
    [train] iter 720/4443  loss=0.3758
    [train] iter 740/4443  loss=0.3287
    [train] iter 760/4443  loss=0.3066
    [train] iter 780/4443  loss=0.4098
    [train] iter 800/4443  loss=0.4296
    [train] iter 820/4443  loss=0.3525
    [train] iter 840/4443  loss=0.3330
    [train] iter 860/4443  loss=0.2552
    [train] iter 880/4443  loss=0.2786
    [train] iter 900/4443  loss=0.4065
    [train] iter 920/4443  loss=0.4428
    [train] iter 940/4443  loss=0.4001
    [train] iter 960/4443  loss=0.4313
    [train] iter 980/4443  loss=0.3218
    [train] iter 1000/4443  loss=0.4048
    [train] iter 1020/4443  loss=0.2853
    [train] iter 1040/4443  loss=0.3616
    [train] iter 1060/4443  loss=0.4650
    [train] iter 1080/4443  loss=0.3371
    [train] iter 1100/4443  loss=0.3445
    [train] iter 1120/4443  loss=0.3034
    [train] iter 1140/4443  loss=0.3466
    [train] iter 1160/4443  loss=0.3351
    [train] iter 1180/4443  loss=0.4914
    [train] iter 1200/4443  loss=0.4291
    [train] iter 1220/4443  loss=0.4537
    [train] iter 1240/4443  loss=0.4163
    [train] iter 1260/4443  loss=0.2591
    [train] iter 1280/4443  loss=0.4845
    [train] iter 1300/4443  loss=0.3391
    [train] iter 1320/4443  loss=0.4361
    [train] iter 1340/4443  loss=0.4148
    [train] iter 1360/4443  loss=0.4047
    [train] iter 1380/4443  loss=0.3833
    [train] iter 1400/4443  loss=0.2870
    [train] iter 1420/4443  loss=0.6177
    [train] iter 1440/4443  loss=0.3620
    [train] iter 1460/4443  loss=0.3268
    [train] iter 1480/4443  loss=0.3798
    [train] iter 1500/4443  loss=0.4871
    [train] iter 1520/4443  loss=0.3558
    [train] iter 1540/4443  loss=0.4494
    [train] iter 1560/4443  loss=0.3652
    [train] iter 1580/4443  loss=0.5544
    [train] iter 1600/4443  loss=0.4595
    [train] iter 1620/4443  loss=0.4635
    [train] iter 1640/4443  loss=0.3882
    [train] iter 1660/4443  loss=0.4058
    [train] iter 1680/4443  loss=0.3601
    [train] iter 1700/4443  loss=0.3229
    [train] iter 1720/4443  loss=0.3416
    [train] iter 1740/4443  loss=0.2585
    [train] iter 1760/4443  loss=0.4036
    [train] iter 1780/4443  loss=0.3450
    [train] iter 1800/4443  loss=0.3894
    [train] iter 1820/4443  loss=0.4747
    [train] iter 1840/4443  loss=0.4272
    [train] iter 1860/4443  loss=0.3486
    [train] iter 1880/4443  loss=0.3576
    [train] iter 1900/4443  loss=0.4269
    [train] iter 1920/4443  loss=0.3643
    [train] iter 1940/4443  loss=0.3308
    [train] iter 1960/4443  loss=0.2759
    [train] iter 1980/4443  loss=0.3103
    [train] iter 2000/4443  loss=0.2438
    [train] iter 2020/4443  loss=0.3702
    [train] iter 2040/4443  loss=0.3288
    [train] iter 2060/4443  loss=0.4368
    [train] iter 2080/4443  loss=0.3886
    [train] iter 2100/4443  loss=0.3939
    [train] iter 2120/4443  loss=0.2424
    [train] iter 2140/4443  loss=0.4535
    [train] iter 2160/4443  loss=0.3370
    [train] iter 2180/4443  loss=0.3811
    [train] iter 2200/4443  loss=0.3658
    [train] iter 2220/4443  loss=0.3195
    [train] iter 2240/4443  loss=0.3325
    [train] iter 2260/4443  loss=0.3206
    [train] iter 2280/4443  loss=0.4135
    [train] iter 2300/4443  loss=0.3029
    [train] iter 2320/4443  loss=0.4232
    [train] iter 2340/4443  loss=0.3932
    [train] iter 2360/4443  loss=0.3591
    [train] iter 2380/4443  loss=0.4363
    [train] iter 2400/4443  loss=0.4064
    [train] iter 2420/4443  loss=0.3202
    [train] iter 2440/4443  loss=0.3311
    [train] iter 2460/4443  loss=0.4037
    [train] iter 2480/4443  loss=0.4046
    [train] iter 2500/4443  loss=0.4056
    [train] iter 2520/4443  loss=0.3682
    [train] iter 2540/4443  loss=0.3782
    [train] iter 2560/4443  loss=0.3897
    [train] iter 2580/4443  loss=0.2697
    [train] iter 2600/4443  loss=0.3934
    [train] iter 2620/4443  loss=0.4216
    [train] iter 2640/4443  loss=0.4126
    [train] iter 2660/4443  loss=0.5013
    [train] iter 2680/4443  loss=0.3960
    [train] iter 2700/4443  loss=0.3402
    [train] iter 2720/4443  loss=0.4339
    [train] iter 2740/4443  loss=0.3655
    [train] iter 2760/4443  loss=0.4147
    [train] iter 2780/4443  loss=0.3537
    [train] iter 2800/4443  loss=0.3265
    [train] iter 2820/4443  loss=0.3060
    [train] iter 2840/4443  loss=0.4299
    [train] iter 2860/4443  loss=0.3604
    [train] iter 2880/4443  loss=0.3107
    [train] iter 2900/4443  loss=0.4509
    [train] iter 2920/4443  loss=0.3775
    [train] iter 2940/4443  loss=0.2028
    [train] iter 2960/4443  loss=0.5200
    [train] iter 2980/4443  loss=0.2941
    [train] iter 3000/4443  loss=0.5857
    [train] iter 3020/4443  loss=0.3622
    [train] iter 3040/4443  loss=0.2854
    [train] iter 3060/4443  loss=0.4319
    [train] iter 3080/4443  loss=0.4335
    [train] iter 3100/4443  loss=0.3527
    [train] iter 3120/4443  loss=0.3621
    [train] iter 3140/4443  loss=0.3463
    [train] iter 3160/4443  loss=0.3052
    [train] iter 3180/4443  loss=0.3873
    [train] iter 3200/4443  loss=0.4880
    [train] iter 3220/4443  loss=0.2808
    [train] iter 3240/4443  loss=0.4020
    [train] iter 3260/4443  loss=0.3492
    [train] iter 3280/4443  loss=0.4113
    [train] iter 3300/4443  loss=0.3683
    [train] iter 3320/4443  loss=0.2649
    [train] iter 3340/4443  loss=0.3656
    [train] iter 3360/4443  loss=0.2938
    [train] iter 3380/4443  loss=0.3964
    [train] iter 3400/4443  loss=0.2792
    [train] iter 3420/4443  loss=0.3974
    [train] iter 3440/4443  loss=0.4390
    [train] iter 3460/4443  loss=0.4519
    [train] iter 3480/4443  loss=0.4075
    [train] iter 3500/4443  loss=0.4196
    [train] iter 3520/4443  loss=0.5117
    [train] iter 3540/4443  loss=0.3478
    [train] iter 3560/4443  loss=0.4007
    [train] iter 3580/4443  loss=0.3807
    [train] iter 3600/4443  loss=0.4635
    [train] iter 3620/4443  loss=0.2803
    [train] iter 3640/4443  loss=0.4105
    [train] iter 3660/4443  loss=0.4554
    [train] iter 3680/4443  loss=0.4305
    [train] iter 3700/4443  loss=0.3437
    [train] iter 3720/4443  loss=0.3654
    [train] iter 3740/4443  loss=0.3680
    [train] iter 3760/4443  loss=0.4125
    [train] iter 3780/4443  loss=0.3877
    [train] iter 3800/4443  loss=0.4493
    [train] iter 3820/4443  loss=0.3835
    [train] iter 3840/4443  loss=0.4175
    [train] iter 3860/4443  loss=0.2833
    [train] iter 3880/4443  loss=0.4660
    [train] iter 3900/4443  loss=0.3483
    [train] iter 3920/4443  loss=0.4932
    [train] iter 3940/4443  loss=0.3373
    [train] iter 3960/4443  loss=0.3013
    [train] iter 3980/4443  loss=0.3289
    [train] iter 4000/4443  loss=0.3300
    [train] iter 4020/4443  loss=0.4567
    [train] iter 4040/4443  loss=0.3754
    [train] iter 4060/4443  loss=0.3005
    [train] iter 4080/4443  loss=0.3818
    [train] iter 4100/4443  loss=0.4735
    [train] iter 4120/4443  loss=0.3381
    [train] iter 4140/4443  loss=0.2812
    [train] iter 4160/4443  loss=0.5160
    [train] iter 4180/4443  loss=0.2542
    [train] iter 4200/4443  loss=0.4518
    [train] iter 4220/4443  loss=0.5042
    [train] iter 4240/4443  loss=0.3423
    [train] iter 4260/4443  loss=0.3569
    [train] iter 4280/4443  loss=0.4249
    [train] iter 4300/4443  loss=0.3663
    [train] iter 4320/4443  loss=0.4399
    [train] iter 4340/4443  loss=0.3544
    [train] iter 4360/4443  loss=0.4222
    [train] iter 4380/4443  loss=0.3371
    [train] iter 4400/4443  loss=0.3847
    [train] iter 4420/4443  loss=0.4440
    [train] iter 4440/4443  loss=0.3958
  train_loss=0.3808  val_loss=0.3782  val_dice=0.6086

--- Epoch 5/100 (lr=2.99e-04) ---
    [train] iter 20/4443  loss=0.2972
    [train] iter 40/4443  loss=0.4230
    [train] iter 60/4443  loss=0.4585
    [train] iter 80/4443  loss=0.3423
    [train] iter 100/4443  loss=0.4042
    [train] iter 120/4443  loss=0.2540
    [train] iter 140/4443  loss=0.4338
    [train] iter 160/4443  loss=0.3375
    [train] iter 180/4443  loss=0.3033
    [train] iter 200/4443  loss=0.4065
    [train] iter 220/4443  loss=0.2367
    [train] iter 240/4443  loss=0.4020
    [train] iter 260/4443  loss=0.3492
    [train] iter 280/4443  loss=0.3972
    [train] iter 300/4443  loss=0.2734
    [train] iter 320/4443  loss=0.4182
    [train] iter 340/4443  loss=0.4805
    [train] iter 360/4443  loss=0.4696
    [train] iter 380/4443  loss=0.4306
    [train] iter 400/4443  loss=0.4067
    [train] iter 420/4443  loss=0.4569
    [train] iter 440/4443  loss=0.4055
    [train] iter 460/4443  loss=0.3285
    [train] iter 480/4443  loss=0.4450
    [train] iter 500/4443  loss=0.2920
    [train] iter 520/4443  loss=0.3325
    [train] iter 540/4443  loss=0.4090
    [train] iter 560/4443  loss=0.2934
    [train] iter 580/4443  loss=0.3715
    [train] iter 600/4443  loss=0.3866
    [train] iter 620/4443  loss=0.3352
    [train] iter 640/4443  loss=0.3068
    [train] iter 660/4443  loss=0.2795
    [train] iter 680/4443  loss=0.3454
    [train] iter 700/4443  loss=0.3515
    [train] iter 720/4443  loss=0.3006
    [train] iter 740/4443  loss=0.3188
    [train] iter 760/4443  loss=0.4083
    [train] iter 780/4443  loss=0.3835
    [train] iter 800/4443  loss=0.3503
    [train] iter 820/4443  loss=0.3739
    [train] iter 840/4443  loss=0.2969
    [train] iter 860/4443  loss=0.3738
    [train] iter 880/4443  loss=0.3196
    [train] iter 900/4443  loss=0.4129
    [train] iter 920/4443  loss=0.2744
    [train] iter 940/4443  loss=0.3634
    [train] iter 960/4443  loss=0.3283
    [train] iter 980/4443  loss=0.3342
    [train] iter 1000/4443  loss=0.3177
    [train] iter 1020/4443  loss=0.2573
    [train] iter 1040/4443  loss=0.4804
    [train] iter 1060/4443  loss=0.5593
    [train] iter 1080/4443  loss=0.4759
    [train] iter 1100/4443  loss=0.3122
    [train] iter 1120/4443  loss=0.3056
    [train] iter 1140/4443  loss=0.1857
    [train] iter 1160/4443  loss=0.3718
    [train] iter 1180/4443  loss=0.1775
    [train] iter 1200/4443  loss=0.1986
    [train] iter 1220/4443  loss=0.2779
    [train] iter 1240/4443  loss=0.3217
    [train] iter 1260/4443  loss=0.4933
    [train] iter 1280/4443  loss=0.2953
    [train] iter 1300/4443  loss=0.2519
    [train] iter 1320/4443  loss=0.2008
    [train] iter 1340/4443  loss=0.3420
    [train] iter 1360/4443  loss=0.1863
    [train] iter 1380/4443  loss=0.3316
    [train] iter 1400/4443  loss=0.1546
    [train] iter 1420/4443  loss=0.2166
    [train] iter 1440/4443  loss=0.3597
    [train] iter 1460/4443  loss=0.1943
    [train] iter 1480/4443  loss=0.2955
    [train] iter 1500/4443  loss=0.2657
    [train] iter 1520/4443  loss=0.2031
    [train] iter 1540/4443  loss=0.3518
    [train] iter 1560/4443  loss=0.1929
    [train] iter 1580/4443  loss=0.4994
    [train] iter 1600/4443  loss=0.1719
    [train] iter 1620/4443  loss=0.2981
    [train] iter 1640/4443  loss=0.1788
    [train] iter 1660/4443  loss=0.3069
    [train] iter 1680/4443  loss=0.3186
    [train] iter 1700/4443  loss=0.3471
    [train] iter 1720/4443  loss=0.1843
    [train] iter 1740/4443  loss=0.3384
    [train] iter 1760/4443  loss=0.1869
    [train] iter 1780/4443  loss=0.2936
    [train] iter 1800/4443  loss=0.3406
    [train] iter 1820/4443  loss=0.3076
    [train] iter 1840/4443  loss=0.2010
    [train] iter 1860/4443  loss=0.2760
    [train] iter 1880/4443  loss=0.1781
    [train] iter 1900/4443  loss=0.3381
    [train] iter 1920/4443  loss=0.1536
    [train] iter 1940/4443  loss=0.3078
    [train] iter 1960/4443  loss=0.3086
    [train] iter 1980/4443  loss=0.1758
    [train] iter 2000/4443  loss=0.1703
    [train] iter 2020/4443  loss=0.1442
    [train] iter 2040/4443  loss=0.3130
    [train] iter 2060/4443  loss=0.2720
    [train] iter 2080/4443  loss=0.3397
    [train] iter 2100/4443  loss=0.2770
    [train] iter 2120/4443  loss=0.4293
    [train] iter 2140/4443  loss=0.1708
    [train] iter 2160/4443  loss=0.1718
    [train] iter 2180/4443  loss=0.2910
    [train] iter 2200/4443  loss=0.3363
    [train] iter 2220/4443  loss=0.3223
    [train] iter 2240/4443  loss=0.3576
    [train] iter 2260/4443  loss=0.2674
    [train] iter 2280/4443  loss=0.2195
    [train] iter 2300/4443  loss=0.3317
    [train] iter 2320/4443  loss=0.2401
    [train] iter 2340/4443  loss=0.2472
    [train] iter 2360/4443  loss=0.2579
    [train] iter 2380/4443  loss=0.3377
    [train] iter 2400/4443  loss=0.1694
    [train] iter 2420/4443  loss=0.2990
    [train] iter 2440/4443  loss=0.3593
    [train] iter 2460/4443  loss=0.2156
    [train] iter 2480/4443  loss=0.1643
    [train] iter 2500/4443  loss=0.2834
    [train] iter 2520/4443  loss=0.2736
    [train] iter 2540/4443  loss=0.3559
    [train] iter 2560/4443  loss=0.1320
    [train] iter 2580/4443  loss=0.1132
    [train] iter 2600/4443  loss=0.2955
    [train] iter 2620/4443  loss=0.1933
    [train] iter 2640/4443  loss=0.2293
    [train] iter 2660/4443  loss=0.2709
    [train] iter 2680/4443  loss=0.4891
    [train] iter 2700/4443  loss=0.1844
    [train] iter 2720/4443  loss=0.3024
    [train] iter 2740/4443  loss=0.3513
    [train] iter 2760/4443  loss=0.3994
    [train] iter 2780/4443  loss=0.2152
    [train] iter 2800/4443  loss=0.2929
    [train] iter 2820/4443  loss=0.1294
    [train] iter 2840/4443  loss=0.2658
    [train] iter 2860/4443  loss=0.2268
    [train] iter 2880/4443  loss=0.2255
    [train] iter 2900/4443  loss=0.2165
    [train] iter 2920/4443  loss=0.1859
    [train] iter 2940/4443  loss=0.4279
    [train] iter 2960/4443  loss=0.3539
    [train] iter 2980/4443  loss=0.3138
    [train] iter 3000/4443  loss=0.2607
    [train] iter 3020/4443  loss=0.2131
    [train] iter 3040/4443  loss=0.2523
    [train] iter 3060/4443  loss=0.2781
    [train] iter 3080/4443  loss=0.1993
    [train] iter 3100/4443  loss=0.1561
    [train] iter 3120/4443  loss=0.3068
    [train] iter 3140/4443  loss=0.3027
    [train] iter 3160/4443  loss=0.2151
    [train] iter 3180/4443  loss=0.2428
    [train] iter 3200/4443  loss=0.2637
    [train] iter 3220/4443  loss=0.3502
    [train] iter 3240/4443  loss=0.2802
    [train] iter 3260/4443  loss=0.2355
    [train] iter 3280/4443  loss=0.2431
    [train] iter 3300/4443  loss=0.1737
    [train] iter 3320/4443  loss=0.3101
    [train] iter 3340/4443  loss=0.1713
    [train] iter 3360/4443  loss=0.2554
    [train] iter 3380/4443  loss=0.1686
    [train] iter 3400/4443  loss=0.2517
    [train] iter 3420/4443  loss=0.3220
    [train] iter 3440/4443  loss=0.3557
    [train] iter 3460/4443  loss=0.2370
    [train] iter 3480/4443  loss=0.2475
    [train] iter 3500/4443  loss=0.3205
    [train] iter 3520/4443  loss=0.3914
    [train] iter 3540/4443  loss=0.2957
    [train] iter 3560/4443  loss=0.2000
    [train] iter 3580/4443  loss=0.2267
    [train] iter 3600/4443  loss=0.3973
    [train] iter 3620/4443  loss=0.2403
    [train] iter 3640/4443  loss=0.2856
    [train] iter 3660/4443  loss=0.2023
    [train] iter 3680/4443  loss=0.1098
    [train] iter 3700/4443  loss=0.3821
    [train] iter 3720/4443  loss=0.2890
    [train] iter 3740/4443  loss=0.1802
    [train] iter 3760/4443  loss=0.2819
    [train] iter 3780/4443  loss=0.2921
    [train] iter 3800/4443  loss=0.2250
    [train] iter 3820/4443  loss=0.1652
    [train] iter 3840/4443  loss=0.1675
    [train] iter 3860/4443  loss=0.2271
    [train] iter 3880/4443  loss=0.3462
    [train] iter 3900/4443  loss=0.1153
    [train] iter 3920/4443  loss=0.1218
    [train] iter 3940/4443  loss=0.3746
    [train] iter 3960/4443  loss=0.3278
    [train] iter 3980/4443  loss=0.1465
    [train] iter 4000/4443  loss=0.3550
    [train] iter 4020/4443  loss=0.3233
    [train] iter 4040/4443  loss=0.1342
    [train] iter 4060/4443  loss=0.3327
    [train] iter 4080/4443  loss=0.3011
    [train] iter 4100/4443  loss=0.2269
    [train] iter 4120/4443  loss=0.2594
    [train] iter 4140/4443  loss=0.1547
    [train] iter 4160/4443  loss=0.1612
    [train] iter 4180/4443  loss=0.1925
    [train] iter 4200/4443  loss=0.1854
    [train] iter 4220/4443  loss=0.2602
    [train] iter 4240/4443  loss=0.2310
    [train] iter 4260/4443  loss=0.3371
    [train] iter 4280/4443  loss=0.2235
    [train] iter 4300/4443  loss=0.2954
    [train] iter 4320/4443  loss=0.2888
    [train] iter 4340/4443  loss=0.2605
    [train] iter 4360/4443  loss=0.1128
    [train] iter 4380/4443  loss=0.2665
    [train] iter 4400/4443  loss=0.2593
    [train] iter 4420/4443  loss=0.1634
    [train] iter 4440/4443  loss=0.3261
  train_loss=0.2865  val_loss=0.2370  val_dice=0.7366
  [best] val_dice=0.7366 已保存

--- Epoch 6/100 (lr=2.98e-04) ---
    [train] iter 20/4443  loss=0.3198
    [train] iter 40/4443  loss=0.2696
    [train] iter 60/4443  loss=0.2649
    [train] iter 80/4443  loss=0.2490
    [train] iter 100/4443  loss=0.1930
    [train] iter 120/4443  loss=0.2713
    [train] iter 140/4443  loss=0.1616
    [train] iter 160/4443  loss=0.1659
    [train] iter 180/4443  loss=0.1800
    [train] iter 200/4443  loss=0.2271
    [train] iter 220/4443  loss=0.1908
    [train] iter 240/4443  loss=0.3042
    [train] iter 260/4443  loss=0.3793
    [train] iter 280/4443  loss=0.1892
    [train] iter 300/4443  loss=0.2331
    [train] iter 320/4443  loss=0.3622
    [train] iter 340/4443  loss=0.3119
    [train] iter 360/4443  loss=0.2269
    [train] iter 380/4443  loss=0.1698
    [train] iter 400/4443  loss=0.1273
    [train] iter 420/4443  loss=0.2974
    [train] iter 440/4443  loss=0.3055
    [train] iter 460/4443  loss=0.1926
    [train] iter 480/4443  loss=0.2742
    [train] iter 500/4443  loss=0.2470
    [train] iter 520/4443  loss=0.1876
    [train] iter 540/4443  loss=0.1970
    [train] iter 560/4443  loss=0.1442
    [train] iter 580/4443  loss=0.2072
    [train] iter 600/4443  loss=0.1151
    [train] iter 620/4443  loss=0.1577
    [train] iter 640/4443  loss=0.2824
    [train] iter 660/4443  loss=0.2128
    [train] iter 680/4443  loss=0.2090
    [train] iter 700/4443  loss=0.2672
    [train] iter 720/4443  loss=0.3763
    [train] iter 740/4443  loss=0.4193
    [train] iter 760/4443  loss=0.1874
    [train] iter 780/4443  loss=0.4456
    [train] iter 800/4443  loss=0.1422
    [train] iter 820/4443  loss=0.2286
    [train] iter 840/4443  loss=0.2469
    [train] iter 860/4443  loss=0.2375
    [train] iter 880/4443  loss=0.3148
    [train] iter 900/4443  loss=0.3429
    [train] iter 920/4443  loss=0.2025
    [train] iter 940/4443  loss=0.2302
    [train] iter 960/4443  loss=0.2073
    [train] iter 980/4443  loss=0.2102
    [train] iter 1000/4443  loss=0.2709
    [train] iter 1020/4443  loss=0.2796
    [train] iter 1040/4443  loss=0.1336
    [train] iter 1060/4443  loss=0.2897
    [train] iter 1080/4443  loss=0.1758
    [train] iter 1100/4443  loss=0.3239
    [train] iter 1120/4443  loss=0.2266
    [train] iter 1140/4443  loss=0.1637
    [train] iter 1160/4443  loss=0.1946
    [train] iter 1180/4443  loss=0.2399
    [train] iter 1200/4443  loss=0.2340
    [train] iter 1220/4443  loss=0.2618
    [train] iter 1240/4443  loss=0.1888
    [train] iter 1260/4443  loss=0.1771
    [train] iter 1280/4443  loss=0.2257
    [train] iter 1300/4443  loss=0.2776
    [train] iter 1320/4443  loss=0.2259
    [train] iter 1340/4443  loss=0.2316
    [train] iter 1360/4443  loss=0.1437
    [train] iter 1380/4443  loss=0.2746
    [train] iter 1400/4443  loss=0.1629
    [train] iter 1420/4443  loss=0.2165
    [train] iter 1440/4443  loss=0.1900
    [train] iter 1460/4443  loss=0.2844
    [train] iter 1480/4443  loss=0.1859
    [train] iter 1500/4443  loss=0.3187
    [train] iter 1520/4443  loss=0.3813
    [train] iter 1540/4443  loss=0.1984
    [train] iter 1560/4443  loss=0.1784
    [train] iter 1580/4443  loss=0.2880
    [train] iter 1600/4443  loss=0.2189
    [train] iter 1620/4443  loss=0.2944
    [train] iter 1640/4443  loss=0.2663
    [train] iter 1660/4443  loss=0.1650
    [train] iter 1680/4443  loss=0.3290
    [train] iter 1700/4443  loss=0.2617
    [train] iter 1720/4443  loss=0.2746
    [train] iter 1740/4443  loss=0.2374
    [train] iter 1760/4443  loss=0.2054
    [train] iter 1780/4443  loss=0.3037
    [train] iter 1800/4443  loss=0.3032
    [train] iter 1820/4443  loss=0.1444
    [train] iter 1840/4443  loss=0.1530
    [train] iter 1860/4443  loss=0.2593
    [train] iter 1880/4443  loss=0.1619
    [train] iter 1900/4443  loss=0.2518
    [train] iter 1920/4443  loss=0.1811
    [train] iter 1940/4443  loss=0.2255
    [train] iter 1960/4443  loss=0.3086
    [train] iter 1980/4443  loss=0.2519
    [train] iter 2000/4443  loss=0.1976
    [train] iter 2020/4443  loss=0.1761
    [train] iter 2040/4443  loss=0.2785
    [train] iter 2060/4443  loss=0.2555
    [train] iter 2080/4443  loss=0.3259
    [train] iter 2100/4443  loss=0.2768
    [train] iter 2120/4443  loss=0.2280
    [train] iter 2140/4443  loss=0.1337
    [train] iter 2160/4443  loss=0.1996
    [train] iter 2180/4443  loss=0.2084
    [train] iter 2200/4443  loss=0.1777
    [train] iter 2220/4443  loss=0.2038
    [train] iter 2240/4443  loss=0.2648
    [train] iter 2260/4443  loss=0.1962
    [train] iter 2280/4443  loss=0.2526
    [train] iter 2300/4443  loss=0.2364
    [train] iter 2320/4443  loss=0.3375
    [train] iter 2340/4443  loss=0.2021
    [train] iter 2360/4443  loss=0.1028
    [train] iter 2380/4443  loss=0.2537
    [train] iter 2400/4443  loss=0.3135
    [train] iter 2420/4443  loss=0.2718
    [train] iter 2440/4443  loss=0.1322
    [train] iter 2460/4443  loss=0.2255
    [train] iter 2480/4443  loss=0.1342
    [train] iter 2500/4443  loss=0.2034
    [train] iter 2520/4443  loss=0.1916
    [train] iter 2540/4443  loss=0.3264
    [train] iter 2560/4443  loss=0.1382
    [train] iter 2580/4443  loss=0.3610
    [train] iter 2600/4443  loss=0.2179
    [train] iter 2620/4443  loss=0.1412
    [train] iter 2640/4443  loss=0.2670
    [train] iter 2660/4443  loss=0.2340
    [train] iter 2680/4443  loss=0.1174
    [train] iter 2700/4443  loss=0.1463
    [train] iter 2720/4443  loss=0.1862
    [train] iter 2740/4443  loss=0.2004
    [train] iter 2760/4443  loss=0.2524
    [train] iter 2780/4443  loss=0.1418
    [train] iter 2800/4443  loss=0.1999
    [train] iter 2820/4443  loss=0.1575
    [train] iter 2840/4443  loss=0.2957
    [train] iter 2860/4443  loss=0.2621
    [train] iter 2880/4443  loss=0.1516
    [train] iter 2900/4443  loss=0.2467
    [train] iter 2920/4443  loss=0.3226
    [train] iter 2940/4443  loss=0.1351
    [train] iter 2960/4443  loss=0.2470
    [train] iter 2980/4443  loss=0.2627
    [train] iter 3000/4443  loss=0.1342
    [train] iter 3020/4443  loss=0.3459
    [train] iter 3040/4443  loss=0.3084
    [train] iter 3060/4443  loss=0.3048
    [train] iter 3080/4443  loss=0.2355
    [train] iter 3100/4443  loss=0.3204
    [train] iter 3120/4443  loss=0.4381
    [train] iter 3140/4443  loss=0.2765
    [train] iter 3160/4443  loss=0.1804
    [train] iter 3180/4443  loss=0.2073
    [train] iter 3200/4443  loss=0.1797
    [train] iter 3220/4443  loss=0.1781
    [train] iter 3240/4443  loss=0.2289
    [train] iter 3260/4443  loss=0.1440
    [train] iter 3280/4443  loss=0.3491
    [train] iter 3300/4443  loss=0.1992
    [train] iter 3320/4443  loss=0.2299
    [train] iter 3340/4443  loss=0.3562
    [train] iter 3360/4443  loss=0.2749
    [train] iter 3380/4443  loss=0.1881
    [train] iter 3400/4443  loss=0.2139
    [train] iter 3420/4443  loss=0.2961
    [train] iter 3440/4443  loss=0.3615
    [train] iter 3460/4443  loss=0.3250
    [train] iter 3480/4443  loss=0.2760
    [train] iter 3500/4443  loss=0.3346
    [train] iter 3520/4443  loss=0.2632
    [train] iter 3540/4443  loss=0.2870
    [train] iter 3560/4443  loss=0.1390
    [train] iter 3580/4443  loss=0.2947
    [train] iter 3600/4443  loss=0.2399
    [train] iter 3620/4443  loss=0.3035
    [train] iter 3640/4443  loss=0.1370
    [train] iter 3660/4443  loss=0.1988
    [train] iter 3680/4443  loss=0.3029
    [train] iter 3700/4443  loss=0.3718
    [train] iter 3720/4443  loss=0.3114
    [train] iter 3740/4443  loss=0.2512
    [train] iter 3760/4443  loss=0.1742
    [train] iter 3780/4443  loss=0.1424
    [train] iter 3800/4443  loss=0.1958
    [train] iter 3820/4443  loss=0.2516
    [train] iter 3840/4443  loss=0.2742
    [train] iter 3860/4443  loss=0.2708
    [train] iter 3880/4443  loss=0.2417
    [train] iter 3900/4443  loss=0.4791
    [train] iter 3920/4443  loss=0.1170
    [train] iter 3940/4443  loss=0.2460
    [train] iter 3960/4443  loss=0.3103
    [train] iter 3980/4443  loss=0.3476
    [train] iter 4000/4443  loss=0.2126
    [train] iter 4020/4443  loss=0.4362
    [train] iter 4040/4443  loss=0.1551
    [train] iter 4060/4443  loss=0.2255
    [train] iter 4080/4443  loss=0.2097
    [train] iter 4100/4443  loss=0.3345
    [train] iter 4120/4443  loss=0.2064
    [train] iter 4140/4443  loss=0.2924
    [train] iter 4160/4443  loss=0.2746
    [train] iter 4180/4443  loss=0.1679
    [train] iter 4200/4443  loss=0.2260
    [train] iter 4220/4443  loss=0.2888
    [train] iter 4240/4443  loss=0.3208
    [train] iter 4260/4443  loss=0.2383
    [train] iter 4280/4443  loss=0.2870
    [train] iter 4300/4443  loss=0.2270
    [train] iter 4320/4443  loss=0.1796
    [train] iter 4340/4443  loss=0.1274
    [train] iter 4360/4443  loss=0.1882
    [train] iter 4380/4443  loss=0.1110
    [train] iter 4400/4443  loss=0.3121
    [train] iter 4420/4443  loss=0.2373
    [train] iter 4440/4443  loss=0.3425
  train_loss=0.2395  val_loss=0.2352  val_dice=0.7344

--- Epoch 7/100 (lr=2.97e-04) ---
    [train] iter 20/4443  loss=0.2307
    [train] iter 40/4443  loss=0.1466
    [train] iter 60/4443  loss=0.1490
    [train] iter 80/4443  loss=0.2558
    [train] iter 100/4443  loss=0.1795
    [train] iter 120/4443  loss=0.2170
    [train] iter 140/4443  loss=0.3683
    [train] iter 160/4443  loss=0.3062
    [train] iter 180/4443  loss=0.2720
    [train] iter 200/4443  loss=0.2012
    [train] iter 220/4443  loss=0.1127
    [train] iter 240/4443  loss=0.2274
    [train] iter 260/4443  loss=0.1222
    [train] iter 280/4443  loss=0.1046
    [train] iter 300/4443  loss=0.2348
    [train] iter 320/4443  loss=0.1979
    [train] iter 340/4443  loss=0.3132
    [train] iter 360/4443  loss=0.3094
    [train] iter 380/4443  loss=0.1768
    [train] iter 400/4443  loss=0.1614
    [train] iter 420/4443  loss=0.2751
    [train] iter 440/4443  loss=0.2391
    [train] iter 460/4443  loss=0.3039
    [train] iter 480/4443  loss=0.2883
    [train] iter 500/4443  loss=0.2630
    [train] iter 520/4443  loss=0.2567
    [train] iter 540/4443  loss=0.2482
    [train] iter 560/4443  loss=0.2763
    [train] iter 580/4443  loss=0.1558
    [train] iter 600/4443  loss=0.3129
    [train] iter 620/4443  loss=0.1626
    [train] iter 640/4443  loss=0.1119
    [train] iter 660/4443  loss=0.1377
    [train] iter 680/4443  loss=0.2086
    [train] iter 700/4443  loss=0.2884
    [train] iter 720/4443  loss=0.2245
    [train] iter 740/4443  loss=0.2134
    [train] iter 760/4443  loss=0.1927
    [train] iter 780/4443  loss=0.1621
    [train] iter 800/4443  loss=0.1804
    [train] iter 820/4443  loss=0.2226
    [train] iter 840/4443  loss=0.3533
    [train] iter 860/4443  loss=0.2941
    [train] iter 880/4443  loss=0.1988
    [train] iter 900/4443  loss=0.3753
    [train] iter 920/4443  loss=0.2064
    [train] iter 940/4443  loss=0.2261
    [train] iter 960/4443  loss=0.2327
    [train] iter 980/4443  loss=0.1983
    [train] iter 1000/4443  loss=0.2609
    [train] iter 1020/4443  loss=0.1321
    [train] iter 1040/4443  loss=0.1515
    [train] iter 1060/4443  loss=0.2109
    [train] iter 1080/4443  loss=0.1897
    [train] iter 1100/4443  loss=0.2136
    [train] iter 1120/4443  loss=0.1694
    [train] iter 1140/4443  loss=0.3391
    [train] iter 1160/4443  loss=0.2106
    [train] iter 1180/4443  loss=0.2467
    [train] iter 1200/4443  loss=0.2573
    [train] iter 1220/4443  loss=0.1476
    [train] iter 1240/4443  loss=0.3633
    [train] iter 1260/4443  loss=0.1771
    [train] iter 1280/4443  loss=0.2710
    [train] iter 1300/4443  loss=0.2121
    [train] iter 1320/4443  loss=0.2177
    [train] iter 1340/4443  loss=0.3168
    [train] iter 1360/4443  loss=0.2193
    [train] iter 1380/4443  loss=0.2449
    [train] iter 1400/4443  loss=0.3179
    [train] iter 1420/4443  loss=0.1850
    [train] iter 1440/4443  loss=0.1684
    [train] iter 1460/4443  loss=0.2506
    [train] iter 1480/4443  loss=0.2439
    [train] iter 1500/4443  loss=0.1395
    [train] iter 1520/4443  loss=0.1300
    [train] iter 1540/4443  loss=0.2460
    [train] iter 1560/4443  loss=0.2032
    [train] iter 1580/4443  loss=0.2480
    [train] iter 1600/4443  loss=0.3113
    [train] iter 1620/4443  loss=0.2411
    [train] iter 1640/4443  loss=0.2043
    [train] iter 1660/4443  loss=0.1582
    [train] iter 1680/4443  loss=0.2695
    [train] iter 1700/4443  loss=0.2137
    [train] iter 1720/4443  loss=0.2534
    [train] iter 1740/4443  loss=0.3562
    [train] iter 1760/4443  loss=0.3314
    [train] iter 1780/4443  loss=0.1497
    [train] iter 1800/4443  loss=0.2099
    [train] iter 1820/4443  loss=0.2051
    [train] iter 1840/4443  loss=0.2015
    [train] iter 1860/4443  loss=0.3626
    [train] iter 1880/4443  loss=0.1652
    [train] iter 1900/4443  loss=0.1174
    [train] iter 1920/4443  loss=0.2375
    [train] iter 1940/4443  loss=0.2625
    [train] iter 1960/4443  loss=0.2139
    [train] iter 1980/4443  loss=0.1714
    [train] iter 2000/4443  loss=0.1928
    [train] iter 2020/4443  loss=0.2278
    [train] iter 2040/4443  loss=0.1701
    [train] iter 2060/4443  loss=0.3485
    [train] iter 2080/4443  loss=0.2469
    [train] iter 2100/4443  loss=0.1379
    [train] iter 2120/4443  loss=0.1888
    [train] iter 2140/4443  loss=0.2374
    [train] iter 2160/4443  loss=0.1459
    [train] iter 2180/4443  loss=0.2212
    [train] iter 2200/4443  loss=0.1973
    [train] iter 2220/4443  loss=0.1759
    [train] iter 2240/4443  loss=0.1615
    [train] iter 2260/4443  loss=0.1507
    [train] iter 2280/4443  loss=0.2094
    [train] iter 2300/4443  loss=0.1776
    [train] iter 2320/4443  loss=0.2263
    [train] iter 2340/4443  loss=0.3525
    [train] iter 2360/4443  loss=0.2124
    [train] iter 2380/4443  loss=0.2087
    [train] iter 2400/4443  loss=0.2084
    [train] iter 2420/4443  loss=0.1855
    [train] iter 2440/4443  loss=0.1738
    [train] iter 2460/4443  loss=0.1406
    [train] iter 2480/4443  loss=0.2700
    [train] iter 2500/4443  loss=0.2608
    [train] iter 2520/4443  loss=0.2670
    [train] iter 2540/4443  loss=0.2949
    [train] iter 2560/4443  loss=0.2987
    [train] iter 2580/4443  loss=0.2195
    [train] iter 2600/4443  loss=0.1310
    [train] iter 2620/4443  loss=0.3179
    [train] iter 2640/4443  loss=0.1664
    [train] iter 2660/4443  loss=0.1613
    [train] iter 2680/4443  loss=0.1620
    [train] iter 2700/4443  loss=0.1317
    [train] iter 2720/4443  loss=0.1579
    [train] iter 2740/4443  loss=0.1994
    [train] iter 2760/4443  loss=0.2965
    [train] iter 2780/4443  loss=0.3300
    [train] iter 2800/4443  loss=0.1791
    [train] iter 2820/4443  loss=0.1285
    [train] iter 2840/4443  loss=0.3408
    [train] iter 2860/4443  loss=0.3744
    [train] iter 2880/4443  loss=0.1722
    [train] iter 2900/4443  loss=0.1860
    [train] iter 2920/4443  loss=0.2188
    [train] iter 2940/4443  loss=0.2959
    [train] iter 2960/4443  loss=0.2141
    [train] iter 2980/4443  loss=0.2036
    [train] iter 3000/4443  loss=0.1663
    [train] iter 3020/4443  loss=0.2205
    [train] iter 3040/4443  loss=0.2142
    [train] iter 3060/4443  loss=0.1714
    [train] iter 3080/4443  loss=0.2281
    [train] iter 3100/4443  loss=0.3524
    [train] iter 3120/4443  loss=0.3687
    [train] iter 3140/4443  loss=0.2127
    [train] iter 3160/4443  loss=0.2783
    [train] iter 3180/4443  loss=0.3114
    [train] iter 3200/4443  loss=0.1463
    [train] iter 3220/4443  loss=0.3752
    [train] iter 3240/4443  loss=0.3494
    [train] iter 3260/4443  loss=0.2239
    [train] iter 3280/4443  loss=0.1898
    [train] iter 3300/4443  loss=0.1356
    [train] iter 3320/4443  loss=0.2002
    [train] iter 3340/4443  loss=0.1859
    [train] iter 3360/4443  loss=0.1852
    [train] iter 3380/4443  loss=0.3234
    [train] iter 3400/4443  loss=0.1559
    [train] iter 3420/4443  loss=0.1287
    [train] iter 3440/4443  loss=0.2400
    [train] iter 3460/4443  loss=0.3402
    [train] iter 3480/4443  loss=0.2228
    [train] iter 3500/4443  loss=0.3584
    [train] iter 3520/4443  loss=0.3312
    [train] iter 3540/4443  loss=0.3078
    [train] iter 3560/4443  loss=0.1309
    [train] iter 3580/4443  loss=0.1347
    [train] iter 3600/4443  loss=0.1695
    [train] iter 3620/4443  loss=0.2240
    [train] iter 3640/4443  loss=0.1918
    [train] iter 3660/4443  loss=0.1961
    [train] iter 3680/4443  loss=0.1775
    [train] iter 3700/4443  loss=0.1398
    [train] iter 3720/4443  loss=0.3081
    [train] iter 3740/4443  loss=0.2337
    [train] iter 3760/4443  loss=0.1796
    [train] iter 3780/4443  loss=0.2824
    [train] iter 3800/4443  loss=0.2785
    [train] iter 3820/4443  loss=0.2190
    [train] iter 3840/4443  loss=0.3164
    [train] iter 3860/4443  loss=0.1595
    [train] iter 3880/4443  loss=0.1950
    [train] iter 3900/4443  loss=0.3199
    [train] iter 3920/4443  loss=0.2237
    [train] iter 3940/4443  loss=0.2622
    [train] iter 3960/4443  loss=0.2289
    [train] iter 3980/4443  loss=0.1925
    [train] iter 4000/4443  loss=0.2215
    [train] iter 4020/4443  loss=0.2512
    [train] iter 4040/4443  loss=0.2196
    [train] iter 4060/4443  loss=0.1711
    [train] iter 4080/4443  loss=0.1993
    [train] iter 4100/4443  loss=0.2374
    [train] iter 4120/4443  loss=0.2199
    [train] iter 4140/4443  loss=0.1157
    [train] iter 4160/4443  loss=0.2427
    [train] iter 4180/4443  loss=0.2764
    [train] iter 4200/4443  loss=0.2353
    [train] iter 4220/4443  loss=0.2664
    [train] iter 4240/4443  loss=0.1372
    [train] iter 4260/4443  loss=0.1221
    [train] iter 4280/4443  loss=0.1722
    [train] iter 4300/4443  loss=0.2750
    [train] iter 4320/4443  loss=0.2344
    [train] iter 4340/4443  loss=0.1577
    [train] iter 4360/4443  loss=0.2530
    [train] iter 4380/4443  loss=0.3184
    [train] iter 4400/4443  loss=0.1772
    [train] iter 4420/4443  loss=0.2344
    [train] iter 4440/4443  loss=0.3074
  train_loss=0.2335  val_loss=0.2464  val_dice=0.7270

--- Epoch 8/100 (lr=2.96e-04) ---
    [train] iter 20/4443  loss=0.2301
    [train] iter 40/4443  loss=0.2016
    [train] iter 60/4443  loss=0.2449
    [train] iter 80/4443  loss=0.1824
    [train] iter 100/4443  loss=0.3044
    [train] iter 120/4443  loss=0.2847
    [train] iter 140/4443  loss=0.1450
    [train] iter 160/4443  loss=0.2278
    [train] iter 180/4443  loss=0.2545
    [train] iter 200/4443  loss=0.2230
    [train] iter 220/4443  loss=0.2840
    [train] iter 240/4443  loss=0.2198
    [train] iter 260/4443  loss=0.2410
    [train] iter 280/4443  loss=0.1915
    [train] iter 300/4443  loss=0.3510
    [train] iter 320/4443  loss=0.2693
    [train] iter 340/4443  loss=0.3379
    [train] iter 360/4443  loss=0.1862
    [train] iter 380/4443  loss=0.3362
    [train] iter 400/4443  loss=0.2261
    [train] iter 420/4443  loss=0.2986
    [train] iter 440/4443  loss=0.3041
    [train] iter 460/4443  loss=0.0975
    [train] iter 480/4443  loss=0.2829
    [train] iter 500/4443  loss=0.2243
    [train] iter 520/4443  loss=0.1743
    [train] iter 540/4443  loss=0.1893
    [train] iter 560/4443  loss=0.2967
    [train] iter 580/4443  loss=0.2674
    [train] iter 600/4443  loss=0.3551
    [train] iter 620/4443  loss=0.3972
    [train] iter 640/4443  loss=0.2349
    [train] iter 660/4443  loss=0.2674
    [train] iter 680/4443  loss=0.1874
    [train] iter 700/4443  loss=0.1508
    [train] iter 720/4443  loss=0.3245
    [train] iter 740/4443  loss=0.2642
    [train] iter 760/4443  loss=0.1899
    [train] iter 780/4443  loss=0.1304
    [train] iter 800/4443  loss=0.1454
    [train] iter 820/4443  loss=0.1373
    [train] iter 840/4443  loss=0.2752
    [train] iter 860/4443  loss=0.1821
    [train] iter 880/4443  loss=0.1334
    [train] iter 900/4443  loss=0.3896
    [train] iter 920/4443  loss=0.2491
    [train] iter 940/4443  loss=0.1959
    [train] iter 960/4443  loss=0.1862
    [train] iter 980/4443  loss=0.1803
    [train] iter 1000/4443  loss=0.2805
    [train] iter 1020/4443  loss=0.1773
    [train] iter 1040/4443  loss=0.2516
    [train] iter 1060/4443  loss=0.1469
    [train] iter 1080/4443  loss=0.1567
    [train] iter 1100/4443  loss=0.1509
    [train] iter 1120/4443  loss=0.2968
    [train] iter 1140/4443  loss=0.2937
    [train] iter 1160/4443  loss=0.1793
    [train] iter 1180/4443  loss=0.3007
    [train] iter 1200/4443  loss=0.3600
    [train] iter 1220/4443  loss=0.2591
    [train] iter 1240/4443  loss=0.2789
    [train] iter 1260/4443  loss=0.1972
    [train] iter 1280/4443  loss=0.3458
    [train] iter 1300/4443  loss=0.1977
    [train] iter 1320/4443  loss=0.1267
    [train] iter 1340/4443  loss=0.1825
    [train] iter 1360/4443  loss=0.1875
    [train] iter 1380/4443  loss=0.2507
    [train] iter 1400/4443  loss=0.1787
    [train] iter 1420/4443  loss=0.2111
    [train] iter 1440/4443  loss=0.2460
    [train] iter 1460/4443  loss=0.3410
    [train] iter 1480/4443  loss=0.1301
    [train] iter 1500/4443  loss=0.2490
    [train] iter 1520/4443  loss=0.2367
    [train] iter 1540/4443  loss=0.2206
    [train] iter 1560/4443  loss=0.4498
    [train] iter 1580/4443  loss=0.2990
    [train] iter 1600/4443  loss=0.2304
    [train] iter 1620/4443  loss=0.3623
    [train] iter 1640/4443  loss=0.2967
    [train] iter 1660/4443  loss=0.1645
    [train] iter 1680/4443  loss=0.3540
    [train] iter 1700/4443  loss=0.1631
    [train] iter 1720/4443  loss=0.1914
    [train] iter 1740/4443  loss=0.2164
    [train] iter 1760/4443  loss=0.2060
    [train] iter 1780/4443  loss=0.1451
    [train] iter 1800/4443  loss=0.1299
    [train] iter 1820/4443  loss=0.1676
    [train] iter 1840/4443  loss=0.1614
    [train] iter 1860/4443  loss=0.2225
    [train] iter 1880/4443  loss=0.3213
    [train] iter 1900/4443  loss=0.3152
    [train] iter 1920/4443  loss=0.3291
    [train] iter 1940/4443  loss=0.2102
    [train] iter 1960/4443  loss=0.2660
    [train] iter 1980/4443  loss=0.2484
    [train] iter 2000/4443  loss=0.2454
    [train] iter 2020/4443  loss=0.3602
    [train] iter 2040/4443  loss=0.2517
    [train] iter 2060/4443  loss=0.2051
    [train] iter 2080/4443  loss=0.1742
    [train] iter 2100/4443  loss=0.1402
    [train] iter 2120/4443  loss=0.2802
    [train] iter 2140/4443  loss=0.2384
    [train] iter 2160/4443  loss=0.2175
    [train] iter 2180/4443  loss=0.3037
    [train] iter 2200/4443  loss=0.3367
    [train] iter 2220/4443  loss=0.2864
    [train] iter 2240/4443  loss=0.1684
    [train] iter 2260/4443  loss=0.4115
    [train] iter 2280/4443  loss=0.1729
    [train] iter 2300/4443  loss=0.2663
    [train] iter 2320/4443  loss=0.2028
    [train] iter 2340/4443  loss=0.1955
    [train] iter 2360/4443  loss=0.1426
    [train] iter 2380/4443  loss=0.1986
    [train] iter 2400/4443  loss=0.2487
    [train] iter 2420/4443  loss=0.2280
    [train] iter 2440/4443  loss=0.2568
    [train] iter 2460/4443  loss=0.2147
    [train] iter 2480/4443  loss=0.2249
    [train] iter 2500/4443  loss=0.1787
    [train] iter 2520/4443  loss=0.2593
    [train] iter 2540/4443  loss=0.2974
    [train] iter 2560/4443  loss=0.2812
    [train] iter 2580/4443  loss=0.3079
    [train] iter 2600/4443  loss=0.1812
    [train] iter 2620/4443  loss=0.1735
    [train] iter 2640/4443  loss=0.1939
    [train] iter 2660/4443  loss=0.1986
    [train] iter 2680/4443  loss=0.2261
    [train] iter 2700/4443  loss=0.3853
    [train] iter 2720/4443  loss=0.1534
    [train] iter 2740/4443  loss=0.2033
    [train] iter 2760/4443  loss=0.1864
    [train] iter 2780/4443  loss=0.2418
    [train] iter 2800/4443  loss=0.2602
    [train] iter 2820/4443  loss=0.2474
    [train] iter 2840/4443  loss=0.0892
    [train] iter 2860/4443  loss=0.3135
    [train] iter 2880/4443  loss=0.2125
    [train] iter 2900/4443  loss=0.1292
    [train] iter 2920/4443  loss=0.1219
    [train] iter 2940/4443  loss=0.2460
    [train] iter 2960/4443  loss=0.2868
    [train] iter 2980/4443  loss=0.2043
    [train] iter 3000/4443  loss=0.1270
    [train] iter 3020/4443  loss=0.1686
    [train] iter 3040/4443  loss=0.1790
    [train] iter 3060/4443  loss=0.2883
    [train] iter 3080/4443  loss=0.2159
    [train] iter 3100/4443  loss=0.1444
    [train] iter 3120/4443  loss=0.2014
    [train] iter 3140/4443  loss=0.1763
    [train] iter 3160/4443  loss=0.1958
    [train] iter 3180/4443  loss=0.0824
    [train] iter 3200/4443  loss=0.2274
    [train] iter 3220/4443  loss=0.1815
    [train] iter 3240/4443  loss=0.3061
    [train] iter 3260/4443  loss=0.1603
    [train] iter 3280/4443  loss=0.1720
    [train] iter 3300/4443  loss=0.1711
    [train] iter 3320/4443  loss=0.2992
    [train] iter 3340/4443  loss=0.3308
    [train] iter 3360/4443  loss=0.2155
    [train] iter 3380/4443  loss=0.1758
    [train] iter 3400/4443  loss=0.4342
    [train] iter 3420/4443  loss=0.2535
    [train] iter 3440/4443  loss=0.2479
    [train] iter 3460/4443  loss=0.2132
    [train] iter 3480/4443  loss=0.1869
    [train] iter 3500/4443  loss=0.2503
    [train] iter 3520/4443  loss=0.2290
    [train] iter 3540/4443  loss=0.1551
    [train] iter 3560/4443  loss=0.2918
    [train] iter 3580/4443  loss=0.1765
    [train] iter 3600/4443  loss=0.2890
    [train] iter 3620/4443  loss=0.3918
    [train] iter 3640/4443  loss=0.2958
    [train] iter 3660/4443  loss=0.3008
    [train] iter 3680/4443  loss=0.1235
    [train] iter 3700/4443  loss=0.0946
    [train] iter 3720/4443  loss=0.2086
    [train] iter 3740/4443  loss=0.3184
    [train] iter 3760/4443  loss=0.2048
    [train] iter 3780/4443  loss=0.2410
    [train] iter 3800/4443  loss=0.2303
    [train] iter 3820/4443  loss=0.2201
    [train] iter 3840/4443  loss=0.1452
    [train] iter 3860/4443  loss=0.1399
    [train] iter 3880/4443  loss=0.1467
    [train] iter 3900/4443  loss=0.2098
    [train] iter 3920/4443  loss=0.2316
    [train] iter 3940/4443  loss=0.2668
    [train] iter 3960/4443  loss=0.1494
    [train] iter 3980/4443  loss=0.1861
    [train] iter 4000/4443  loss=0.2003
    [train] iter 4020/4443  loss=0.2063
    [train] iter 4040/4443  loss=0.1591
    [train] iter 4060/4443  loss=0.2804
    [train] iter 4080/4443  loss=0.1897
    [train] iter 4100/4443  loss=0.3274
    [train] iter 4120/4443  loss=0.2637
    [train] iter 4140/4443  loss=0.2483
    [train] iter 4160/4443  loss=0.1854
    [train] iter 4180/4443  loss=0.2069
    [train] iter 4200/4443  loss=0.1897
    [train] iter 4220/4443  loss=0.1939
    [train] iter 4240/4443  loss=0.2663
    [train] iter 4260/4443  loss=0.1615
    [train] iter 4280/4443  loss=0.2755
    [train] iter 4300/4443  loss=0.2163
    [train] iter 4320/4443  loss=0.2281
    [train] iter 4340/4443  loss=0.1855
    [train] iter 4360/4443  loss=0.1737
    [train] iter 4380/4443  loss=0.2936
    [train] iter 4400/4443  loss=0.2658
    [train] iter 4420/4443  loss=0.1847
    [train] iter 4440/4443  loss=0.2671
  train_loss=0.2282  val_loss=0.2133  val_dice=0.7593
  [best] val_dice=0.7593 已保存

--- Epoch 9/100 (lr=2.95e-04) ---
    [train] iter 20/4443  loss=0.2533
    [train] iter 40/4443  loss=0.2776
    [train] iter 60/4443  loss=0.3750
    [train] iter 80/4443  loss=0.2329
    [train] iter 100/4443  loss=0.1266
    [train] iter 120/4443  loss=0.3038
    [train] iter 140/4443  loss=0.2515
    [train] iter 160/4443  loss=0.1346
    [train] iter 180/4443  loss=0.2901
    [train] iter 200/4443  loss=0.3076
    [train] iter 220/4443  loss=0.0988
    [train] iter 240/4443  loss=0.1173
    [train] iter 260/4443  loss=0.1775
    [train] iter 280/4443  loss=0.1793
    [train] iter 300/4443  loss=0.1468
    [train] iter 320/4443  loss=0.2529
    [train] iter 340/4443  loss=0.2633
    [train] iter 360/4443  loss=0.1899
    [train] iter 380/4443  loss=0.1287
    [train] iter 400/4443  loss=0.3264
    [train] iter 420/4443  loss=0.2322
    [train] iter 440/4443  loss=0.2593
    [train] iter 460/4443  loss=0.1494
    [train] iter 480/4443  loss=0.2385
    [train] iter 500/4443  loss=0.2078
    [train] iter 520/4443  loss=0.3093
    [train] iter 540/4443  loss=0.2688
    [train] iter 560/4443  loss=0.1455
    [train] iter 580/4443  loss=0.1784
    [train] iter 600/4443  loss=0.2165
    [train] iter 620/4443  loss=0.2057
    [train] iter 640/4443  loss=0.1694
    [train] iter 660/4443  loss=0.2383
    [train] iter 680/4443  loss=0.1836
    [train] iter 700/4443  loss=0.1738
    [train] iter 720/4443  loss=0.1877
    [train] iter 740/4443  loss=0.1196
    [train] iter 760/4443  loss=0.3753
    [train] iter 780/4443  loss=0.2116
    [train] iter 800/4443  loss=0.2058
    [train] iter 820/4443  loss=0.1362
    [train] iter 840/4443  loss=0.3184
    [train] iter 860/4443  loss=0.3950
    [train] iter 880/4443  loss=0.3056
    [train] iter 900/4443  loss=0.1492
    [train] iter 920/4443  loss=0.1685
    [train] iter 940/4443  loss=0.2081
    [train] iter 960/4443  loss=0.1243
    [train] iter 980/4443  loss=0.1812
    [train] iter 1000/4443  loss=0.2449
    [train] iter 1020/4443  loss=0.1576
    [train] iter 1040/4443  loss=0.2319
    [train] iter 1060/4443  loss=0.0893
    [train] iter 1080/4443  loss=0.2698
    [train] iter 1100/4443  loss=0.2117
    [train] iter 1120/4443  loss=0.2366
    [train] iter 1140/4443  loss=0.2220
    [train] iter 1160/4443  loss=0.1896
    [train] iter 1180/4443  loss=0.2098
    [train] iter 1200/4443  loss=0.2028
    [train] iter 1220/4443  loss=0.1974
    [train] iter 1240/4443  loss=0.2370
    [train] iter 1260/4443  loss=0.2628
    [train] iter 1280/4443  loss=0.3525
    [train] iter 1300/4443  loss=0.2040
    [train] iter 1320/4443  loss=0.3213
    [train] iter 1340/4443  loss=0.3734
    [train] iter 1360/4443  loss=0.3426
    [train] iter 1380/4443  loss=0.3904
    [train] iter 1400/4443  loss=0.2100
    [train] iter 1420/4443  loss=0.1906
    [train] iter 1440/4443  loss=0.1687
    [train] iter 1460/4443  loss=0.3064
    [train] iter 1480/4443  loss=0.2841
    [train] iter 1500/4443  loss=0.2311
    [train] iter 1520/4443  loss=0.3017
    [train] iter 1540/4443  loss=0.2120
    [train] iter 1560/4443  loss=0.2382
    [train] iter 1580/4443  loss=0.3023
    [train] iter 1600/4443  loss=0.3045
    [train] iter 1620/4443  loss=0.1850
    [train] iter 1640/4443  loss=0.1885
    [train] iter 1660/4443  loss=0.0969
    [train] iter 1680/4443  loss=0.2893
    [train] iter 1700/4443  loss=0.1899
    [train] iter 1720/4443  loss=0.2332
    [train] iter 1740/4443  loss=0.2340
    [train] iter 1760/4443  loss=0.3861
    [train] iter 1780/4443  loss=0.2831
    [train] iter 1800/4443  loss=0.2772
    [train] iter 1820/4443  loss=0.1673
    [train] iter 1840/4443  loss=0.2249
    [train] iter 1860/4443  loss=0.2279
    [train] iter 1880/4443  loss=0.0996
    [train] iter 1900/4443  loss=0.0893
    [train] iter 1920/4443  loss=0.1670
    [train] iter 1940/4443  loss=0.2045
    [train] iter 1960/4443  loss=0.2088
    [train] iter 1980/4443  loss=0.1526
    [train] iter 2000/4443  loss=0.1879
    [train] iter 2020/4443  loss=0.2674
    [train] iter 2040/4443  loss=0.1765
    [train] iter 2060/4443  loss=0.2184
    [train] iter 2080/4443  loss=0.1976
    [train] iter 2100/4443  loss=0.1041
    [train] iter 2120/4443  loss=0.1779
    [train] iter 2140/4443  loss=0.1842
    [train] iter 2160/4443  loss=0.2159
    [train] iter 2180/4443  loss=0.1575
    [train] iter 2200/4443  loss=0.2584
    [train] iter 2220/4443  loss=0.1631
    [train] iter 2240/4443  loss=0.0881
    [train] iter 2260/4443  loss=0.1785
    [train] iter 2280/4443  loss=0.1846
    [train] iter 2300/4443  loss=0.1254
    [train] iter 2320/4443  loss=0.1387
    [train] iter 2340/4443  loss=0.1667
    [train] iter 2360/4443  loss=0.1479
    [train] iter 2380/4443  loss=0.1303
    [train] iter 2400/4443  loss=0.1736
    [train] iter 2420/4443  loss=0.1847
    [train] iter 2440/4443  loss=0.2259
    [train] iter 2460/4443  loss=0.1934
    [train] iter 2480/4443  loss=0.1102
    [train] iter 2500/4443  loss=0.3312
    [train] iter 2520/4443  loss=0.2135
    [train] iter 2540/4443  loss=0.1827
    [train] iter 2560/4443  loss=0.1731
    [train] iter 2580/4443  loss=0.1105
    [train] iter 2600/4443  loss=0.2204
    [train] iter 2620/4443  loss=0.1925
    [train] iter 2640/4443  loss=0.1184
    [train] iter 2660/4443  loss=0.0936
    [train] iter 2680/4443  loss=0.1143
    [train] iter 2700/4443  loss=0.1940
    [train] iter 2720/4443  loss=0.2065
    [train] iter 2740/4443  loss=0.2362
    [train] iter 2760/4443  loss=0.1836
    [train] iter 2780/4443  loss=0.1137
    [train] iter 2800/4443  loss=0.2638
    [train] iter 2820/4443  loss=0.1625
    [train] iter 2840/4443  loss=0.2476
    [train] iter 2860/4443  loss=0.2541
    [train] iter 2880/4443  loss=0.1866
    [train] iter 2900/4443  loss=0.2138
    [train] iter 2920/4443  loss=0.2533
    [train] iter 2940/4443  loss=0.2216
    [train] iter 2960/4443  loss=0.1760
    [train] iter 2980/4443  loss=0.2196
    [train] iter 3000/4443  loss=0.1940
    [train] iter 3020/4443  loss=0.2086
    [train] iter 3040/4443  loss=0.3495
    [train] iter 3060/4443  loss=0.3124
    [train] iter 3080/4443  loss=0.2100
    [train] iter 3100/4443  loss=0.2013
    [train] iter 3120/4443  loss=0.2329
    [train] iter 3140/4443  loss=0.2403
    [train] iter 3160/4443  loss=0.2389
    [train] iter 3180/4443  loss=0.2028
    [train] iter 3200/4443  loss=0.1685
    [train] iter 3220/4443  loss=0.1638
    [train] iter 3240/4443  loss=0.0735
    [train] iter 3260/4443  loss=0.1906
    [train] iter 3280/4443  loss=0.1462
    [train] iter 3300/4443  loss=0.1445
    [train] iter 3320/4443  loss=0.2829
    [train] iter 3340/4443  loss=0.2006
    [train] iter 3360/4443  loss=0.2045
    [train] iter 3380/4443  loss=0.1877
    [train] iter 3400/4443  loss=0.1180
    [train] iter 3420/4443  loss=0.1406
    [train] iter 3440/4443  loss=0.1773
    [train] iter 3460/4443  loss=0.3059
    [train] iter 3480/4443  loss=0.1624
    [train] iter 3500/4443  loss=0.2328
    [train] iter 3520/4443  loss=0.2249
    [train] iter 3540/4443  loss=0.1442
    [train] iter 3560/4443  loss=0.1905
    [train] iter 3580/4443  loss=0.2712
    [train] iter 3600/4443  loss=0.2203
    [train] iter 3620/4443  loss=0.1594
    [train] iter 3640/4443  loss=0.1213
    [train] iter 3660/4443  loss=0.1127
    [train] iter 3680/4443  loss=0.1515
    [train] iter 3700/4443  loss=0.1890
    [train] iter 3720/4443  loss=0.2233
    [train] iter 3740/4443  loss=0.1448
    [train] iter 3760/4443  loss=0.2400
    [train] iter 3780/4443  loss=0.1908
    [train] iter 3800/4443  loss=0.2311
    [train] iter 3820/4443  loss=0.1930
    [train] iter 3840/4443  loss=0.1940
    [train] iter 3860/4443  loss=0.3502
    [train] iter 3880/4443  loss=0.2410
    [train] iter 3900/4443  loss=0.2220
    [train] iter 3920/4443  loss=0.1895
    [train] iter 3940/4443  loss=0.2070
    [train] iter 3960/4443  loss=0.2439
    [train] iter 3980/4443  loss=0.2292
    [train] iter 4000/4443  loss=0.2798
    [train] iter 4020/4443  loss=0.2290
    [train] iter 4040/4443  loss=0.1498
    [train] iter 4060/4443  loss=0.2645
    [train] iter 4080/4443  loss=0.1986
    [train] iter 4100/4443  loss=0.1708
    [train] iter 4120/4443  loss=0.1398
    [train] iter 4140/4443  loss=0.2617
    [train] iter 4160/4443  loss=0.2162
    [train] iter 4180/4443  loss=0.3013
    [train] iter 4200/4443  loss=0.3459
    [train] iter 4220/4443  loss=0.2512
    [train] iter 4240/4443  loss=0.2699
    [train] iter 4260/4443  loss=0.2183
    [train] iter 4280/4443  loss=0.1543
    [train] iter 4300/4443  loss=0.1752
    [train] iter 4320/4443  loss=0.1679
    [train] iter 4340/4443  loss=0.3143
    [train] iter 4360/4443  loss=0.1697
    [train] iter 4380/4443  loss=0.2330
    [train] iter 4400/4443  loss=0.3080
    [train] iter 4420/4443  loss=0.1696
    [train] iter 4440/4443  loss=0.2826
  train_loss=0.2163  val_loss=0.2367  val_dice=0.7355

--- Epoch 10/100 (lr=2.94e-04) ---
    [train] iter 20/4443  loss=0.2359
    [train] iter 40/4443  loss=0.2204
    [train] iter 60/4443  loss=0.2570
    [train] iter 80/4443  loss=0.2238
    [train] iter 100/4443  loss=0.2203
    [train] iter 120/4443  loss=0.4033
    [train] iter 140/4443  loss=0.3305
    [train] iter 160/4443  loss=0.1701
    [train] iter 180/4443  loss=0.2075
    [train] iter 200/4443  loss=0.0938
    [train] iter 220/4443  loss=0.2195
    [train] iter 240/4443  loss=0.1461
    [train] iter 260/4443  loss=0.1660
    [train] iter 280/4443  loss=0.2474
    [train] iter 300/4443  loss=0.2898
    [train] iter 320/4443  loss=0.1846
    [train] iter 340/4443  loss=0.2468
    [train] iter 360/4443  loss=0.1911
    [train] iter 380/4443  loss=0.1770
    [train] iter 400/4443  loss=0.1918
    [train] iter 420/4443  loss=0.2328
    [train] iter 440/4443  loss=0.1470
    [train] iter 460/4443  loss=0.3807
    [train] iter 480/4443  loss=0.2245
    [train] iter 500/4443  loss=0.1419
    [train] iter 520/4443  loss=0.1848
    [train] iter 540/4443  loss=0.3924
    [train] iter 560/4443  loss=0.1970
    [train] iter 580/4443  loss=0.2235
    [train] iter 600/4443  loss=0.2514
    [train] iter 620/4443  loss=0.3104
    [train] iter 640/4443  loss=0.1159
    [train] iter 660/4443  loss=0.3025
    [train] iter 680/4443  loss=0.2802
    [train] iter 700/4443  loss=0.2368
    [train] iter 720/4443  loss=0.2094
    [train] iter 740/4443  loss=0.1852
    [train] iter 760/4443  loss=0.1385
    [train] iter 780/4443  loss=0.3124
    [train] iter 800/4443  loss=0.1950
    [train] iter 820/4443  loss=0.1504
    [train] iter 840/4443  loss=0.3501
    [train] iter 860/4443  loss=0.1487
    [train] iter 880/4443  loss=0.3109
    [train] iter 900/4443  loss=0.2133
    [train] iter 920/4443  loss=0.0909
    [train] iter 940/4443  loss=0.1713
    [train] iter 960/4443  loss=0.2148
    [train] iter 980/4443  loss=0.1870
    [train] iter 1000/4443  loss=0.2777
    [train] iter 1020/4443  loss=0.1001
    [train] iter 1040/4443  loss=0.2435
    [train] iter 1060/4443  loss=0.2911
    [train] iter 1080/4443  loss=0.1993
    [train] iter 1100/4443  loss=0.1437
    [train] iter 1120/4443  loss=0.1527
    [train] iter 1140/4443  loss=0.1106
    [train] iter 1160/4443  loss=0.2121
    [train] iter 1180/4443  loss=0.2132
    [train] iter 1200/4443  loss=0.2270
    [train] iter 1220/4443  loss=0.2021
    [train] iter 1240/4443  loss=0.2075
    [train] iter 1260/4443  loss=0.2528
    [train] iter 1280/4443  loss=0.2966
    [train] iter 1300/4443  loss=0.1467
    [train] iter 1320/4443  loss=0.1803
    [train] iter 1340/4443  loss=0.2085
    [train] iter 1360/4443  loss=0.3034
    [train] iter 1380/4443  loss=0.1716
    [train] iter 1400/4443  loss=0.1674
    [train] iter 1420/4443  loss=0.2308
    [train] iter 1440/4443  loss=0.2228
    [train] iter 1460/4443  loss=0.2381
    [train] iter 1480/4443  loss=0.2208
    [train] iter 1500/4443  loss=0.2504
    [train] iter 1520/4443  loss=0.2781
    [train] iter 1540/4443  loss=0.2017
    [train] iter 1560/4443  loss=0.1757
    [train] iter 1580/4443  loss=0.2429
    [train] iter 1600/4443  loss=0.1206
    [train] iter 1620/4443  loss=0.3339
    [train] iter 1640/4443  loss=0.2710
    [train] iter 1660/4443  loss=0.1958
    [train] iter 1680/4443  loss=0.1417
    [train] iter 1700/4443  loss=0.2035
    [train] iter 1720/4443  loss=0.3029
    [train] iter 1740/4443  loss=0.2611
    [train] iter 1760/4443  loss=0.1606
    [train] iter 1780/4443  loss=0.1827
    [train] iter 1800/4443  loss=0.1497
    [train] iter 1820/4443  loss=0.2772
    [train] iter 1840/4443  loss=0.1532
    [train] iter 1860/4443  loss=0.1963
    [train] iter 1880/4443  loss=0.2505
    [train] iter 1900/4443  loss=0.2263
    [train] iter 1920/4443  loss=0.1598
    [train] iter 1940/4443  loss=0.1867
    [train] iter 1960/4443  loss=0.1446
    [train] iter 1980/4443  loss=0.2129
    [train] iter 2000/4443  loss=0.1600
    [train] iter 2020/4443  loss=0.2853
    [train] iter 2040/4443  loss=0.2922
    [train] iter 2060/4443  loss=0.1899
    [train] iter 2080/4443  loss=0.2427
    [train] iter 2100/4443  loss=0.1756
    [train] iter 2120/4443  loss=0.2607
    [train] iter 2140/4443  loss=0.1461
    [train] iter 2160/4443  loss=0.1143
    [train] iter 2180/4443  loss=0.2081
    [train] iter 2200/4443  loss=0.2801
    [train] iter 2220/4443  loss=0.2224
    [train] iter 2240/4443  loss=0.2886
    [train] iter 2260/4443  loss=0.1673
    [train] iter 2280/4443  loss=0.2910
    [train] iter 2300/4443  loss=0.1927
    [train] iter 2320/4443  loss=0.1685
    [train] iter 2340/4443  loss=0.2423
    [train] iter 2360/4443  loss=0.2232
    [train] iter 2380/4443  loss=0.1604
    [train] iter 2400/4443  loss=0.2305
    [train] iter 2420/4443  loss=0.4005
    [train] iter 2440/4443  loss=0.2426
    [train] iter 2460/4443  loss=0.2815
    [train] iter 2480/4443  loss=0.1942
    [train] iter 2500/4443  loss=0.2889
    [train] iter 2520/4443  loss=0.2023
    [train] iter 2540/4443  loss=0.1617
    [train] iter 2560/4443  loss=0.1685
    [train] iter 2580/4443  loss=0.2180
    [train] iter 2600/4443  loss=0.2264
    [train] iter 2620/4443  loss=0.1774
    [train] iter 2640/4443  loss=0.2114
    [train] iter 2660/4443  loss=0.2810
    [train] iter 2680/4443  loss=0.2596
    [train] iter 2700/4443  loss=0.2042
    [train] iter 2720/4443  loss=0.2169
    [train] iter 2740/4443  loss=0.1766
    [train] iter 2760/4443  loss=0.1796
    [train] iter 2780/4443  loss=0.1883
    [train] iter 2800/4443  loss=0.2833
    [train] iter 2820/4443  loss=0.1146
    [train] iter 2840/4443  loss=0.1080
    [train] iter 2860/4443  loss=0.1616
    [train] iter 2880/4443  loss=0.1898
    [train] iter 2900/4443  loss=0.3103
    [train] iter 2920/4443  loss=0.1723
    [train] iter 2940/4443  loss=0.1878
    [train] iter 2960/4443  loss=0.2403
    [train] iter 2980/4443  loss=0.3592
    [train] iter 3000/4443  loss=0.1304
    [train] iter 3020/4443  loss=0.2567
    [train] iter 3040/4443  loss=0.2057
    [train] iter 3060/4443  loss=0.3169
    [train] iter 3080/4443  loss=0.2460
    [train] iter 3100/4443  loss=0.1443
    [train] iter 3120/4443  loss=0.3489
    [train] iter 3140/4443  loss=0.1674
    [train] iter 3160/4443  loss=0.2039
    [train] iter 3180/4443  loss=0.1502
    [train] iter 3200/4443  loss=0.2155
    [train] iter 3220/4443  loss=0.2883
    [train] iter 3240/4443  loss=0.1740
    [train] iter 3260/4443  loss=0.1724
    [train] iter 3280/4443  loss=0.1408
    [train] iter 3300/4443  loss=0.1524
    [train] iter 3320/4443  loss=0.1423
    [train] iter 3340/4443  loss=0.1476
    [train] iter 3360/4443  loss=0.1583
    [train] iter 3380/4443  loss=0.3057
    [train] iter 3400/4443  loss=0.2054
    [train] iter 3420/4443  loss=0.2463
    [train] iter 3440/4443  loss=0.3481
    [train] iter 3460/4443  loss=0.1455
    [train] iter 3480/4443  loss=0.4253
    [train] iter 3500/4443  loss=0.1605
    [train] iter 3520/4443  loss=0.1765
    [train] iter 3540/4443  loss=0.1678
    [train] iter 3560/4443  loss=0.1652
    [train] iter 3580/4443  loss=0.1868
    [train] iter 3600/4443  loss=0.2384
    [train] iter 3620/4443  loss=0.3294
    [train] iter 3640/4443  loss=0.2375
    [train] iter 3660/4443  loss=0.2033
    [train] iter 3680/4443  loss=0.2610
    [train] iter 3700/4443  loss=0.2836
    [train] iter 3720/4443  loss=0.2696
    [train] iter 3740/4443  loss=0.1264
    [train] iter 3760/4443  loss=0.1601
    [train] iter 3780/4443  loss=0.2122
    [train] iter 3800/4443  loss=0.1679
    [train] iter 3820/4443  loss=0.1495
    [train] iter 3840/4443  loss=0.3144
    [train] iter 3860/4443  loss=0.2734
    [train] iter 3880/4443  loss=0.1184
    [train] iter 3900/4443  loss=0.2082
    [train] iter 3920/4443  loss=0.2295
    [train] iter 3940/4443  loss=0.1653
    [train] iter 3960/4443  loss=0.0980
    [train] iter 3980/4443  loss=0.1056
    [train] iter 4000/4443  loss=0.2577
    [train] iter 4020/4443  loss=0.2477
    [train] iter 4040/4443  loss=0.1530
    [train] iter 4060/4443  loss=0.3079
    [train] iter 4080/4443  loss=0.1452
    [train] iter 4100/4443  loss=0.2873
    [train] iter 4120/4443  loss=0.1458
    [train] iter 4140/4443  loss=0.2092
    [train] iter 4160/4443  loss=0.2810
    [train] iter 4180/4443  loss=0.1782
    [train] iter 4200/4443  loss=0.2505
    [train] iter 4220/4443  loss=0.1609
    [train] iter 4240/4443  loss=0.1535
    [train] iter 4260/4443  loss=0.1840
    [train] iter 4280/4443  loss=0.0964
    [train] iter 4300/4443  loss=0.1820
    [train] iter 4320/4443  loss=0.2474
    [train] iter 4340/4443  loss=0.1927
    [train] iter 4360/4443  loss=0.2662
    [train] iter 4380/4443  loss=0.2611
    [train] iter 4400/4443  loss=0.1792
    [train] iter 4420/4443  loss=0.2279
    [train] iter 4440/4443  loss=0.1473
  train_loss=0.2133  val_loss=0.1856  val_dice=0.7861
  [best] val_dice=0.7861 已保存

--- Epoch 11/100 (lr=2.93e-04) ---
    [train] iter 20/4443  loss=0.1910
    [train] iter 40/4443  loss=0.2938
    [train] iter 60/4443  loss=0.1733
    [train] iter 80/4443  loss=0.1949
    [train] iter 100/4443  loss=0.3651
    [train] iter 120/4443  loss=0.3365
    [train] iter 140/4443  loss=0.2207
    [train] iter 160/4443  loss=0.2859
    [train] iter 180/4443  loss=0.1798
    [train] iter 200/4443  loss=0.1681
    [train] iter 220/4443  loss=0.1718
    [train] iter 240/4443  loss=0.2599
    [train] iter 260/4443  loss=0.1746
    [train] iter 280/4443  loss=0.1982
    [train] iter 300/4443  loss=0.2873
    [train] iter 320/4443  loss=0.1397
    [train] iter 340/4443  loss=0.1607
    [train] iter 360/4443  loss=0.2856
    [train] iter 380/4443  loss=0.2322
    [train] iter 400/4443  loss=0.1534
    [train] iter 420/4443  loss=0.1396
    [train] iter 440/4443  loss=0.1858
    [train] iter 460/4443  loss=0.2864
    [train] iter 480/4443  loss=0.3136
    [train] iter 500/4443  loss=0.2164
    [train] iter 520/4443  loss=0.1686
    [train] iter 540/4443  loss=0.2691
    [train] iter 560/4443  loss=0.1805
    [train] iter 580/4443  loss=0.1459
    [train] iter 600/4443  loss=0.1126
    [train] iter 620/4443  loss=0.2680
    [train] iter 640/4443  loss=0.3286
    [train] iter 660/4443  loss=0.1463
    [train] iter 680/4443  loss=0.2950
    [train] iter 700/4443  loss=0.2334
    [train] iter 720/4443  loss=0.3514
    [train] iter 740/4443  loss=0.1644
    [train] iter 760/4443  loss=0.1133
    [train] iter 780/4443  loss=0.1411
    [train] iter 800/4443  loss=0.1553
    [train] iter 820/4443  loss=0.2048
    [train] iter 840/4443  loss=0.2454
    [train] iter 860/4443  loss=0.1665
    [train] iter 880/4443  loss=0.3394
    [train] iter 900/4443  loss=0.1856
    [train] iter 920/4443  loss=0.3235
    [train] iter 940/4443  loss=0.2138
    [train] iter 960/4443  loss=0.1238
    [train] iter 980/4443  loss=0.1622
    [train] iter 1000/4443  loss=0.2009
    [train] iter 1020/4443  loss=0.2736
    [train] iter 1040/4443  loss=0.2578
    [train] iter 1060/4443  loss=0.1349
    [train] iter 1080/4443  loss=0.2376
    [train] iter 1100/4443  loss=0.0964
    [train] iter 1120/4443  loss=0.3345
    [train] iter 1140/4443  loss=0.1971
    [train] iter 1160/4443  loss=0.1498
    [train] iter 1180/4443  loss=0.2257
    [train] iter 1200/4443  loss=0.2534
    [train] iter 1220/4443  loss=0.1616
    [train] iter 1240/4443  loss=0.1445
    [train] iter 1260/4443  loss=0.1926
    [train] iter 1280/4443  loss=0.3188
    [train] iter 1300/4443  loss=0.3682
    [train] iter 1320/4443  loss=0.1880
    [train] iter 1340/4443  loss=0.1896
    [train] iter 1360/4443  loss=0.1483
    [train] iter 1380/4443  loss=0.1203
    [train] iter 1400/4443  loss=0.2108
    [train] iter 1420/4443  loss=0.1537
    [train] iter 1440/4443  loss=0.1351
    [train] iter 1460/4443  loss=0.1395
    [train] iter 1480/4443  loss=0.1895
    [train] iter 1500/4443  loss=0.1446
    [train] iter 1520/4443  loss=0.2628
    [train] iter 1540/4443  loss=0.2197
    [train] iter 1560/4443  loss=0.2922
    [train] iter 1580/4443  loss=0.1489
    [train] iter 1600/4443  loss=0.1332
    [train] iter 1620/4443  loss=0.1663
    [train] iter 1640/4443  loss=0.2073
    [train] iter 1660/4443  loss=0.2062
    [train] iter 1680/4443  loss=0.2214
    [train] iter 1700/4443  loss=0.1201
    [train] iter 1720/4443  loss=0.1353
    [train] iter 1740/4443  loss=0.3190
    [train] iter 1760/4443  loss=0.1818
    [train] iter 1780/4443  loss=0.1780
    [train] iter 1800/4443  loss=0.2295
    [train] iter 1820/4443  loss=0.2771
    [train] iter 1840/4443  loss=0.1307
    [train] iter 1860/4443  loss=0.2406
    [train] iter 1880/4443  loss=0.1756
    [train] iter 1900/4443  loss=0.2204
    [train] iter 1920/4443  loss=0.1561
    [train] iter 1940/4443  loss=0.1823
    [train] iter 1960/4443  loss=0.1358
    [train] iter 1980/4443  loss=0.2102
    [train] iter 2000/4443  loss=0.3356
    [train] iter 2020/4443  loss=0.2152
    [train] iter 2040/4443  loss=0.1720
    [train] iter 2060/4443  loss=0.1541
    [train] iter 2080/4443  loss=0.2752
    [train] iter 2100/4443  loss=0.1618
    [train] iter 2120/4443  loss=0.1860
    [train] iter 2140/4443  loss=0.3147
    [train] iter 2160/4443  loss=0.1915
    [train] iter 2180/4443  loss=0.1050
    [train] iter 2200/4443  loss=0.1546
    [train] iter 2220/4443  loss=0.1638
    [train] iter 2240/4443  loss=0.1510
    [train] iter 2260/4443  loss=0.2387
    [train] iter 2280/4443  loss=0.1398
    [train] iter 2300/4443  loss=0.1533
    [train] iter 2320/4443  loss=0.1974
    [train] iter 2340/4443  loss=0.3007
    [train] iter 2360/4443  loss=0.1900
    [train] iter 2380/4443  loss=0.2300
    [train] iter 2400/4443  loss=0.1203
    [train] iter 2420/4443  loss=0.2592
    [train] iter 2440/4443  loss=0.2128
    [train] iter 2460/4443  loss=0.2034
    [train] iter 2480/4443  loss=0.1432
    [train] iter 2500/4443  loss=0.3075
    [train] iter 2520/4443  loss=0.2113
    [train] iter 2540/4443  loss=0.1832
    [train] iter 2560/4443  loss=0.1733
    [train] iter 2580/4443  loss=0.1608
    [train] iter 2600/4443  loss=0.1382
    [train] iter 2620/4443  loss=0.1827
    [train] iter 2640/4443  loss=0.2588
    [train] iter 2660/4443  loss=0.1585
    [train] iter 2680/4443  loss=0.1651
    [train] iter 2700/4443  loss=0.1678
    [train] iter 2720/4443  loss=0.1818
    [train] iter 2740/4443  loss=0.1268
    [train] iter 2760/4443  loss=0.2546
    [train] iter 2780/4443  loss=0.2878
    [train] iter 2800/4443  loss=0.2120
    [train] iter 2820/4443  loss=0.0946
    [train] iter 2840/4443  loss=0.2775
    [train] iter 2860/4443  loss=0.1484
    [train] iter 2880/4443  loss=0.1741
    [train] iter 2900/4443  loss=0.2074
    [train] iter 2920/4443  loss=0.2760
    [train] iter 2940/4443  loss=0.2372
    [train] iter 2960/4443  loss=0.2425
    [train] iter 2980/4443  loss=0.2438
    [train] iter 3000/4443  loss=0.2708
    [train] iter 3020/4443  loss=0.1732
    [train] iter 3040/4443  loss=0.1417
    [train] iter 3060/4443  loss=0.2416
    [train] iter 3080/4443  loss=0.3438
    [train] iter 3100/4443  loss=0.2888
    [train] iter 3120/4443  loss=0.1684
    [train] iter 3140/4443  loss=0.2778
    [train] iter 3160/4443  loss=0.2767
    [train] iter 3180/4443  loss=0.1993
    [train] iter 3200/4443  loss=0.1944
    [train] iter 3220/4443  loss=0.2274
    [train] iter 3240/4443  loss=0.2731
    [train] iter 3260/4443  loss=0.3402
    [train] iter 3280/4443  loss=0.3474
    [train] iter 3300/4443  loss=0.2661
    [train] iter 3320/4443  loss=0.2118
    [train] iter 3340/4443  loss=0.1907
    [train] iter 3360/4443  loss=0.1552
    [train] iter 3380/4443  loss=0.2377
    [train] iter 3400/4443  loss=0.1296
    [train] iter 3420/4443  loss=0.2921
    [train] iter 3440/4443  loss=0.2408
    [train] iter 3460/4443  loss=0.1751
    [train] iter 3480/4443  loss=0.2384
    [train] iter 3500/4443  loss=0.1744
    [train] iter 3520/4443  loss=0.1865
    [train] iter 3540/4443  loss=0.1976
    [train] iter 3560/4443  loss=0.1657
    [train] iter 3580/4443  loss=0.2427
    [train] iter 3600/4443  loss=0.1955
    [train] iter 3620/4443  loss=0.1872
    [train] iter 3640/4443  loss=0.2579
    [train] iter 3660/4443  loss=0.1860
    [train] iter 3680/4443  loss=0.2034
    [train] iter 3700/4443  loss=0.1935
    [train] iter 3720/4443  loss=0.3210
    [train] iter 3740/4443  loss=0.2336
    [train] iter 3760/4443  loss=0.2095
    [train] iter 3780/4443  loss=0.2183
    [train] iter 3800/4443  loss=0.1490
    [train] iter 3820/4443  loss=0.3362
    [train] iter 3840/4443  loss=0.1670
    [train] iter 3860/4443  loss=0.1804
    [train] iter 3880/4443  loss=0.2947
    [train] iter 3900/4443  loss=0.1081
    [train] iter 3920/4443  loss=0.1174
    [train] iter 3940/4443  loss=0.1558
    [train] iter 3960/4443  loss=0.2357
    [train] iter 3980/4443  loss=0.2358
    [train] iter 4000/4443  loss=0.3220
    [train] iter 4020/4443  loss=0.2056
    [train] iter 4040/4443  loss=0.2223
    [train] iter 4060/4443  loss=0.2126
    [train] iter 4080/4443  loss=0.2410
    [train] iter 4100/4443  loss=0.3086
    [train] iter 4120/4443  loss=0.2845
    [train] iter 4140/4443  loss=0.2019
    [train] iter 4160/4443  loss=0.1679
    [train] iter 4180/4443  loss=0.2537
    [train] iter 4200/4443  loss=0.1897
    [train] iter 4220/4443  loss=0.1342
    [train] iter 4240/4443  loss=0.1570
    [train] iter 4260/4443  loss=0.1161
    [train] iter 4280/4443  loss=0.3533
    [train] iter 4300/4443  loss=0.1735
    [train] iter 4320/4443  loss=0.3172
    [train] iter 4340/4443  loss=0.2338
    [train] iter 4360/4443  loss=0.2295
    [train] iter 4380/4443  loss=0.1180
    [train] iter 4400/4443  loss=0.2171
    [train] iter 4420/4443  loss=0.1666
    [train] iter 4440/4443  loss=0.3983
  train_loss=0.2068  val_loss=0.2237  val_dice=0.7494

--- Epoch 12/100 (lr=2.91e-04) ---
    [train] iter 20/4443  loss=0.2220
    [train] iter 40/4443  loss=0.1632
    [train] iter 60/4443  loss=0.1505
    [train] iter 80/4443  loss=0.2712
    [train] iter 100/4443  loss=0.1751
    [train] iter 120/4443  loss=0.1317
    [train] iter 140/4443  loss=0.1205
    [train] iter 160/4443  loss=0.1629
    [train] iter 180/4443  loss=0.2563
    [train] iter 200/4443  loss=0.2204
    [train] iter 220/4443  loss=0.2021
    [train] iter 240/4443  loss=0.2176
    [train] iter 260/4443  loss=0.1413
    [train] iter 280/4443  loss=0.1800
    [train] iter 300/4443  loss=0.1573
    [train] iter 320/4443  loss=0.1455
    [train] iter 340/4443  loss=0.1343
    [train] iter 360/4443  loss=0.1021
    [train] iter 380/4443  loss=0.2209
    [train] iter 400/4443  loss=0.3008
    [train] iter 420/4443  loss=0.2208
    [train] iter 440/4443  loss=0.2026
    [train] iter 460/4443  loss=0.2507
    [train] iter 480/4443  loss=0.1645
    [train] iter 500/4443  loss=0.2798
    [train] iter 520/4443  loss=0.2248
    [train] iter 540/4443  loss=0.1151
    [train] iter 560/4443  loss=0.3280
    [train] iter 580/4443  loss=0.1254
    [train] iter 600/4443  loss=0.2349
    [train] iter 620/4443  loss=0.2947
    [train] iter 640/4443  loss=0.1444
    [train] iter 660/4443  loss=0.1174
    [train] iter 680/4443  loss=0.1510
    [train] iter 700/4443  loss=0.1264
    [train] iter 720/4443  loss=0.1383
    [train] iter 740/4443  loss=0.2404
    [train] iter 760/4443  loss=0.2750
    [train] iter 780/4443  loss=0.1230
    [train] iter 800/4443  loss=0.3708
    [train] iter 820/4443  loss=0.2373
    [train] iter 840/4443  loss=0.2696
    [train] iter 860/4443  loss=0.1305
    [train] iter 880/4443  loss=0.1802
    [train] iter 900/4443  loss=0.1818
    [train] iter 920/4443  loss=0.2939
    [train] iter 940/4443  loss=0.3732
    [train] iter 960/4443  loss=0.2219
    [train] iter 980/4443  loss=0.2584
    [train] iter 1000/4443  loss=0.1343
    [train] iter 1020/4443  loss=0.2830
    [train] iter 1040/4443  loss=0.1385
    [train] iter 1060/4443  loss=0.2102
    [train] iter 1080/4443  loss=0.2767
    [train] iter 1100/4443  loss=0.2289
    [train] iter 1120/4443  loss=0.1485
    [train] iter 1140/4443  loss=0.1572
    [train] iter 1160/4443  loss=0.2164
    [train] iter 1180/4443  loss=0.1827
    [train] iter 1200/4443  loss=0.2225
    [train] iter 1220/4443  loss=0.2506
    [train] iter 1240/4443  loss=0.1009
    [train] iter 1260/4443  loss=0.1299
    [train] iter 1280/4443  loss=0.2506
    [train] iter 1300/4443  loss=0.1664
    [train] iter 1320/4443  loss=0.1848
    [train] iter 1340/4443  loss=0.3060
    [train] iter 1360/4443  loss=0.2566
    [train] iter 1380/4443  loss=0.1457
    [train] iter 1400/4443  loss=0.1563
    [train] iter 1420/4443  loss=0.2233
    [train] iter 1440/4443  loss=0.2579
    [train] iter 1460/4443  loss=0.2080
    [train] iter 1480/4443  loss=0.2422
    [train] iter 1500/4443  loss=0.1895
    [train] iter 1520/4443  loss=0.1926
    [train] iter 1540/4443  loss=0.1945
    [train] iter 1560/4443  loss=0.2991
    [train] iter 1580/4443  loss=0.2618
    [train] iter 1600/4443  loss=0.2016
    [train] iter 1620/4443  loss=0.2091
    [train] iter 1640/4443  loss=0.3481
    [train] iter 1660/4443  loss=0.1935
    [train] iter 1680/4443  loss=0.3696
    [train] iter 1700/4443  loss=0.2160
    [train] iter 1720/4443  loss=0.2187
    [train] iter 1740/4443  loss=0.2121
    [train] iter 1760/4443  loss=0.2399
    [train] iter 1780/4443  loss=0.1445
    [train] iter 1800/4443  loss=0.1400
    [train] iter 1820/4443  loss=0.1461
    [train] iter 1840/4443  loss=0.1073
    [train] iter 1860/4443  loss=0.1763
    [train] iter 1880/4443  loss=0.2457
    [train] iter 1900/4443  loss=0.2073
    [train] iter 1920/4443  loss=0.2408
    [train] iter 1940/4443  loss=0.1338
    [train] iter 1960/4443  loss=0.2973
    [train] iter 1980/4443  loss=0.3463
    [train] iter 2000/4443  loss=0.1495
    [train] iter 2020/4443  loss=0.2286
    [train] iter 2040/4443  loss=0.1964
    [train] iter 2060/4443  loss=0.1964
    [train] iter 2080/4443  loss=0.1117
    [train] iter 2100/4443  loss=0.1269
    [train] iter 2120/4443  loss=0.3549
    [train] iter 2140/4443  loss=0.2937
    [train] iter 2160/4443  loss=0.1686
    [train] iter 2180/4443  loss=0.1489
    [train] iter 2200/4443  loss=0.2073
    [train] iter 2220/4443  loss=0.2725
    [train] iter 2240/4443  loss=0.2674
    [train] iter 2260/4443  loss=0.1471
    [train] iter 2280/4443  loss=0.3003
    [train] iter 2300/4443  loss=0.3626
    [train] iter 2320/4443  loss=0.3381
    [train] iter 2340/4443  loss=0.1870
    [train] iter 2360/4443  loss=0.2367
    [train] iter 2380/4443  loss=0.2890
    [train] iter 2400/4443  loss=0.1378
    [train] iter 2420/4443  loss=0.3192
    [train] iter 2440/4443  loss=0.2380
    [train] iter 2460/4443  loss=0.2658
    [train] iter 2480/4443  loss=0.1606
    [train] iter 2500/4443  loss=0.3115
    [train] iter 2520/4443  loss=0.2417
    [train] iter 2540/4443  loss=0.2544
    [train] iter 2560/4443  loss=0.1729
    [train] iter 2580/4443  loss=0.2512
    [train] iter 2600/4443  loss=0.2062
    [train] iter 2620/4443  loss=0.1562
    [train] iter 2640/4443  loss=0.2320
    [train] iter 2660/4443  loss=0.1492
    [train] iter 2680/4443  loss=0.1861
    [train] iter 2700/4443  loss=0.1450
    [train] iter 2720/4443  loss=0.1856
    [train] iter 2740/4443  loss=0.2285
    [train] iter 2760/4443  loss=0.2499
    [train] iter 2780/4443  loss=0.2353
    [train] iter 2800/4443  loss=0.1909
    [train] iter 2820/4443  loss=0.2196
    [train] iter 2840/4443  loss=0.1943
    [train] iter 2860/4443  loss=0.1813
    [train] iter 2880/4443  loss=0.1361
    [train] iter 2900/4443  loss=0.2484
    [train] iter 2920/4443  loss=0.1328
    [train] iter 2940/4443  loss=0.1897
    [train] iter 2960/4443  loss=0.3320
    [train] iter 2980/4443  loss=0.3124
    [train] iter 3000/4443  loss=0.0984
    [train] iter 3020/4443  loss=0.2173
    [train] iter 3040/4443  loss=0.1186
    [train] iter 3060/4443  loss=0.2674
    [train] iter 3080/4443  loss=0.2179
    [train] iter 3100/4443  loss=0.2171
    [train] iter 3120/4443  loss=0.1194
    [train] iter 3140/4443  loss=0.1492
    [train] iter 3160/4443  loss=0.1485
    [train] iter 3180/4443  loss=0.1728
    [train] iter 3200/4443  loss=0.1959
    [train] iter 3220/4443  loss=0.1434
    [train] iter 3240/4443  loss=0.1200
    [train] iter 3260/4443  loss=0.4313
    [train] iter 3280/4443  loss=0.2341
    [train] iter 3300/4443  loss=0.2876
    [train] iter 3320/4443  loss=0.1268
    [train] iter 3340/4443  loss=0.1989
    [train] iter 3360/4443  loss=0.1223
    [train] iter 3380/4443  loss=0.3190
    [train] iter 3400/4443  loss=0.2199
    [train] iter 3420/4443  loss=0.2250
    [train] iter 3440/4443  loss=0.1537
    [train] iter 3460/4443  loss=0.2438
    [train] iter 3480/4443  loss=0.2021
    [train] iter 3500/4443  loss=0.2369
    [train] iter 3520/4443  loss=0.1412
    [train] iter 3540/4443  loss=0.2064
    [train] iter 3560/4443  loss=0.1212
    [train] iter 3580/4443  loss=0.1559
    [train] iter 3600/4443  loss=0.1828
    [train] iter 3620/4443  loss=0.2201
    [train] iter 3640/4443  loss=0.1566
    [train] iter 3660/4443  loss=0.1123
    [train] iter 3680/4443  loss=0.1829
    [train] iter 3700/4443  loss=0.1275
    [train] iter 3720/4443  loss=0.2060
    [train] iter 3740/4443  loss=0.2077
    [train] iter 3760/4443  loss=0.1361
    [train] iter 3780/4443  loss=0.1690
    [train] iter 3800/4443  loss=0.2315
    [train] iter 3820/4443  loss=0.3218
    [train] iter 3840/4443  loss=0.3027
    [train] iter 3860/4443  loss=0.1207
    [train] iter 3880/4443  loss=0.3495
    [train] iter 3900/4443  loss=0.1613
    [train] iter 3920/4443  loss=0.2311
    [train] iter 3940/4443  loss=0.2258
    [train] iter 3960/4443  loss=0.1473
    [train] iter 3980/4443  loss=0.2008
    [train] iter 4000/4443  loss=0.1651
    [train] iter 4020/4443  loss=0.0909
    [train] iter 4040/4443  loss=0.2398
    [train] iter 4060/4443  loss=0.1814
    [train] iter 4080/4443  loss=0.1767
    [train] iter 4100/4443  loss=0.1395
    [train] iter 4120/4443  loss=0.2073
    [train] iter 4140/4443  loss=0.3297
    [train] iter 4160/4443  loss=0.2112
    [train] iter 4180/4443  loss=0.2743
    [train] iter 4200/4443  loss=0.1453
    [train] iter 4220/4443  loss=0.1934
    [train] iter 4240/4443  loss=0.2449
    [train] iter 4260/4443  loss=0.2526
    [train] iter 4280/4443  loss=0.2092
    [train] iter 4300/4443  loss=0.3823
    [train] iter 4320/4443  loss=0.0947
    [train] iter 4340/4443  loss=0.2122
    [train] iter 4360/4443  loss=0.2263
    [train] iter 4380/4443  loss=0.1456
    [train] iter 4400/4443  loss=0.1976
    [train] iter 4420/4443  loss=0.2275
    [train] iter 4440/4443  loss=0.2754
  train_loss=0.2052  val_loss=0.2064  val_dice=0.7674

--- Epoch 13/100 (lr=2.89e-04) ---
    [train] iter 20/4443  loss=0.0996
    [train] iter 40/4443  loss=0.1008
    [train] iter 60/4443  loss=0.1684
    [train] iter 80/4443  loss=0.2257
    [train] iter 100/4443  loss=0.1691
    [train] iter 120/4443  loss=0.1758
    [train] iter 140/4443  loss=0.2486
    [train] iter 160/4443  loss=0.2449
    [train] iter 180/4443  loss=0.1930
    [train] iter 200/4443  loss=0.1392
    [train] iter 220/4443  loss=0.1802
    [train] iter 240/4443  loss=0.1859
    [train] iter 260/4443  loss=0.2062
    [train] iter 280/4443  loss=0.1150
    [train] iter 300/4443  loss=0.3617
    [train] iter 320/4443  loss=0.2302
    [train] iter 340/4443  loss=0.1233
    [train] iter 360/4443  loss=0.2414
    [train] iter 380/4443  loss=0.2559
    [train] iter 400/4443  loss=0.1754
    [train] iter 420/4443  loss=0.1699
    [train] iter 440/4443  loss=0.1632
    [train] iter 460/4443  loss=0.1547
    [train] iter 480/4443  loss=0.2154
    [train] iter 500/4443  loss=0.2292
    [train] iter 520/4443  loss=0.1380
    [train] iter 540/4443  loss=0.1571
    [train] iter 560/4443  loss=0.1201
    [train] iter 580/4443  loss=0.1967
    [train] iter 600/4443  loss=0.1818
    [train] iter 620/4443  loss=0.3830
    [train] iter 640/4443  loss=0.1389
    [train] iter 660/4443  loss=0.4409
    [train] iter 680/4443  loss=0.2473
    [train] iter 700/4443  loss=0.1909
    [train] iter 720/4443  loss=0.1635
    [train] iter 740/4443  loss=0.1415
    [train] iter 760/4443  loss=0.2601
    [train] iter 780/4443  loss=0.1560
    [train] iter 800/4443  loss=0.2062
    [train] iter 820/4443  loss=0.2381
    [train] iter 840/4443  loss=0.1456
    [train] iter 860/4443  loss=0.2134
    [train] iter 880/4443  loss=0.1699
    [train] iter 900/4443  loss=0.3028
    [train] iter 920/4443  loss=0.1951
    [train] iter 940/4443  loss=0.1504
    [train] iter 960/4443  loss=0.2360
    [train] iter 980/4443  loss=0.2053
    [train] iter 1000/4443  loss=0.1200
    [train] iter 1020/4443  loss=0.1712
    [train] iter 1040/4443  loss=0.1386
    [train] iter 1060/4443  loss=0.2504
    [train] iter 1080/4443  loss=0.3845
    [train] iter 1100/4443  loss=0.1224
    [train] iter 1120/4443  loss=0.1264
    [train] iter 1140/4443  loss=0.1545
    [train] iter 1160/4443  loss=0.1488
    [train] iter 1180/4443  loss=0.1148
    [train] iter 1200/4443  loss=0.2140
    [train] iter 1220/4443  loss=0.2030
    [train] iter 1240/4443  loss=0.1708
    [train] iter 1260/4443  loss=0.2158
    [train] iter 1280/4443  loss=0.2148
    [train] iter 1300/4443  loss=0.1591
    [train] iter 1320/4443  loss=0.2501
    [train] iter 1340/4443  loss=0.1014
    [train] iter 1360/4443  loss=0.1165
    [train] iter 1380/4443  loss=0.2010
    [train] iter 1400/4443  loss=0.3363
    [train] iter 1420/4443  loss=0.1724
    [train] iter 1440/4443  loss=0.3399
    [train] iter 1460/4443  loss=0.2148
    [train] iter 1480/4443  loss=0.2249
    [train] iter 1500/4443  loss=0.2062
    [train] iter 1520/4443  loss=0.1894
    [train] iter 1540/4443  loss=0.1743
    [train] iter 1560/4443  loss=0.1980
    [train] iter 1580/4443  loss=0.2338
    [train] iter 1600/4443  loss=0.1889
    [train] iter 1620/4443  loss=0.1469
    [train] iter 1640/4443  loss=0.2164
    [train] iter 1660/4443  loss=0.1902
    [train] iter 1680/4443  loss=0.1473
    [train] iter 1700/4443  loss=0.1309
    [train] iter 1720/4443  loss=0.2273
    [train] iter 1740/4443  loss=0.3073
    [train] iter 1760/4443  loss=0.1453
    [train] iter 1780/4443  loss=0.1900
    [train] iter 1800/4443  loss=0.2361
    [train] iter 1820/4443  loss=0.2168
    [train] iter 1840/4443  loss=0.2733
    [train] iter 1860/4443  loss=0.3085
    [train] iter 1880/4443  loss=0.1513
    [train] iter 1900/4443  loss=0.2453
    [train] iter 1920/4443  loss=0.2236
    [train] iter 1940/4443  loss=0.1778
    [train] iter 1960/4443  loss=0.1956
    [train] iter 1980/4443  loss=0.1906
    [train] iter 2000/4443  loss=0.4362
    [train] iter 2020/4443  loss=0.2143
    [train] iter 2040/4443  loss=0.1980
    [train] iter 2060/4443  loss=0.1896
    [train] iter 2080/4443  loss=0.2713
    [train] iter 2100/4443  loss=0.3320
    [train] iter 2120/4443  loss=0.1577
    [train] iter 2140/4443  loss=0.2457
    [train] iter 2160/4443  loss=0.2129
    [train] iter 2180/4443  loss=0.1696
    [train] iter 2200/4443  loss=0.1809
    [train] iter 2220/4443  loss=0.1945
    [train] iter 2240/4443  loss=0.2777
    [train] iter 2260/4443  loss=0.1633
    [train] iter 2280/4443  loss=0.1473
    [train] iter 2300/4443  loss=0.2213
    [train] iter 2320/4443  loss=0.1892
    [train] iter 2340/4443  loss=0.2784
    [train] iter 2360/4443  loss=0.3047
    [train] iter 2380/4443  loss=0.2102
    [train] iter 2400/4443  loss=0.1484
    [train] iter 2420/4443  loss=0.1907
    [train] iter 2440/4443  loss=0.1098
    [train] iter 2460/4443  loss=0.1291
    [train] iter 2480/4443  loss=0.2428
    [train] iter 2500/4443  loss=0.2180
    [train] iter 2520/4443  loss=0.2042
    [train] iter 2540/4443  loss=0.2493
    [train] iter 2560/4443  loss=0.2581
    [train] iter 2580/4443  loss=0.1910
    [train] iter 2600/4443  loss=0.1982
    [train] iter 2620/4443  loss=0.2836
    [train] iter 2640/4443  loss=0.1424
    [train] iter 2660/4443  loss=0.2089
    [train] iter 2680/4443  loss=0.1397
    [train] iter 2700/4443  loss=0.1552
    [train] iter 2720/4443  loss=0.2657
    [train] iter 2740/4443  loss=0.1260
    [train] iter 2760/4443  loss=0.1166
    [train] iter 2780/4443  loss=0.1625
    [train] iter 2800/4443  loss=0.1322
    [train] iter 2820/4443  loss=0.2135
    [train] iter 2840/4443  loss=0.1457
    [train] iter 2860/4443  loss=0.2184
    [train] iter 2880/4443  loss=0.1275
    [train] iter 2900/4443  loss=0.1824
    [train] iter 2920/4443  loss=0.1478
    [train] iter 2940/4443  loss=0.1076
    [train] iter 2960/4443  loss=0.1639
    [train] iter 2980/4443  loss=0.2189
    [train] iter 3000/4443  loss=0.1156
    [train] iter 3020/4443  loss=0.1521
    [train] iter 3040/4443  loss=0.1621
    [train] iter 3060/4443  loss=0.1108
    [train] iter 3080/4443  loss=0.1995
    [train] iter 3100/4443  loss=0.1448
    [train] iter 3120/4443  loss=0.1015
    [train] iter 3140/4443  loss=0.1644
    [train] iter 3160/4443  loss=0.1876
    [train] iter 3180/4443  loss=0.2466
    [train] iter 3200/4443  loss=0.1485
    [train] iter 3220/4443  loss=0.1450
    [train] iter 3240/4443  loss=0.1087
    [train] iter 3260/4443  loss=0.2204
    [train] iter 3280/4443  loss=0.1303
    [train] iter 3300/4443  loss=0.2316
    [train] iter 3320/4443  loss=0.1302
    [train] iter 3340/4443  loss=0.3445
    [train] iter 3360/4443  loss=0.3291
    [train] iter 3380/4443  loss=0.1644
    [train] iter 3400/4443  loss=0.1651
    [train] iter 3420/4443  loss=0.2926
    [train] iter 3440/4443  loss=0.1568
    [train] iter 3460/4443  loss=0.2111
    [train] iter 3480/4443  loss=0.2801
    [train] iter 3500/4443  loss=0.1644
    [train] iter 3520/4443  loss=0.2189
    [train] iter 3540/4443  loss=0.2819
    [train] iter 3560/4443  loss=0.1609
    [train] iter 3580/4443  loss=0.2814
    [train] iter 3600/4443  loss=0.1336
    [train] iter 3620/4443  loss=0.2396
    [train] iter 3640/4443  loss=0.2615
    [train] iter 3660/4443  loss=0.1587
    [train] iter 3680/4443  loss=0.1602
    [train] iter 3700/4443  loss=0.2381
    [train] iter 3720/4443  loss=0.2271
    [train] iter 3740/4443  loss=0.2614
    [train] iter 3760/4443  loss=0.1697
    [train] iter 3780/4443  loss=0.1242
    [train] iter 3800/4443  loss=0.0695
    [train] iter 3820/4443  loss=0.1510
    [train] iter 3840/4443  loss=0.1685
    [train] iter 3860/4443  loss=0.1957
    [train] iter 3880/4443  loss=0.1850
    [train] iter 3900/4443  loss=0.2491
    [train] iter 3920/4443  loss=0.2667
    [train] iter 3940/4443  loss=0.1790
    [train] iter 3960/4443  loss=0.1679
    [train] iter 3980/4443  loss=0.1841
    [train] iter 4000/4443  loss=0.0957
    [train] iter 4020/4443  loss=0.1143
    [train] iter 4040/4443  loss=0.2089
    [train] iter 4060/4443  loss=0.3377
    [train] iter 4080/4443  loss=0.2303
    [train] iter 4100/4443  loss=0.3007
    [train] iter 4120/4443  loss=0.2253
    [train] iter 4140/4443  loss=0.2667
    [train] iter 4160/4443  loss=0.1699
    [train] iter 4180/4443  loss=0.2176
    [train] iter 4200/4443  loss=0.2153
    [train] iter 4220/4443  loss=0.2926
    [train] iter 4240/4443  loss=0.1877
    [train] iter 4260/4443  loss=0.1512
    [train] iter 4280/4443  loss=0.2040
    [train] iter 4300/4443  loss=0.2667
    [train] iter 4320/4443  loss=0.2032
    [train] iter 4340/4443  loss=0.2750
    [train] iter 4360/4443  loss=0.1792
    [train] iter 4380/4443  loss=0.1350
    [train] iter 4400/4443  loss=0.2456
    [train] iter 4420/4443  loss=0.2176
    [train] iter 4440/4443  loss=0.2571
  train_loss=0.2029  val_loss=0.1868  val_dice=0.7853

--- Epoch 14/100 (lr=2.88e-04) ---
    [train] iter 20/4443  loss=0.2282
    [train] iter 40/4443  loss=0.1419
    [train] iter 60/4443  loss=0.2824
    [train] iter 80/4443  loss=0.2340
    [train] iter 100/4443  loss=0.2513
    [train] iter 120/4443  loss=0.1461
    [train] iter 140/4443  loss=0.1513
    [train] iter 160/4443  loss=0.3310
    [train] iter 180/4443  loss=0.1820
    [train] iter 200/4443  loss=0.2815
    [train] iter 220/4443  loss=0.2647
    [train] iter 240/4443  loss=0.1094
    [train] iter 260/4443  loss=0.1891
    [train] iter 280/4443  loss=0.2013
    [train] iter 300/4443  loss=0.1876
    [train] iter 320/4443  loss=0.2722
    [train] iter 340/4443  loss=0.1387
    [train] iter 360/4443  loss=0.1556
    [train] iter 380/4443  loss=0.3577
    [train] iter 400/4443  loss=0.1625
    [train] iter 420/4443  loss=0.1372
    [train] iter 440/4443  loss=0.1996
    [train] iter 460/4443  loss=0.2870
    [train] iter 480/4443  loss=0.2091
    [train] iter 500/4443  loss=0.1367
    [train] iter 520/4443  loss=0.2163
    [train] iter 540/4443  loss=0.1792
    [train] iter 560/4443  loss=0.2107
    [train] iter 580/4443  loss=0.2295
    [train] iter 600/4443  loss=0.1232
    [train] iter 620/4443  loss=0.2107
    [train] iter 640/4443  loss=0.1935
    [train] iter 660/4443  loss=0.3518
    [train] iter 680/4443  loss=0.2788
    [train] iter 700/4443  loss=0.1393
    [train] iter 720/4443  loss=0.3243
    [train] iter 740/4443  loss=0.2359
    [train] iter 760/4443  loss=0.2021
    [train] iter 780/4443  loss=0.1589
    [train] iter 800/4443  loss=0.1107
    [train] iter 820/4443  loss=0.1849
    [train] iter 840/4443  loss=0.2159
    [train] iter 860/4443  loss=0.1522
    [train] iter 880/4443  loss=0.1344
    [train] iter 900/4443  loss=0.1047
    [train] iter 920/4443  loss=0.0991
    [train] iter 940/4443  loss=0.2032
    [train] iter 960/4443  loss=0.2712
    [train] iter 980/4443  loss=0.3420
    [train] iter 1000/4443  loss=0.2644
    [train] iter 1020/4443  loss=0.3214
    [train] iter 1040/4443  loss=0.1739
    [train] iter 1060/4443  loss=0.2353
    [train] iter 1080/4443  loss=0.1348
    [train] iter 1100/4443  loss=0.1971
    [train] iter 1120/4443  loss=0.1203
    [train] iter 1140/4443  loss=0.1959
    [train] iter 1160/4443  loss=0.0750
    [train] iter 1180/4443  loss=0.1244
    [train] iter 1200/4443  loss=0.1719
    [train] iter 1220/4443  loss=0.2964
    [train] iter 1240/4443  loss=0.1254
    [train] iter 1260/4443  loss=0.2372
    [train] iter 1280/4443  loss=0.2383
    [train] iter 1300/4443  loss=0.1631
    [train] iter 1320/4443  loss=0.1775
    [train] iter 1340/4443  loss=0.2931
    [train] iter 1360/4443  loss=0.3190
    [train] iter 1380/4443  loss=0.1933
    [train] iter 1400/4443  loss=0.3103
    [train] iter 1420/4443  loss=0.1138
    [train] iter 1440/4443  loss=0.0968
    [train] iter 1460/4443  loss=0.2082
    [train] iter 1480/4443  loss=0.2051
    [train] iter 1500/4443  loss=0.2434
    [train] iter 1520/4443  loss=0.1723
    [train] iter 1540/4443  loss=0.1300
    [train] iter 1560/4443  loss=0.2296
    [train] iter 1580/4443  loss=0.1294
    [train] iter 1600/4443  loss=0.1309
    [train] iter 1620/4443  loss=0.2085
    [train] iter 1640/4443  loss=0.2142
    [train] iter 1660/4443  loss=0.1482
    [train] iter 1680/4443  loss=0.2256
    [train] iter 1700/4443  loss=0.2810
    [train] iter 1720/4443  loss=0.2175
    [train] iter 1740/4443  loss=0.1127
    [train] iter 1760/4443  loss=0.1669
    [train] iter 1780/4443  loss=0.1613
    [train] iter 1800/4443  loss=0.1392
    [train] iter 1820/4443  loss=0.1651
    [train] iter 1840/4443  loss=0.2845
    [train] iter 1860/4443  loss=0.1291
    [train] iter 1880/4443  loss=0.1252
    [train] iter 1900/4443  loss=0.2191
    [train] iter 1920/4443  loss=0.1200
    [train] iter 1940/4443  loss=0.2952
    [train] iter 1960/4443  loss=0.2326
    [train] iter 1980/4443  loss=0.2295
    [train] iter 2000/4443  loss=0.1894
    [train] iter 2020/4443  loss=0.2708
    [train] iter 2040/4443  loss=0.3066
    [train] iter 2060/4443  loss=0.2476
    [train] iter 2080/4443  loss=0.2436
    [train] iter 2100/4443  loss=0.2388
    [train] iter 2120/4443  loss=0.2662
    [train] iter 2140/4443  loss=0.1594
    [train] iter 2160/4443  loss=0.2249
    [train] iter 2180/4443  loss=0.2026
    [train] iter 2200/4443  loss=0.1426
    [train] iter 2220/4443  loss=0.2566
    [train] iter 2240/4443  loss=0.2410
    [train] iter 2260/4443  loss=0.4179
    [train] iter 2280/4443  loss=0.3110
    [train] iter 2300/4443  loss=0.2233
    [train] iter 2320/4443  loss=0.2000
    [train] iter 2340/4443  loss=0.1591
    [train] iter 2360/4443  loss=0.1919
    [train] iter 2380/4443  loss=0.2885
    [train] iter 2400/4443  loss=0.1375
    [train] iter 2420/4443  loss=0.1960
    [train] iter 2440/4443  loss=0.2382
    [train] iter 2460/4443  loss=0.1016
    [train] iter 2480/4443  loss=0.1564
    [train] iter 2500/4443  loss=0.1200
    [train] iter 2520/4443  loss=0.2010
    [train] iter 2540/4443  loss=0.2568
    [train] iter 2560/4443  loss=0.1568
    [train] iter 2580/4443  loss=0.3640
    [train] iter 2600/4443  loss=0.1313
    [train] iter 2620/4443  loss=0.1796
    [train] iter 2640/4443  loss=0.1649
    [train] iter 2660/4443  loss=0.2285
    [train] iter 2680/4443  loss=0.1683
    [train] iter 2700/4443  loss=0.2698
    [train] iter 2720/4443  loss=0.1557
    [train] iter 2740/4443  loss=0.1492
    [train] iter 2760/4443  loss=0.1959
    [train] iter 2780/4443  loss=0.1132
    [train] iter 2800/4443  loss=0.1104
    [train] iter 2820/4443  loss=0.3109
    [train] iter 2840/4443  loss=0.3040
    [train] iter 2860/4443  loss=0.1055
    [train] iter 2880/4443  loss=0.2277
    [train] iter 2900/4443  loss=0.1085
    [train] iter 2920/4443  loss=0.2291
    [train] iter 2940/4443  loss=0.1577
    [train] iter 2960/4443  loss=0.1587
    [train] iter 2980/4443  loss=0.1814
    [train] iter 3000/4443  loss=0.2163
    [train] iter 3020/4443  loss=0.2124
    [train] iter 3040/4443  loss=0.1805
    [train] iter 3060/4443  loss=0.1791
    [train] iter 3080/4443  loss=0.1324
    [train] iter 3100/4443  loss=0.1885
    [train] iter 3120/4443  loss=0.1928
    [train] iter 3140/4443  loss=0.2040
    [train] iter 3160/4443  loss=0.2548
    [train] iter 3180/4443  loss=0.1769
    [train] iter 3200/4443  loss=0.1282
    [train] iter 3220/4443  loss=0.2361
    [train] iter 3240/4443  loss=0.2076
    [train] iter 3260/4443  loss=0.1992
    [train] iter 3280/4443  loss=0.0822
    [train] iter 3300/4443  loss=0.0780
    [train] iter 3320/4443  loss=0.3057
    [train] iter 3340/4443  loss=0.1582
    [train] iter 3360/4443  loss=0.1703
    [train] iter 3380/4443  loss=0.1615
    [train] iter 3400/4443  loss=0.1352
    [train] iter 3420/4443  loss=0.2208
    [train] iter 3440/4443  loss=0.3547
    [train] iter 3460/4443  loss=0.2212
    [train] iter 3480/4443  loss=0.2019
    [train] iter 3500/4443  loss=0.2958
    [train] iter 3520/4443  loss=0.1887
    [train] iter 3540/4443  loss=0.3220
    [train] iter 3560/4443  loss=0.1623
    [train] iter 3580/4443  loss=0.2096
    [train] iter 3600/4443  loss=0.1589
    [train] iter 3620/4443  loss=0.2385
    [train] iter 3640/4443  loss=0.2708
    [train] iter 3660/4443  loss=0.1508
    [train] iter 3680/4443  loss=0.1356
    [train] iter 3700/4443  loss=0.1700
    [train] iter 3720/4443  loss=0.2490
    [train] iter 3740/4443  loss=0.2166
    [train] iter 3760/4443  loss=0.1697
    [train] iter 3780/4443  loss=0.1726
    [train] iter 3800/4443  loss=0.1810
    [train] iter 3820/4443  loss=0.2195
    [train] iter 3840/4443  loss=0.2184
    [train] iter 3860/4443  loss=0.2692
    [train] iter 3880/4443  loss=0.2643
    [train] iter 3900/4443  loss=0.1569
    [train] iter 3920/4443  loss=0.3198
    [train] iter 3940/4443  loss=0.1110
    [train] iter 3960/4443  loss=0.1868
    [train] iter 3980/4443  loss=0.2141
    [train] iter 4000/4443  loss=0.1302
    [train] iter 4020/4443  loss=0.1172
    [train] iter 4040/4443  loss=0.1615
    [train] iter 4060/4443  loss=0.2398
    [train] iter 4080/4443  loss=0.3163
    [train] iter 4100/4443  loss=0.1754
    [train] iter 4120/4443  loss=0.1143
    [train] iter 4140/4443  loss=0.1742
    [train] iter 4160/4443  loss=0.1278
    [train] iter 4180/4443  loss=0.1558
    [train] iter 4200/4443  loss=0.3390
    [train] iter 4220/4443  loss=0.1809
    [train] iter 4240/4443  loss=0.1053
    [train] iter 4260/4443  loss=0.1919
    [train] iter 4280/4443  loss=0.1694
    [train] iter 4300/4443  loss=0.2137
    [train] iter 4320/4443  loss=0.2440
    [train] iter 4340/4443  loss=0.2470
    [train] iter 4360/4443  loss=0.1858
    [train] iter 4380/4443  loss=0.3226
    [train] iter 4400/4443  loss=0.1625
    [train] iter 4420/4443  loss=0.1099
    [train] iter 4440/4443  loss=0.2933
  train_loss=0.2007  val_loss=0.1885  val_dice=0.7829

--- Epoch 15/100 (lr=2.86e-04) ---
    [train] iter 20/4443  loss=0.1787
    [train] iter 40/4443  loss=0.2061
    [train] iter 60/4443  loss=0.1116
    [train] iter 80/4443  loss=0.1198
    [train] iter 100/4443  loss=0.2033
    [train] iter 120/4443  loss=0.3011
    [train] iter 140/4443  loss=0.1723
    [train] iter 160/4443  loss=0.1670
    [train] iter 180/4443  loss=0.1733
    [train] iter 200/4443  loss=0.1251
    [train] iter 220/4443  loss=0.2597
    [train] iter 240/4443  loss=0.2734
    [train] iter 260/4443  loss=0.1624
    [train] iter 280/4443  loss=0.2745
    [train] iter 300/4443  loss=0.2090
    [train] iter 320/4443  loss=0.1805
    [train] iter 340/4443  loss=0.1940
    [train] iter 360/4443  loss=0.1333
    [train] iter 380/4443  loss=0.1362
    [train] iter 400/4443  loss=0.2670
    [train] iter 420/4443  loss=0.2454
    [train] iter 440/4443  loss=0.2566
    [train] iter 460/4443  loss=0.1420
    [train] iter 480/4443  loss=0.0752
    [train] iter 500/4443  loss=0.1853
    [train] iter 520/4443  loss=0.1071
    [train] iter 540/4443  loss=0.2164
    [train] iter 560/4443  loss=0.2048
    [train] iter 580/4443  loss=0.1723
    [train] iter 600/4443  loss=0.1469
    [train] iter 620/4443  loss=0.1525
    [train] iter 640/4443  loss=0.1987
    [train] iter 660/4443  loss=0.1381
    [train] iter 680/4443  loss=0.1684
    [train] iter 700/4443  loss=0.1623
    [train] iter 720/4443  loss=0.4437
    [train] iter 740/4443  loss=0.1260
    [train] iter 760/4443  loss=0.2445
    [train] iter 780/4443  loss=0.2898
    [train] iter 800/4443  loss=0.1481
    [train] iter 820/4443  loss=0.2563
    [train] iter 840/4443  loss=0.1585
    [train] iter 860/4443  loss=0.1787
    [train] iter 880/4443  loss=0.1866
    [train] iter 900/4443  loss=0.2180
    [train] iter 920/4443  loss=0.1814
    [train] iter 940/4443  loss=0.1428
    [train] iter 960/4443  loss=0.1380
    [train] iter 980/4443  loss=0.1919
    [train] iter 1000/4443  loss=0.1538
    [train] iter 1020/4443  loss=0.2133
    [train] iter 1040/4443  loss=0.2196
    [train] iter 1060/4443  loss=0.2364
    [train] iter 1080/4443  loss=0.0985
    [train] iter 1100/4443  loss=0.1699
    [train] iter 1120/4443  loss=0.1889
    [train] iter 1140/4443  loss=0.2060
    [train] iter 1160/4443  loss=0.1515
    [train] iter 1180/4443  loss=0.2477
    [train] iter 1200/4443  loss=0.1998
    [train] iter 1220/4443  loss=0.2816
    [train] iter 1240/4443  loss=0.1876
    [train] iter 1260/4443  loss=0.2176
    [train] iter 1280/4443  loss=0.1731
    [train] iter 1300/4443  loss=0.1708
    [train] iter 1320/4443  loss=0.3073
    [train] iter 1340/4443  loss=0.2100
    [train] iter 1360/4443  loss=0.1192
    [train] iter 1380/4443  loss=0.2603
    [train] iter 1400/4443  loss=0.3523
    [train] iter 1420/4443  loss=0.1773
    [train] iter 1440/4443  loss=0.1645
    [train] iter 1460/4443  loss=0.1760
    [train] iter 1480/4443  loss=0.2997
    [train] iter 1500/4443  loss=0.1850
    [train] iter 1520/4443  loss=0.1938
    [train] iter 1540/4443  loss=0.0802
    [train] iter 1560/4443  loss=0.1952
    [train] iter 1580/4443  loss=0.2468
    [train] iter 1600/4443  loss=0.1711
    [train] iter 1620/4443  loss=0.3391
    [train] iter 1640/4443  loss=0.2229
    [train] iter 1660/4443  loss=0.1989
    [train] iter 1680/4443  loss=0.2794
    [train] iter 1700/4443  loss=0.1998
    [train] iter 1720/4443  loss=0.2655
    [train] iter 1740/4443  loss=0.1424
    [train] iter 1760/4443  loss=0.1489
    [train] iter 1780/4443  loss=0.1725
    [train] iter 1800/4443  loss=0.0737
    [train] iter 1820/4443  loss=0.2063
    [train] iter 1840/4443  loss=0.2083
    [train] iter 1860/4443  loss=0.1859
    [train] iter 1880/4443  loss=0.3458
    [train] iter 1900/4443  loss=0.1822
    [train] iter 1920/4443  loss=0.1988
    [train] iter 1940/4443  loss=0.1518
    [train] iter 1960/4443  loss=0.2566
    [train] iter 1980/4443  loss=0.2135
    [train] iter 2000/4443  loss=0.1621
    [train] iter 2020/4443  loss=0.1238
    [train] iter 2040/4443  loss=0.1317
    [train] iter 2060/4443  loss=0.1233
    [train] iter 2080/4443  loss=0.1321
    [train] iter 2100/4443  loss=0.1012
    [train] iter 2120/4443  loss=0.0813
    [train] iter 2140/4443  loss=0.2472
    [train] iter 2160/4443  loss=0.2877
    [train] iter 2180/4443  loss=0.0580
    [train] iter 2200/4443  loss=0.1943
    [train] iter 2220/4443  loss=0.1632
    [train] iter 2240/4443  loss=0.1157
    [train] iter 2260/4443  loss=0.4198
    [train] iter 2280/4443  loss=0.1956
    [train] iter 2300/4443  loss=0.1695
    [train] iter 2320/4443  loss=0.1207
    [train] iter 2340/4443  loss=0.2378
    [train] iter 2360/4443  loss=0.2424
    [train] iter 2380/4443  loss=0.1297
    [train] iter 2400/4443  loss=0.1738
    [train] iter 2420/4443  loss=0.2018
    [train] iter 2440/4443  loss=0.1452
    [train] iter 2460/4443  loss=0.1343
    [train] iter 2480/4443  loss=0.3126
    [train] iter 2500/4443  loss=0.1374
    [train] iter 2520/4443  loss=0.2464
    [train] iter 2540/4443  loss=0.1100
    [train] iter 2560/4443  loss=0.1260
    [train] iter 2580/4443  loss=0.1642
    [train] iter 2600/4443  loss=0.1896
    [train] iter 2620/4443  loss=0.1907
    [train] iter 2640/4443  loss=0.1457
    [train] iter 2660/4443  loss=0.1607
    [train] iter 2680/4443  loss=0.2084
    [train] iter 2700/4443  loss=0.1800
    [train] iter 2720/4443  loss=0.2306
    [train] iter 2740/4443  loss=0.1579
    [train] iter 2760/4443  loss=0.1677
    [train] iter 2780/4443  loss=0.1434
    [train] iter 2800/4443  loss=0.0841
    [train] iter 2820/4443  loss=0.2111
    [train] iter 2840/4443  loss=0.1676
    [train] iter 2860/4443  loss=0.2872
    [train] iter 2880/4443  loss=0.2579
    [train] iter 2900/4443  loss=0.1847
    [train] iter 2920/4443  loss=0.1421
    [train] iter 2940/4443  loss=0.2824
    [train] iter 2960/4443  loss=0.1966
    [train] iter 2980/4443  loss=0.1888
    [train] iter 3000/4443  loss=0.2292
    [train] iter 3020/4443  loss=0.2938
    [train] iter 3040/4443  loss=0.1398
    [train] iter 3060/4443  loss=0.2852
    [train] iter 3080/4443  loss=0.1185
    [train] iter 3100/4443  loss=0.1203
    [train] iter 3120/4443  loss=0.1921
    [train] iter 3140/4443  loss=0.2962
    [train] iter 3160/4443  loss=0.2488
    [train] iter 3180/4443  loss=0.1338
    [train] iter 3200/4443  loss=0.1855
    [train] iter 3220/4443  loss=0.2399
    [train] iter 3240/4443  loss=0.3121
    [train] iter 3260/4443  loss=0.1336
    [train] iter 3280/4443  loss=0.1863
    [train] iter 3300/4443  loss=0.1951
    [train] iter 3320/4443  loss=0.2254
    [train] iter 3340/4443  loss=0.1995
    [train] iter 3360/4443  loss=0.2687
    [train] iter 3380/4443  loss=0.3181
    [train] iter 3400/4443  loss=0.1761
    [train] iter 3420/4443  loss=0.1121
    [train] iter 3440/4443  loss=0.1446
    [train] iter 3460/4443  loss=0.2117
    [train] iter 3480/4443  loss=0.1955
    [train] iter 3500/4443  loss=0.1369
    [train] iter 3520/4443  loss=0.3296
    [train] iter 3540/4443  loss=0.1602
    [train] iter 3560/4443  loss=0.1581
    [train] iter 3580/4443  loss=0.2379
    [train] iter 3600/4443  loss=0.3178
    [train] iter 3620/4443  loss=0.1286
    [train] iter 3640/4443  loss=0.2326
    [train] iter 3660/4443  loss=0.1679
    [train] iter 3680/4443  loss=0.2046
    [train] iter 3700/4443  loss=0.1429
    [train] iter 3720/4443  loss=0.2054
    [train] iter 3740/4443  loss=0.2263
    [train] iter 3760/4443  loss=0.1425
    [train] iter 3780/4443  loss=0.2326
    [train] iter 3800/4443  loss=0.2054
    [train] iter 3820/4443  loss=0.1770
    [train] iter 3840/4443  loss=0.1866
    [train] iter 3860/4443  loss=0.1257
    [train] iter 3880/4443  loss=0.1961
    [train] iter 3900/4443  loss=0.1696
    [train] iter 3920/4443  loss=0.3043
    [train] iter 3940/4443  loss=0.1050
    [train] iter 3960/4443  loss=0.2350
    [train] iter 3980/4443  loss=0.1074
    [train] iter 4000/4443  loss=0.2211
    [train] iter 4020/4443  loss=0.2480
    [train] iter 4040/4443  loss=0.0996
    [train] iter 4060/4443  loss=0.1912
    [train] iter 4080/4443  loss=0.1716
    [train] iter 4100/4443  loss=0.2346
    [train] iter 4120/4443  loss=0.1867
    [train] iter 4140/4443  loss=0.1645
    [train] iter 4160/4443  loss=0.1963
    [train] iter 4180/4443  loss=0.2167
    [train] iter 4200/4443  loss=0.2165
    [train] iter 4220/4443  loss=0.1186
    [train] iter 4240/4443  loss=0.2344
    [train] iter 4260/4443  loss=0.2201
    [train] iter 4280/4443  loss=0.1712
    [train] iter 4300/4443  loss=0.2467
    [train] iter 4320/4443  loss=0.2254
    [train] iter 4340/4443  loss=0.1883
    [train] iter 4360/4443  loss=0.1912
    [train] iter 4380/4443  loss=0.1521
    [train] iter 4400/4443  loss=0.1759
    [train] iter 4420/4443  loss=0.2952
    [train] iter 4440/4443  loss=0.1752
  train_loss=0.1961  val_loss=0.1935  val_dice=0.7784

--- Epoch 16/100 (lr=2.84e-04) ---
    [train] iter 20/4443  loss=0.1976
    [train] iter 40/4443  loss=0.2503
    [train] iter 60/4443  loss=0.1721
    [train] iter 80/4443  loss=0.2464
    [train] iter 100/4443  loss=0.2142
    [train] iter 120/4443  loss=0.1508
    [train] iter 140/4443  loss=0.1247
    [train] iter 160/4443  loss=0.1254
    [train] iter 180/4443  loss=0.2701
    [train] iter 200/4443  loss=0.1570
    [train] iter 220/4443  loss=0.2920
    [train] iter 240/4443  loss=0.1791
    [train] iter 260/4443  loss=0.1780
    [train] iter 280/4443  loss=0.1345
    [train] iter 300/4443  loss=0.1180
    [train] iter 320/4443  loss=0.1689
    [train] iter 340/4443  loss=0.1781
    [train] iter 360/4443  loss=0.1398
    [train] iter 380/4443  loss=0.1408
    [train] iter 400/4443  loss=0.1392
    [train] iter 420/4443  loss=0.1233
    [train] iter 440/4443  loss=0.1835
    [train] iter 460/4443  loss=0.2308
    [train] iter 480/4443  loss=0.1761
    [train] iter 500/4443  loss=0.3105
    [train] iter 520/4443  loss=0.1987
    [train] iter 540/4443  loss=0.1817
    [train] iter 560/4443  loss=0.1515
    [train] iter 580/4443  loss=0.2858
    [train] iter 600/4443  loss=0.1858
    [train] iter 620/4443  loss=0.1793
    [train] iter 640/4443  loss=0.1308
    [train] iter 660/4443  loss=0.1856
    [train] iter 680/4443  loss=0.2408
    [train] iter 700/4443  loss=0.1462
    [train] iter 720/4443  loss=0.1931
    [train] iter 740/4443  loss=0.1494
    [train] iter 760/4443  loss=0.2828
    [train] iter 780/4443  loss=0.1780
    [train] iter 800/4443  loss=0.2722
    [train] iter 820/4443  loss=0.2395
    [train] iter 840/4443  loss=0.1738
    [train] iter 860/4443  loss=0.1927
    [train] iter 880/4443  loss=0.1686
    [train] iter 900/4443  loss=0.1952
    [train] iter 920/4443  loss=0.1409
    [train] iter 940/4443  loss=0.1073
    [train] iter 960/4443  loss=0.1746
    [train] iter 980/4443  loss=0.1321
    [train] iter 1000/4443  loss=0.1808
    [train] iter 1020/4443  loss=0.2412
    [train] iter 1040/4443  loss=0.3276
    [train] iter 1060/4443  loss=0.3367
    [train] iter 1080/4443  loss=0.1421
    [train] iter 1100/4443  loss=0.1840
    [train] iter 1120/4443  loss=0.2528
    [train] iter 1140/4443  loss=0.1821
    [train] iter 1160/4443  loss=0.0756
    [train] iter 1180/4443  loss=0.1566
    [train] iter 1200/4443  loss=0.1974
    [train] iter 1220/4443  loss=0.2002
    [train] iter 1240/4443  loss=0.2050
    [train] iter 1260/4443  loss=0.2471
    [train] iter 1280/4443  loss=0.3679
    [train] iter 1300/4443  loss=0.2767
    [train] iter 1320/4443  loss=0.1551
    [train] iter 1340/4443  loss=0.1536
    [train] iter 1360/4443  loss=0.2825
    [train] iter 1380/4443  loss=0.3059
    [train] iter 1400/4443  loss=0.1543
    [train] iter 1420/4443  loss=0.2535
    [train] iter 1440/4443  loss=0.2858
    [train] iter 1460/4443  loss=0.1838
    [train] iter 1480/4443  loss=0.1656
    [train] iter 1500/4443  loss=0.1789
    [train] iter 1520/4443  loss=0.2576
    [train] iter 1540/4443  loss=0.3435
    [train] iter 1560/4443  loss=0.1635
    [train] iter 1580/4443  loss=0.2145
    [train] iter 1600/4443  loss=0.1831
    [train] iter 1620/4443  loss=0.1171
    [train] iter 1640/4443  loss=0.2127
    [train] iter 1660/4443  loss=0.2042
    [train] iter 1680/4443  loss=0.2781
    [train] iter 1700/4443  loss=0.1107
    [train] iter 1720/4443  loss=0.2695
    [train] iter 1740/4443  loss=0.1611
    [train] iter 1760/4443  loss=0.1487
    [train] iter 1780/4443  loss=0.1500
    [train] iter 1800/4443  loss=0.2017
    [train] iter 1820/4443  loss=0.2654
    [train] iter 1840/4443  loss=0.2809
    [train] iter 1860/4443  loss=0.3226
    [train] iter 1880/4443  loss=0.2440
    [train] iter 1900/4443  loss=0.3243
    [train] iter 1920/4443  loss=0.1145
    [train] iter 1940/4443  loss=0.1432
    [train] iter 1960/4443  loss=0.2145
    [train] iter 1980/4443  loss=0.2354
    [train] iter 2000/4443  loss=0.2366
    [train] iter 2020/4443  loss=0.1869
    [train] iter 2040/4443  loss=0.2217
    [train] iter 2060/4443  loss=0.1363
    [train] iter 2080/4443  loss=0.3122
    [train] iter 2100/4443  loss=0.1723
    [train] iter 2120/4443  loss=0.2019
    [train] iter 2140/4443  loss=0.2908
    [train] iter 2160/4443  loss=0.1497
    [train] iter 2180/4443  loss=0.1842
    [train] iter 2200/4443  loss=0.1555
    [train] iter 2220/4443  loss=0.2978
    [train] iter 2240/4443  loss=0.2114
    [train] iter 2260/4443  loss=0.3498
    [train] iter 2280/4443  loss=0.1381
    [train] iter 2300/4443  loss=0.1870
    [train] iter 2320/4443  loss=0.2529
    [train] iter 2340/4443  loss=0.1664
    [train] iter 2360/4443  loss=0.2523
    [train] iter 2380/4443  loss=0.2714
    [train] iter 2400/4443  loss=0.2634
    [train] iter 2420/4443  loss=0.2612
    [train] iter 2440/4443  loss=0.1964
    [train] iter 2460/4443  loss=0.1212
    [train] iter 2480/4443  loss=0.3747
    [train] iter 2500/4443  loss=0.2226
    [train] iter 2520/4443  loss=0.2096
    [train] iter 2540/4443  loss=0.2101
    [train] iter 2560/4443  loss=0.2461
    [train] iter 2580/4443  loss=0.1986
    [train] iter 2600/4443  loss=0.1377
    [train] iter 2620/4443  loss=0.2659
    [train] iter 2640/4443  loss=0.4045
    [train] iter 2660/4443  loss=0.1580
    [train] iter 2680/4443  loss=0.2524
    [train] iter 2700/4443  loss=0.1345
    [train] iter 2720/4443  loss=0.2727
    [train] iter 2740/4443  loss=0.2048
    [train] iter 2760/4443  loss=0.1534
    [train] iter 2780/4443  loss=0.1543
    [train] iter 2800/4443  loss=0.2785
    [train] iter 2820/4443  loss=0.1527
    [train] iter 2840/4443  loss=0.1450
    [train] iter 2860/4443  loss=0.2032
    [train] iter 2880/4443  loss=0.1099
    [train] iter 2900/4443  loss=0.2241
    [train] iter 2920/4443  loss=0.2460
    [train] iter 2940/4443  loss=0.2009
    [train] iter 2960/4443  loss=0.2588
    [train] iter 2980/4443  loss=0.2191
    [train] iter 3000/4443  loss=0.1298
    [train] iter 3020/4443  loss=0.1991
    [train] iter 3040/4443  loss=0.2415
    [train] iter 3060/4443  loss=0.1836
    [train] iter 3080/4443  loss=0.1414
    [train] iter 3100/4443  loss=0.1359
    [train] iter 3120/4443  loss=0.1833
    [train] iter 3140/4443  loss=0.3313
    [train] iter 3160/4443  loss=0.1569
    [train] iter 3180/4443  loss=0.1533
    [train] iter 3200/4443  loss=0.3103
    [train] iter 3220/4443  loss=0.1566
    [train] iter 3240/4443  loss=0.2699
    [train] iter 3260/4443  loss=0.1128
    [train] iter 3280/4443  loss=0.1403
    [train] iter 3300/4443  loss=0.2020
    [train] iter 3320/4443  loss=0.2220
    [train] iter 3340/4443  loss=0.1423
    [train] iter 3360/4443  loss=0.2299
    [train] iter 3380/4443  loss=0.2083
    [train] iter 3400/4443  loss=0.0977
    [train] iter 3420/4443  loss=0.1575
    [train] iter 3440/4443  loss=0.1585
    [train] iter 3460/4443  loss=0.1174
    [train] iter 3480/4443  loss=0.1325
    [train] iter 3500/4443  loss=0.1038
    [train] iter 3520/4443  loss=0.1468
    [train] iter 3540/4443  loss=0.2371
    [train] iter 3560/4443  loss=0.1092
    [train] iter 3580/4443  loss=0.2285
    [train] iter 3600/4443  loss=0.2565
    [train] iter 3620/4443  loss=0.1573
    [train] iter 3640/4443  loss=0.1546
    [train] iter 3660/4443  loss=0.1020
    [train] iter 3680/4443  loss=0.1561
    [train] iter 3700/4443  loss=0.1622
    [train] iter 3720/4443  loss=0.2187
    [train] iter 3740/4443  loss=0.2501
    [train] iter 3760/4443  loss=0.1707
    [train] iter 3780/4443  loss=0.0849
    [train] iter 3800/4443  loss=0.1376
    [train] iter 3820/4443  loss=0.1748
    [train] iter 3840/4443  loss=0.2313
    [train] iter 3860/4443  loss=0.2098
    [train] iter 3880/4443  loss=0.1260
    [train] iter 3900/4443  loss=0.2287
    [train] iter 3920/4443  loss=0.1102
    [train] iter 3940/4443  loss=0.2114
    [train] iter 3960/4443  loss=0.2581
    [train] iter 3980/4443  loss=0.2386
    [train] iter 4000/4443  loss=0.2478
    [train] iter 4020/4443  loss=0.1396
    [train] iter 4040/4443  loss=0.2418
    [train] iter 4060/4443  loss=0.1784
    [train] iter 4080/4443  loss=0.1433
    [train] iter 4100/4443  loss=0.1243
    [train] iter 4120/4443  loss=0.1443
    [train] iter 4140/4443  loss=0.2497
    [train] iter 4160/4443  loss=0.1119
    [train] iter 4180/4443  loss=0.1191
    [train] iter 4200/4443  loss=0.2017
    [train] iter 4220/4443  loss=0.1941
    [train] iter 4240/4443  loss=0.2266
    [train] iter 4260/4443  loss=0.2741
    [train] iter 4280/4443  loss=0.1847
    [train] iter 4300/4443  loss=0.1746
    [train] iter 4320/4443  loss=0.2570
    [train] iter 4340/4443  loss=0.2198
    [train] iter 4360/4443  loss=0.2388
    [train] iter 4380/4443  loss=0.2131
    [train] iter 4400/4443  loss=0.2321
    [train] iter 4420/4443  loss=0.1426
    [train] iter 4440/4443  loss=0.1433
  train_loss=0.1941  val_loss=0.1873  val_dice=0.7851

--- Epoch 17/100 (lr=2.81e-04) ---
    [train] iter 20/4443  loss=0.1266
    [train] iter 40/4443  loss=0.2422
    [train] iter 60/4443  loss=0.2039
    [train] iter 80/4443  loss=0.2123
    [train] iter 100/4443  loss=0.1427
    [train] iter 120/4443  loss=0.2127
    [train] iter 140/4443  loss=0.1899
    [train] iter 160/4443  loss=0.1085
    [train] iter 180/4443  loss=0.2022
    [train] iter 200/4443  loss=0.1196
    [train] iter 220/4443  loss=0.3218
    [train] iter 240/4443  loss=0.1392
    [train] iter 260/4443  loss=0.1704
    [train] iter 280/4443  loss=0.0749
    [train] iter 300/4443  loss=0.2047
    [train] iter 320/4443  loss=0.1609
    [train] iter 340/4443  loss=0.1392
    [train] iter 360/4443  loss=0.1413
    [train] iter 380/4443  loss=0.2040
    [train] iter 400/4443  loss=0.0960
    [train] iter 420/4443  loss=0.1533
    [train] iter 440/4443  loss=0.1848
    [train] iter 460/4443  loss=0.1733
    [train] iter 480/4443  loss=0.1410
    [train] iter 500/4443  loss=0.2020
    [train] iter 520/4443  loss=0.1825
    [train] iter 540/4443  loss=0.1511
    [train] iter 560/4443  loss=0.1462
    [train] iter 580/4443  loss=0.1663
    [train] iter 600/4443  loss=0.1568
    [train] iter 620/4443  loss=0.1955
    [train] iter 640/4443  loss=0.1881
    [train] iter 660/4443  loss=0.2069
    [train] iter 680/4443  loss=0.1485
    [train] iter 700/4443  loss=0.1315
    [train] iter 720/4443  loss=0.1652
    [train] iter 740/4443  loss=0.1143
    [train] iter 760/4443  loss=0.2130
    [train] iter 780/4443  loss=0.1941
    [train] iter 800/4443  loss=0.2584
    [train] iter 820/4443  loss=0.2380
    [train] iter 840/4443  loss=0.2060
    [train] iter 860/4443  loss=0.1702
    [train] iter 880/4443  loss=0.1855
    [train] iter 900/4443  loss=0.2440
    [train] iter 920/4443  loss=0.2547
    [train] iter 940/4443  loss=0.1870
    [train] iter 960/4443  loss=0.1407
    [train] iter 980/4443  loss=0.2560
    [train] iter 1000/4443  loss=0.2009
    [train] iter 1020/4443  loss=0.1259
    [train] iter 1040/4443  loss=0.1967
    [train] iter 1060/4443  loss=0.2213
    [train] iter 1080/4443  loss=0.1876
    [train] iter 1100/4443  loss=0.0947
    [train] iter 1120/4443  loss=0.2182
    [train] iter 1140/4443  loss=0.0955
    [train] iter 1160/4443  loss=0.1285
    [train] iter 1180/4443  loss=0.1473
    [train] iter 1200/4443  loss=0.3414
    [train] iter 1220/4443  loss=0.1529
    [train] iter 1240/4443  loss=0.3148
    [train] iter 1260/4443  loss=0.2062
    [train] iter 1280/4443  loss=0.2700
    [train] iter 1300/4443  loss=0.1211
    [train] iter 1320/4443  loss=0.2469
    [train] iter 1340/4443  loss=0.2227
    [train] iter 1360/4443  loss=0.2406
    [train] iter 1380/4443  loss=0.1128
    [train] iter 1400/4443  loss=0.1339
    [train] iter 1420/4443  loss=0.2852
    [train] iter 1440/4443  loss=0.2785
    [train] iter 1460/4443  loss=0.1056
    [train] iter 1480/4443  loss=0.0936
    [train] iter 1500/4443  loss=0.0777
    [train] iter 1520/4443  loss=0.1320
    [train] iter 1540/4443  loss=0.1956
    [train] iter 1560/4443  loss=0.1400
    [train] iter 1580/4443  loss=0.3031
    [train] iter 1600/4443  loss=0.1889
    [train] iter 1620/4443  loss=0.1913
    [train] iter 1640/4443  loss=0.1859
    [train] iter 1660/4443  loss=0.2008
    [train] iter 1680/4443  loss=0.1556
    [train] iter 1700/4443  loss=0.1243
    [train] iter 1720/4443  loss=0.2717
    [train] iter 1740/4443  loss=0.0848
    [train] iter 1760/4443  loss=0.1531
    [train] iter 1780/4443  loss=0.2164
    [train] iter 1800/4443  loss=0.1100
    [train] iter 1820/4443  loss=0.2293
    [train] iter 1840/4443  loss=0.1175
    [train] iter 1860/4443  loss=0.1228
    [train] iter 1880/4443  loss=0.1610
    [train] iter 1900/4443  loss=0.2200
    [train] iter 1920/4443  loss=0.1207
    [train] iter 1940/4443  loss=0.2661
    [train] iter 1960/4443  loss=0.2225
    [train] iter 1980/4443  loss=0.1722
    [train] iter 2000/4443  loss=0.1933
    [train] iter 2020/4443  loss=0.2308
    [train] iter 2040/4443  loss=0.1764
    [train] iter 2060/4443  loss=0.1294
    [train] iter 2080/4443  loss=0.1271
    [train] iter 2100/4443  loss=0.1606
    [train] iter 2120/4443  loss=0.1334
    [train] iter 2140/4443  loss=0.1657
    [train] iter 2160/4443  loss=0.1639
    [train] iter 2180/4443  loss=0.2384
    [train] iter 2200/4443  loss=0.1993
    [train] iter 2220/4443  loss=0.2641
    [train] iter 2240/4443  loss=0.3548
    [train] iter 2260/4443  loss=0.1726
    [train] iter 2280/4443  loss=0.1429
    [train] iter 2300/4443  loss=0.2425
    [train] iter 2320/4443  loss=0.1768
    [train] iter 2340/4443  loss=0.1102
    [train] iter 2360/4443  loss=0.1456
    [train] iter 2380/4443  loss=0.1465
    [train] iter 2400/4443  loss=0.2343
    [train] iter 2420/4443  loss=0.1569
    [train] iter 2440/4443  loss=0.2305
    [train] iter 2460/4443  loss=0.2285
    [train] iter 2480/4443  loss=0.2216
    [train] iter 2500/4443  loss=0.2007
    [train] iter 2520/4443  loss=0.2138
    [train] iter 2540/4443  loss=0.1597
    [train] iter 2560/4443  loss=0.2542
    [train] iter 2580/4443  loss=0.1230
    [train] iter 2600/4443  loss=0.1640
    [train] iter 2620/4443  loss=0.1715
    [train] iter 2640/4443  loss=0.1501
    [train] iter 2660/4443  loss=0.1811
    [train] iter 2680/4443  loss=0.2703
    [train] iter 2700/4443  loss=0.2120
    [train] iter 2720/4443  loss=0.1612
    [train] iter 2740/4443  loss=0.1705
    [train] iter 2760/4443  loss=0.2252
    [train] iter 2780/4443  loss=0.1744
    [train] iter 2800/4443  loss=0.1062
    [train] iter 2820/4443  loss=0.0845
    [train] iter 2840/4443  loss=0.2590
    [train] iter 2860/4443  loss=0.1316
    [train] iter 2880/4443  loss=0.1810
    [train] iter 2900/4443  loss=0.1304
    [train] iter 2920/4443  loss=0.1897
    [train] iter 2940/4443  loss=0.2402
    [train] iter 2960/4443  loss=0.2389
    [train] iter 2980/4443  loss=0.1227
    [train] iter 3000/4443  loss=0.2368
    [train] iter 3020/4443  loss=0.1863
    [train] iter 3040/4443  loss=0.2238
    [train] iter 3060/4443  loss=0.1196
    [train] iter 3080/4443  loss=0.2683
    [train] iter 3100/4443  loss=0.2280
    [train] iter 3120/4443  loss=0.1468
    [train] iter 3140/4443  loss=0.1483
    [train] iter 3160/4443  loss=0.0806
    [train] iter 3180/4443  loss=0.2284
    [train] iter 3200/4443  loss=0.1235
    [train] iter 3220/4443  loss=0.2267
    [train] iter 3240/4443  loss=0.3697
    [train] iter 3260/4443  loss=0.1938
    [train] iter 3280/4443  loss=0.1684
    [train] iter 3300/4443  loss=0.2511
    [train] iter 3320/4443  loss=0.1341
    [train] iter 3340/4443  loss=0.2432
    [train] iter 3360/4443  loss=0.2018
    [train] iter 3380/4443  loss=0.3018
    [train] iter 3400/4443  loss=0.2114
    [train] iter 3420/4443  loss=0.1255
    [train] iter 3440/4443  loss=0.0965
    [train] iter 3460/4443  loss=0.3398
    [train] iter 3480/4443  loss=0.1384
    [train] iter 3500/4443  loss=0.2170
    [train] iter 3520/4443  loss=0.1603
    [train] iter 3540/4443  loss=0.1424
    [train] iter 3560/4443  loss=0.1661
    [train] iter 3580/4443  loss=0.1613
    [train] iter 3600/4443  loss=0.1213
    [train] iter 3620/4443  loss=0.4022
    [train] iter 3640/4443  loss=0.1464
    [train] iter 3660/4443  loss=0.1524
    [train] iter 3680/4443  loss=0.1991
    [train] iter 3700/4443  loss=0.1105
    [train] iter 3720/4443  loss=0.0960
    [train] iter 3740/4443  loss=0.1547
    [train] iter 3760/4443  loss=0.2659
    [train] iter 3780/4443  loss=0.1436
    [train] iter 3800/4443  loss=0.1409
    [train] iter 3820/4443  loss=0.3615
    [train] iter 3840/4443  loss=0.2861
    [train] iter 3860/4443  loss=0.1786
    [train] iter 3880/4443  loss=0.0841
    [train] iter 3900/4443  loss=0.0971
    [train] iter 3920/4443  loss=0.1204
    [train] iter 3940/4443  loss=0.1717
    [train] iter 3960/4443  loss=0.1442
    [train] iter 3980/4443  loss=0.2155
    [train] iter 4000/4443  loss=0.2213
    [train] iter 4020/4443  loss=0.1680
    [train] iter 4040/4443  loss=0.2118
    [train] iter 4060/4443  loss=0.2560
    [train] iter 4080/4443  loss=0.1685
    [train] iter 4100/4443  loss=0.1322
    [train] iter 4120/4443  loss=0.2085
    [train] iter 4140/4443  loss=0.1406
    [train] iter 4160/4443  loss=0.2264
    [train] iter 4180/4443  loss=0.1991
    [train] iter 4200/4443  loss=0.1681
    [train] iter 4220/4443  loss=0.1401
    [train] iter 4240/4443  loss=0.2117
    [train] iter 4260/4443  loss=0.2185
    [train] iter 4280/4443  loss=0.3455
    [train] iter 4300/4443  loss=0.1159
    [train] iter 4320/4443  loss=0.1201
    [train] iter 4340/4443  loss=0.1574
    [train] iter 4360/4443  loss=0.2363
    [train] iter 4380/4443  loss=0.2289
    [train] iter 4400/4443  loss=0.2393
    [train] iter 4420/4443  loss=0.1661
    [train] iter 4440/4443  loss=0.2349
  train_loss=0.1880  val_loss=0.2119  val_dice=0.7610

--- Epoch 18/100 (lr=2.79e-04) ---
    [train] iter 20/4443  loss=0.1589
    [train] iter 40/4443  loss=0.1827
    [train] iter 60/4443  loss=0.1482
    [train] iter 80/4443  loss=0.1864
    [train] iter 100/4443  loss=0.1173
    [train] iter 120/4443  loss=0.1466
    [train] iter 140/4443  loss=0.1830
    [train] iter 160/4443  loss=0.1201
    [train] iter 180/4443  loss=0.1350
    [train] iter 200/4443  loss=0.1052
    [train] iter 220/4443  loss=0.1943
    [train] iter 240/4443  loss=0.1417
    [train] iter 260/4443  loss=0.1384
    [train] iter 280/4443  loss=0.2101
    [train] iter 300/4443  loss=0.2040
    [train] iter 320/4443  loss=0.2049
    [train] iter 340/4443  loss=0.1562
    [train] iter 360/4443  loss=0.1488
    [train] iter 380/4443  loss=0.1635
    [train] iter 400/4443  loss=0.2312
    [train] iter 420/4443  loss=0.2577
    [train] iter 440/4443  loss=0.0992
    [train] iter 460/4443  loss=0.0784
    [train] iter 480/4443  loss=0.1389
    [train] iter 500/4443  loss=0.1850
    [train] iter 520/4443  loss=0.2058
    [train] iter 540/4443  loss=0.2420
    [train] iter 560/4443  loss=0.1440
    [train] iter 580/4443  loss=0.1509
    [train] iter 600/4443  loss=0.2601
    [train] iter 620/4443  loss=0.1644
    [train] iter 640/4443  loss=0.1688
    [train] iter 660/4443  loss=0.2024
    [train] iter 680/4443  loss=0.1872
    [train] iter 700/4443  loss=0.1306
    [train] iter 720/4443  loss=0.1505
    [train] iter 740/4443  loss=0.1031
    [train] iter 760/4443  loss=0.1152
    [train] iter 780/4443  loss=0.2301
    [train] iter 800/4443  loss=0.1254
    [train] iter 820/4443  loss=0.2140
    [train] iter 840/4443  loss=0.1876
    [train] iter 860/4443  loss=0.2022
    [train] iter 880/4443  loss=0.1656
    [train] iter 900/4443  loss=0.2817
    [train] iter 920/4443  loss=0.1295
    [train] iter 940/4443  loss=0.2379
    [train] iter 960/4443  loss=0.2209
    [train] iter 980/4443  loss=0.1298
    [train] iter 1000/4443  loss=0.1706
    [train] iter 1020/4443  loss=0.2293
    [train] iter 1040/4443  loss=0.2410
    [train] iter 1060/4443  loss=0.2832
    [train] iter 1080/4443  loss=0.2219
    [train] iter 1100/4443  loss=0.1355
    [train] iter 1120/4443  loss=0.2151
    [train] iter 1140/4443  loss=0.1322
    [train] iter 1160/4443  loss=0.2405
    [train] iter 1180/4443  loss=0.2953
    [train] iter 1200/4443  loss=0.2033
    [train] iter 1220/4443  loss=0.1880
    [train] iter 1240/4443  loss=0.3066
    [train] iter 1260/4443  loss=0.2012
    [train] iter 1280/4443  loss=0.1624
    [train] iter 1300/4443  loss=0.1841
    [train] iter 1320/4443  loss=0.2351
    [train] iter 1340/4443  loss=0.1792
    [train] iter 1360/4443  loss=0.2225
    [train] iter 1380/4443  loss=0.1424
    [train] iter 1400/4443  loss=0.3196
    [train] iter 1420/4443  loss=0.1618
    [train] iter 1440/4443  loss=0.2366
    [train] iter 1460/4443  loss=0.2277
    [train] iter 1480/4443  loss=0.1513
    [train] iter 1500/4443  loss=0.2139
    [train] iter 1520/4443  loss=0.2576
    [train] iter 1540/4443  loss=0.2035
    [train] iter 1560/4443  loss=0.1706
    [train] iter 1580/4443  loss=0.0986
    [train] iter 1600/4443  loss=0.1742
    [train] iter 1620/4443  loss=0.1795
    [train] iter 1640/4443  loss=0.4330
    [train] iter 1660/4443  loss=0.1295
    [train] iter 1680/4443  loss=0.1477
    [train] iter 1700/4443  loss=0.1504
    [train] iter 1720/4443  loss=0.3043
    [train] iter 1740/4443  loss=0.1249
    [train] iter 1760/4443  loss=0.2257
    [train] iter 1780/4443  loss=0.2141
    [train] iter 1800/4443  loss=0.2668
    [train] iter 1820/4443  loss=0.1290
    [train] iter 1840/4443  loss=0.1025
    [train] iter 1860/4443  loss=0.2019
    [train] iter 1880/4443  loss=0.3146
    [train] iter 1900/4443  loss=0.1371
    [train] iter 1920/4443  loss=0.2515
    [train] iter 1940/4443  loss=0.1655
    [train] iter 1960/4443  loss=0.1217
    [train] iter 1980/4443  loss=0.1093
    [train] iter 2000/4443  loss=0.1602
    [train] iter 2020/4443  loss=0.1909
    [train] iter 2040/4443  loss=0.1539
    [train] iter 2060/4443  loss=0.1464
    [train] iter 2080/4443  loss=0.2706
    [train] iter 2100/4443  loss=0.0895
    [train] iter 2120/4443  loss=0.1348
    [train] iter 2140/4443  loss=0.2369
    [train] iter 2160/4443  loss=0.0836
    [train] iter 2180/4443  loss=0.2707
    [train] iter 2200/4443  loss=0.2576
    [train] iter 2220/4443  loss=0.1872
    [train] iter 2240/4443  loss=0.1182
    [train] iter 2260/4443  loss=0.1403
    [train] iter 2280/4443  loss=0.2076
    [train] iter 2300/4443  loss=0.1864
    [train] iter 2320/4443  loss=0.2321
    [train] iter 2340/4443  loss=0.2614
    [train] iter 2360/4443  loss=0.2638
    [train] iter 2380/4443  loss=0.1501
    [train] iter 2400/4443  loss=0.1097
    [train] iter 2420/4443  loss=0.1559
    [train] iter 2440/4443  loss=0.2157
    [train] iter 2460/4443  loss=0.1464
    [train] iter 2480/4443  loss=0.1811
    [train] iter 2500/4443  loss=0.1489
    [train] iter 2520/4443  loss=0.1718
    [train] iter 2540/4443  loss=0.2184
    [train] iter 2560/4443  loss=0.1385
    [train] iter 2580/4443  loss=0.1751
    [train] iter 2600/4443  loss=0.1196
    [train] iter 2620/4443  loss=0.2861
    [train] iter 2640/4443  loss=0.1486
    [train] iter 2660/4443  loss=0.3344
    [train] iter 2680/4443  loss=0.1794
    [train] iter 2700/4443  loss=0.1578
    [train] iter 2720/4443  loss=0.2059
    [train] iter 2740/4443  loss=0.0989
    [train] iter 2760/4443  loss=0.2983
    [train] iter 2780/4443  loss=0.2566
    [train] iter 2800/4443  loss=0.2221
    [train] iter 2820/4443  loss=0.1848
    [train] iter 2840/4443  loss=0.2012
    [train] iter 2860/4443  loss=0.1464
    [train] iter 2880/4443  loss=0.1445
    [train] iter 2900/4443  loss=0.1631
    [train] iter 2920/4443  loss=0.2450
    [train] iter 2940/4443  loss=0.1612
    [train] iter 2960/4443  loss=0.1736
    [train] iter 2980/4443  loss=0.2089
    [train] iter 3000/4443  loss=0.2336
    [train] iter 3020/4443  loss=0.1581
    [train] iter 3040/4443  loss=0.1862
    [train] iter 3060/4443  loss=0.2613
    [train] iter 3080/4443  loss=0.1665
    [train] iter 3100/4443  loss=0.1502
    [train] iter 3120/4443  loss=0.1687
    [train] iter 3140/4443  loss=0.1619
    [train] iter 3160/4443  loss=0.2428
    [train] iter 3180/4443  loss=0.1859
    [train] iter 3200/4443  loss=0.1243
    [train] iter 3220/4443  loss=0.3474
    [train] iter 3240/4443  loss=0.1955
    [train] iter 3260/4443  loss=0.1280
    [train] iter 3280/4443  loss=0.1710
    [train] iter 3300/4443  loss=0.2821
    [train] iter 3320/4443  loss=0.1232
    [train] iter 3340/4443  loss=0.2259
    [train] iter 3360/4443  loss=0.1648
    [train] iter 3380/4443  loss=0.2199
    [train] iter 3400/4443  loss=0.2219
    [train] iter 3420/4443  loss=0.2981
    [train] iter 3440/4443  loss=0.1894
    [train] iter 3460/4443  loss=0.1714
    [train] iter 3480/4443  loss=0.1700
    [train] iter 3500/4443  loss=0.2355
    [train] iter 3520/4443  loss=0.2611
    [train] iter 3540/4443  loss=0.1335
    [train] iter 3560/4443  loss=0.2447
    [train] iter 3580/4443  loss=0.0952
    [train] iter 3600/4443  loss=0.1829
    [train] iter 3620/4443  loss=0.1449
    [train] iter 3640/4443  loss=0.1295
    [train] iter 3660/4443  loss=0.1721
    [train] iter 3680/4443  loss=0.1186
    [train] iter 3700/4443  loss=0.2552
    [train] iter 3720/4443  loss=0.1457
    [train] iter 3740/4443  loss=0.1443
    [train] iter 3760/4443  loss=0.1954
    [train] iter 3780/4443  loss=0.1455
    [train] iter 3800/4443  loss=0.2133
    [train] iter 3820/4443  loss=0.2135
    [train] iter 3840/4443  loss=0.1530
    [train] iter 3860/4443  loss=0.1875
    [train] iter 3880/4443  loss=0.2174
    [train] iter 3900/4443  loss=0.1186
    [train] iter 3920/4443  loss=0.3332
    [train] iter 3940/4443  loss=0.1498
    [train] iter 3960/4443  loss=0.1387
    [train] iter 3980/4443  loss=0.0902
    [train] iter 4000/4443  loss=0.1553
    [train] iter 4020/4443  loss=0.3004
    [train] iter 4040/4443  loss=0.1745
    [train] iter 4060/4443  loss=0.2644
    [train] iter 4080/4443  loss=0.1268
    [train] iter 4100/4443  loss=0.1614
    [train] iter 4120/4443  loss=0.2365
    [train] iter 4140/4443  loss=0.2007
    [train] iter 4160/4443  loss=0.1829
    [train] iter 4180/4443  loss=0.1475
    [train] iter 4200/4443  loss=0.1775
    [train] iter 4220/4443  loss=0.2964
    [train] iter 4240/4443  loss=0.1274
    [train] iter 4260/4443  loss=0.1196
    [train] iter 4280/4443  loss=0.1548
    [train] iter 4300/4443  loss=0.1502
    [train] iter 4320/4443  loss=0.1868
    [train] iter 4340/4443  loss=0.1373
    [train] iter 4360/4443  loss=0.2411
    [train] iter 4380/4443  loss=0.2124
    [train] iter 4400/4443  loss=0.0868
    [train] iter 4420/4443  loss=0.1641
    [train] iter 4440/4443  loss=0.1195
  train_loss=0.1847  val_loss=0.1813  val_dice=0.7890
  [best] val_dice=0.7890 已保存

--- Epoch 19/100 (lr=2.77e-04) ---
    [train] iter 20/4443  loss=0.1682
    [train] iter 40/4443  loss=0.1227
    [train] iter 60/4443  loss=0.2912
    [train] iter 80/4443  loss=0.2003
    [train] iter 100/4443  loss=0.1704
    [train] iter 120/4443  loss=0.1643
    [train] iter 140/4443  loss=0.1505
    [train] iter 160/4443  loss=0.1657
    [train] iter 180/4443  loss=0.2099
    [train] iter 200/4443  loss=0.2293
    [train] iter 220/4443  loss=0.1371
    [train] iter 240/4443  loss=0.2075
    [train] iter 260/4443  loss=0.1841
    [train] iter 280/4443  loss=0.1667
    [train] iter 300/4443  loss=0.2301
    [train] iter 320/4443  loss=0.1767
    [train] iter 340/4443  loss=0.1512
    [train] iter 360/4443  loss=0.1300
    [train] iter 380/4443  loss=0.1627
    [train] iter 400/4443  loss=0.1822
    [train] iter 420/4443  loss=0.2935
    [train] iter 440/4443  loss=0.1183
    [train] iter 460/4443  loss=0.2301
    [train] iter 480/4443  loss=0.1319
    [train] iter 500/4443  loss=0.1868
    [train] iter 520/4443  loss=0.2480
    [train] iter 540/4443  loss=0.1250
    [train] iter 560/4443  loss=0.4278
    [train] iter 580/4443  loss=0.1720
    [train] iter 600/4443  loss=0.1715
    [train] iter 620/4443  loss=0.2389
    [train] iter 640/4443  loss=0.2735
    [train] iter 660/4443  loss=0.1499
    [train] iter 680/4443  loss=0.2079
    [train] iter 700/4443  loss=0.1324
    [train] iter 720/4443  loss=0.1784
    [train] iter 740/4443  loss=0.3875
    [train] iter 760/4443  loss=0.1096
    [train] iter 780/4443  loss=0.1204
    [train] iter 800/4443  loss=0.1451
    [train] iter 820/4443  loss=0.1175
    [train] iter 840/4443  loss=0.1649
    [train] iter 860/4443  loss=0.1870
    [train] iter 880/4443  loss=0.2707
    [train] iter 900/4443  loss=0.1457
    [train] iter 920/4443  loss=0.2516
    [train] iter 940/4443  loss=0.2218
    [train] iter 960/4443  loss=0.1195
    [train] iter 980/4443  loss=0.2193
    [train] iter 1000/4443  loss=0.2811
    [train] iter 1020/4443  loss=0.1689
    [train] iter 1040/4443  loss=0.1974
    [train] iter 1060/4443  loss=0.2559
    [train] iter 1080/4443  loss=0.1574
    [train] iter 1100/4443  loss=0.1875
    [train] iter 1120/4443  loss=0.1833
    [train] iter 1140/4443  loss=0.1696
    [train] iter 1160/4443  loss=0.1630
    [train] iter 1180/4443  loss=0.2071
    [train] iter 1200/4443  loss=0.1840
    [train] iter 1220/4443  loss=0.2352
    [train] iter 1240/4443  loss=0.1068
    [train] iter 1260/4443  loss=0.1346
    [train] iter 1280/4443  loss=0.1785
    [train] iter 1300/4443  loss=0.1713
    [train] iter 1320/4443  loss=0.3297
    [train] iter 1340/4443  loss=0.1684
    [train] iter 1360/4443  loss=0.1942
    [train] iter 1380/4443  loss=0.1935
    [train] iter 1400/4443  loss=0.1920
    [train] iter 1420/4443  loss=0.1730
    [train] iter 1440/4443  loss=0.4026
    [train] iter 1460/4443  loss=0.2361
    [train] iter 1480/4443  loss=0.2412
    [train] iter 1500/4443  loss=0.1695
    [train] iter 1520/4443  loss=0.1849
    [train] iter 1540/4443  loss=0.2095
    [train] iter 1560/4443  loss=0.1229
    [train] iter 1580/4443  loss=0.1040
    [train] iter 1600/4443  loss=0.2935
    [train] iter 1620/4443  loss=0.0799
    [train] iter 1640/4443  loss=0.3171
    [train] iter 1660/4443  loss=0.1869
    [train] iter 1680/4443  loss=0.1401
    [train] iter 1700/4443  loss=0.2301
    [train] iter 1720/4443  loss=0.1909
    [train] iter 1740/4443  loss=0.1350
    [train] iter 1760/4443  loss=0.1410
    [train] iter 1780/4443  loss=0.1161
    [train] iter 1800/4443  loss=0.1260
    [train] iter 1820/4443  loss=0.2023
    [train] iter 1840/4443  loss=0.1551
    [train] iter 1860/4443  loss=0.1489
    [train] iter 1880/4443  loss=0.2224
    [train] iter 1900/4443  loss=0.2523
    [train] iter 1920/4443  loss=0.3069
    [train] iter 1940/4443  loss=0.1884
    [train] iter 1960/4443  loss=0.1316
    [train] iter 1980/4443  loss=0.1936
    [train] iter 2000/4443  loss=0.1571
    [train] iter 2020/4443  loss=0.2020
    [train] iter 2040/4443  loss=0.2356
    [train] iter 2060/4443  loss=0.2804
    [train] iter 2080/4443  loss=0.2336
    [train] iter 2100/4443  loss=0.2210
    [train] iter 2120/4443  loss=0.2730
    [train] iter 2140/4443  loss=0.1477
    [train] iter 2160/4443  loss=0.1378
    [train] iter 2180/4443  loss=0.2571
    [train] iter 2200/4443  loss=0.1835
    [train] iter 2220/4443  loss=0.2091
    [train] iter 2240/4443  loss=0.2582
    [train] iter 2260/4443  loss=0.1322
    [train] iter 2280/4443  loss=0.1989
    [train] iter 2300/4443  loss=0.1984
    [train] iter 2320/4443  loss=0.2501
    [train] iter 2340/4443  loss=0.1834
    [train] iter 2360/4443  loss=0.2193
    [train] iter 2380/4443  loss=0.1576
    [train] iter 2400/4443  loss=0.1716
    [train] iter 2420/4443  loss=0.1623
    [train] iter 2440/4443  loss=0.1966
    [train] iter 2460/4443  loss=0.0866
    [train] iter 2480/4443  loss=0.1590
    [train] iter 2500/4443  loss=0.1056
    [train] iter 2520/4443  loss=0.2194
    [train] iter 2540/4443  loss=0.1707
    [train] iter 2560/4443  loss=0.2272
    [train] iter 2580/4443  loss=0.1151
    [train] iter 2600/4443  loss=0.2567
    [train] iter 2620/4443  loss=0.1481
    [train] iter 2640/4443  loss=0.2224
    [train] iter 2660/4443  loss=0.3301
    [train] iter 2680/4443  loss=0.1285
    [train] iter 2700/4443  loss=0.1586
    [train] iter 2720/4443  loss=0.0802
    [train] iter 2740/4443  loss=0.1998
    [train] iter 2760/4443  loss=0.1677
    [train] iter 2780/4443  loss=0.2530
    [train] iter 2800/4443  loss=0.2571
    [train] iter 2820/4443  loss=0.2015
    [train] iter 2840/4443  loss=0.1565
    [train] iter 2860/4443  loss=0.1939
    [train] iter 2880/4443  loss=0.1659
    [train] iter 2900/4443  loss=0.1272
    [train] iter 2920/4443  loss=0.1261
    [train] iter 2940/4443  loss=0.1169
    [train] iter 2960/4443  loss=0.1731
    [train] iter 2980/4443  loss=0.2407
    [train] iter 3000/4443  loss=0.2671
    [train] iter 3020/4443  loss=0.1226
    [train] iter 3040/4443  loss=0.1804
    [train] iter 3060/4443  loss=0.1201
    [train] iter 3080/4443  loss=0.2033
    [train] iter 3100/4443  loss=0.3813
    [train] iter 3120/4443  loss=0.2604
    [train] iter 3140/4443  loss=0.1233
    [train] iter 3160/4443  loss=0.2170
    [train] iter 3180/4443  loss=0.1323
    [train] iter 3200/4443  loss=0.2118
    [train] iter 3220/4443  loss=0.1657
    [train] iter 3240/4443  loss=0.0945
    [train] iter 3260/4443  loss=0.1777
    [train] iter 3280/4443  loss=0.1803
    [train] iter 3300/4443  loss=0.1228
    [train] iter 3320/4443  loss=0.1403
    [train] iter 3340/4443  loss=0.1695
    [train] iter 3360/4443  loss=0.2243
    [train] iter 3380/4443  loss=0.1335
    [train] iter 3400/4443  loss=0.2429
    [train] iter 3420/4443  loss=0.2131
    [train] iter 3440/4443  loss=0.3321
    [train] iter 3460/4443  loss=0.1596
    [train] iter 3480/4443  loss=0.1728
    [train] iter 3500/4443  loss=0.2256
    [train] iter 3520/4443  loss=0.1293
    [train] iter 3540/4443  loss=0.1463
    [train] iter 3560/4443  loss=0.1896
    [train] iter 3580/4443  loss=0.1561
    [train] iter 3600/4443  loss=0.2920
    [train] iter 3620/4443  loss=0.1345
    [train] iter 3640/4443  loss=0.2679
    [train] iter 3660/4443  loss=0.1631
    [train] iter 3680/4443  loss=0.1716
    [train] iter 3700/4443  loss=0.2656
    [train] iter 3720/4443  loss=0.2028
    [train] iter 3740/4443  loss=0.1087
    [train] iter 3760/4443  loss=0.1448
    [train] iter 3780/4443  loss=0.1840
    [train] iter 3800/4443  loss=0.1893
    [train] iter 3820/4443  loss=0.1534
    [train] iter 3840/4443  loss=0.1544
    [train] iter 3860/4443  loss=0.1729
    [train] iter 3880/4443  loss=0.1580
    [train] iter 3900/4443  loss=0.2655
    [train] iter 3920/4443  loss=0.2322
    [train] iter 3940/4443  loss=0.1517
    [train] iter 3960/4443  loss=0.1214
    [train] iter 3980/4443  loss=0.2285
    [train] iter 4000/4443  loss=0.1025
    [train] iter 4020/4443  loss=0.1834
    [train] iter 4040/4443  loss=0.3870
    [train] iter 4060/4443  loss=0.1319
    [train] iter 4080/4443  loss=0.1750
    [train] iter 4100/4443  loss=0.0862
    [train] iter 4120/4443  loss=0.1161
    [train] iter 4140/4443  loss=0.1550
    [train] iter 4160/4443  loss=0.1829
    [train] iter 4180/4443  loss=0.1698
    [train] iter 4200/4443  loss=0.1185
    [train] iter 4220/4443  loss=0.1683
    [train] iter 4240/4443  loss=0.1182
    [train] iter 4260/4443  loss=0.0852
    [train] iter 4280/4443  loss=0.1353
    [train] iter 4300/4443  loss=0.1700
    [train] iter 4320/4443  loss=0.1751
    [train] iter 4340/4443  loss=0.1252
    [train] iter 4360/4443  loss=0.1371
    [train] iter 4380/4443  loss=0.2508
    [train] iter 4400/4443  loss=0.1242
    [train] iter 4420/4443  loss=0.2089
    [train] iter 4440/4443  loss=0.1938
  train_loss=0.1811  val_loss=0.1830  val_dice=0.7912
  [best] val_dice=0.7912 已保存

--- Epoch 20/100 (lr=2.74e-04) ---
    [train] iter 20/4443  loss=0.1450
    [train] iter 40/4443  loss=0.1018
    [train] iter 60/4443  loss=0.2322
    [train] iter 80/4443  loss=0.1673
    [train] iter 100/4443  loss=0.1030
    [train] iter 120/4443  loss=0.0820
    [train] iter 140/4443  loss=0.2597
    [train] iter 160/4443  loss=0.1961
    [train] iter 180/4443  loss=0.1031
    [train] iter 200/4443  loss=0.1831
    [train] iter 220/4443  loss=0.1248
    [train] iter 240/4443  loss=0.2090
    [train] iter 260/4443  loss=0.1555
    [train] iter 280/4443  loss=0.1240
    [train] iter 300/4443  loss=0.1189
    [train] iter 320/4443  loss=0.1319
    [train] iter 340/4443  loss=0.2987
    [train] iter 360/4443  loss=0.2333
    [train] iter 380/4443  loss=0.1308
    [train] iter 400/4443  loss=0.1363
    [train] iter 420/4443  loss=0.1043
    [train] iter 440/4443  loss=0.1407
    [train] iter 460/4443  loss=0.1095
    [train] iter 480/4443  loss=0.1258
    [train] iter 500/4443  loss=0.3001
    [train] iter 520/4443  loss=0.1001
    [train] iter 540/4443  loss=0.1426
    [train] iter 560/4443  loss=0.0977
    [train] iter 580/4443  loss=0.1740
    [train] iter 600/4443  loss=0.1768
    [train] iter 620/4443  loss=0.1046
    [train] iter 640/4443  loss=0.2455
    [train] iter 660/4443  loss=0.1041
    [train] iter 680/4443  loss=0.1555
    [train] iter 700/4443  loss=0.1681
    [train] iter 720/4443  loss=0.3809
    [train] iter 740/4443  loss=0.1122
    [train] iter 760/4443  loss=0.1757
    [train] iter 780/4443  loss=0.1223
    [train] iter 800/4443  loss=0.0900
    [train] iter 820/4443  loss=0.2220
    [train] iter 840/4443  loss=0.1381
    [train] iter 860/4443  loss=0.1995
    [train] iter 880/4443  loss=0.1511
    [train] iter 900/4443  loss=0.0816
    [train] iter 920/4443  loss=0.2590
    [train] iter 940/4443  loss=0.1789
    [train] iter 960/4443  loss=0.2156
    [train] iter 980/4443  loss=0.1686
    [train] iter 1000/4443  loss=0.1458
    [train] iter 1020/4443  loss=0.1689
    [train] iter 1040/4443  loss=0.1386
    [train] iter 1060/4443  loss=0.1173
    [train] iter 1080/4443  loss=0.3148
    [train] iter 1100/4443  loss=0.2319
    [train] iter 1120/4443  loss=0.2191
    [train] iter 1140/4443  loss=0.1629
    [train] iter 1160/4443  loss=0.0890
    [train] iter 1180/4443  loss=0.2113
    [train] iter 1200/4443  loss=0.0933
    [train] iter 1220/4443  loss=0.1675
    [train] iter 1240/4443  loss=0.1584
    [train] iter 1260/4443  loss=0.1525
    [train] iter 1280/4443  loss=0.1540
    [train] iter 1300/4443  loss=0.1622
    [train] iter 1320/4443  loss=0.2670
    [train] iter 1340/4443  loss=0.1736
    [train] iter 1360/4443  loss=0.1326
    [train] iter 1380/4443  loss=0.1147
    [train] iter 1400/4443  loss=0.1970
    [train] iter 1420/4443  loss=0.1872
    [train] iter 1440/4443  loss=0.3080
    [train] iter 1460/4443  loss=0.0922
    [train] iter 1480/4443  loss=0.1843
    [train] iter 1500/4443  loss=0.1501
    [train] iter 1520/4443  loss=0.2009
    [train] iter 1540/4443  loss=0.1384
    [train] iter 1560/4443  loss=0.2365
    [train] iter 1580/4443  loss=0.2328
    [train] iter 1600/4443  loss=0.1269
    [train] iter 1620/4443  loss=0.1381
    [train] iter 1640/4443  loss=0.2188
    [train] iter 1660/4443  loss=0.2391
    [train] iter 1680/4443  loss=0.1444
    [train] iter 1700/4443  loss=0.1558
    [train] iter 1720/4443  loss=0.2553
    [train] iter 1740/4443  loss=0.2382
    [train] iter 1760/4443  loss=0.1455
    [train] iter 1780/4443  loss=0.2012
    [train] iter 1800/4443  loss=0.1508
    [train] iter 1820/4443  loss=0.1953
    [train] iter 1840/4443  loss=0.1510
    [train] iter 1860/4443  loss=0.1240
    [train] iter 1880/4443  loss=0.1945
    [train] iter 1900/4443  loss=0.3104
    [train] iter 1920/4443  loss=0.1706
    [train] iter 1940/4443  loss=0.2650
    [train] iter 1960/4443  loss=0.1236
    [train] iter 1980/4443  loss=0.1460
    [train] iter 2000/4443  loss=0.1673
    [train] iter 2020/4443  loss=0.2065
    [train] iter 2040/4443  loss=0.1980
    [train] iter 2060/4443  loss=0.2010
    [train] iter 2080/4443  loss=0.1632
    [train] iter 2100/4443  loss=0.2338
    [train] iter 2120/4443  loss=0.1384
    [train] iter 2140/4443  loss=0.1024
    [train] iter 2160/4443  loss=0.1065
    [train] iter 2180/4443  loss=0.1784
    [train] iter 2200/4443  loss=0.1531
    [train] iter 2220/4443  loss=0.2044
    [train] iter 2240/4443  loss=0.2254
    [train] iter 2260/4443  loss=0.1941
    [train] iter 2280/4443  loss=0.2030
    [train] iter 2300/4443  loss=0.2257
    [train] iter 2320/4443  loss=0.1427
    [train] iter 2340/4443  loss=0.2367
    [train] iter 2360/4443  loss=0.1064
    [train] iter 2380/4443  loss=0.2856
    [train] iter 2400/4443  loss=0.1346
    [train] iter 2420/4443  loss=0.1536
    [train] iter 2440/4443  loss=0.1346
    [train] iter 2460/4443  loss=0.1108
    [train] iter 2480/4443  loss=0.1629
    [train] iter 2500/4443  loss=0.2187
    [train] iter 2520/4443  loss=0.2130
    [train] iter 2540/4443  loss=0.1872
    [train] iter 2560/4443  loss=0.1690
    [train] iter 2580/4443  loss=0.2084
    [train] iter 2600/4443  loss=0.1870
    [train] iter 2620/4443  loss=0.1348
    [train] iter 2640/4443  loss=0.1515
    [train] iter 2660/4443  loss=0.1660
    [train] iter 2680/4443  loss=0.2748
    [train] iter 2700/4443  loss=0.1852
    [train] iter 2720/4443  loss=0.1069
    [train] iter 2740/4443  loss=0.3021
    [train] iter 2760/4443  loss=0.1715
    [train] iter 2780/4443  loss=0.2340
    [train] iter 2800/4443  loss=0.1030
    [train] iter 2820/4443  loss=0.1358
    [train] iter 2840/4443  loss=0.2525
    [train] iter 2860/4443  loss=0.1698
    [train] iter 2880/4443  loss=0.1291
    [train] iter 2900/4443  loss=0.1665
    [train] iter 2920/4443  loss=0.2931
    [train] iter 2940/4443  loss=0.1681
    [train] iter 2960/4443  loss=0.0849
    [train] iter 2980/4443  loss=0.1211
    [train] iter 3000/4443  loss=0.1993
    [train] iter 3020/4443  loss=0.1824
    [train] iter 3040/4443  loss=0.1699
    [train] iter 3060/4443  loss=0.2372
    [train] iter 3080/4443  loss=0.1327
    [train] iter 3100/4443  loss=0.1855
    [train] iter 3120/4443  loss=0.1618
    [train] iter 3140/4443  loss=0.0913
    [train] iter 3160/4443  loss=0.2294
    [train] iter 3180/4443  loss=0.1602
    [train] iter 3200/4443  loss=0.1319
    [train] iter 3220/4443  loss=0.1534
    [train] iter 3240/4443  loss=0.3154
    [train] iter 3260/4443  loss=0.2488
    [train] iter 3280/4443  loss=0.2250
    [train] iter 3300/4443  loss=0.1283
    [train] iter 3320/4443  loss=0.2248
    [train] iter 3340/4443  loss=0.1889
    [train] iter 3360/4443  loss=0.1602
    [train] iter 3380/4443  loss=0.1282
    [train] iter 3400/4443  loss=0.1274
    [train] iter 3420/4443  loss=0.1295
    [train] iter 3440/4443  loss=0.1105
    [train] iter 3460/4443  loss=0.1670
    [train] iter 3480/4443  loss=0.1526
    [train] iter 3500/4443  loss=0.1488
    [train] iter 3520/4443  loss=0.3280
    [train] iter 3540/4443  loss=0.1685
    [train] iter 3560/4443  loss=0.1349
    [train] iter 3580/4443  loss=0.2430
    [train] iter 3600/4443  loss=0.1343
    [train] iter 3620/4443  loss=0.1910
    [train] iter 3640/4443  loss=0.0842
    [train] iter 3660/4443  loss=0.1209
    [train] iter 3680/4443  loss=0.1504
    [train] iter 3700/4443  loss=0.2546
    [train] iter 3720/4443  loss=0.0740
    [train] iter 3740/4443  loss=0.2007
    [train] iter 3760/4443  loss=0.1278
    [train] iter 3780/4443  loss=0.1512
    [train] iter 3800/4443  loss=0.2215
    [train] iter 3820/4443  loss=0.1400
    [train] iter 3840/4443  loss=0.1885
    [train] iter 3860/4443  loss=0.2233
    [train] iter 3880/4443  loss=0.2116
    [train] iter 3900/4443  loss=0.1939
    [train] iter 3920/4443  loss=0.2194
    [train] iter 3940/4443  loss=0.1809
    [train] iter 3960/4443  loss=0.1357
    [train] iter 3980/4443  loss=0.1890
    [train] iter 4000/4443  loss=0.1290
    [train] iter 4020/4443  loss=0.1058
    [train] iter 4040/4443  loss=0.2588
    [train] iter 4060/4443  loss=0.2238
    [train] iter 4080/4443  loss=0.3491
    [train] iter 4100/4443  loss=0.1077
    [train] iter 4120/4443  loss=0.1669
    [train] iter 4140/4443  loss=0.1593
    [train] iter 4160/4443  loss=0.1664
    [train] iter 4180/4443  loss=0.4173
    [train] iter 4200/4443  loss=0.2503
    [train] iter 4220/4443  loss=0.3086
    [train] iter 4240/4443  loss=0.2114
    [train] iter 4260/4443  loss=0.2232
    [train] iter 4280/4443  loss=0.1651
    [train] iter 4300/4443  loss=0.1706
    [train] iter 4320/4443  loss=0.1457
    [train] iter 4340/4443  loss=0.1096
    [train] iter 4360/4443  loss=0.1617
    [train] iter 4380/4443  loss=0.1367
    [train] iter 4400/4443  loss=0.3064
    [train] iter 4420/4443  loss=0.1627
    [train] iter 4440/4443  loss=0.2551
  train_loss=0.1811  val_loss=0.1740  val_dice=0.7986
  [best] val_dice=0.7986 已保存

--- Epoch 21/100 (lr=2.71e-04) ---
    [train] iter 20/4443  loss=0.1042
    [train] iter 40/4443  loss=0.1651
    [train] iter 60/4443  loss=0.2155
    [train] iter 80/4443  loss=0.1460
    [train] iter 100/4443  loss=0.2396
    [train] iter 120/4443  loss=0.1053
    [train] iter 140/4443  loss=0.1666
    [train] iter 160/4443  loss=0.2381
    [train] iter 180/4443  loss=0.1545
    [train] iter 200/4443  loss=0.1750
    [train] iter 220/4443  loss=0.1677
    [train] iter 240/4443  loss=0.1512
    [train] iter 260/4443  loss=0.2195
    [train] iter 280/4443  loss=0.2226
    [train] iter 300/4443  loss=0.1336
    [train] iter 320/4443  loss=0.1839
    [train] iter 340/4443  loss=0.1861
    [train] iter 360/4443  loss=0.1248
    [train] iter 380/4443  loss=0.1325
    [train] iter 400/4443  loss=0.2581
    [train] iter 420/4443  loss=0.2142
    [train] iter 440/4443  loss=0.1977
    [train] iter 460/4443  loss=0.1740
    [train] iter 480/4443  loss=0.1628
    [train] iter 500/4443  loss=0.1068
    [train] iter 520/4443  loss=0.1097
    [train] iter 540/4443  loss=0.1922
    [train] iter 560/4443  loss=0.1135
    [train] iter 580/4443  loss=0.1985
    [train] iter 600/4443  loss=0.2068
    [train] iter 620/4443  loss=0.1784
    [train] iter 640/4443  loss=0.2274
    [train] iter 660/4443  loss=0.1647
    [train] iter 680/4443  loss=0.1166
    [train] iter 700/4443  loss=0.1510
    [train] iter 720/4443  loss=0.1078
    [train] iter 740/4443  loss=0.1328
    [train] iter 760/4443  loss=0.3037
    [train] iter 780/4443  loss=0.1960
    [train] iter 800/4443  loss=0.1716
    [train] iter 820/4443  loss=0.1471
    [train] iter 840/4443  loss=0.1435
    [train] iter 860/4443  loss=0.1662
    [train] iter 880/4443  loss=0.2102
    [train] iter 900/4443  loss=0.1565
    [train] iter 920/4443  loss=0.1219
    [train] iter 940/4443  loss=0.2696
    [train] iter 960/4443  loss=0.1506
    [train] iter 980/4443  loss=0.2048
    [train] iter 1000/4443  loss=0.1590
    [train] iter 1020/4443  loss=0.2080
    [train] iter 1040/4443  loss=0.2621
    [train] iter 1060/4443  loss=0.0684
    [train] iter 1080/4443  loss=0.1214
    [train] iter 1100/4443  loss=0.1285
    [train] iter 1120/4443  loss=0.2361
    [train] iter 1140/4443  loss=0.2334
    [train] iter 1160/4443  loss=0.1368
    [train] iter 1180/4443  loss=0.2064
    [train] iter 1200/4443  loss=0.2151
    [train] iter 1220/4443  loss=0.2017
    [train] iter 1240/4443  loss=0.2439
    [train] iter 1260/4443  loss=0.2671
    [train] iter 1280/4443  loss=0.1726
    [train] iter 1300/4443  loss=0.1770
    [train] iter 1320/4443  loss=0.3906
    [train] iter 1340/4443  loss=0.1276
    [train] iter 1360/4443  loss=0.2435
    [train] iter 1380/4443  loss=0.2482
    [train] iter 1400/4443  loss=0.2934
    [train] iter 1420/4443  loss=0.2047
    [train] iter 1440/4443  loss=0.2608
    [train] iter 1460/4443  loss=0.1241
    [train] iter 1480/4443  loss=0.2542
    [train] iter 1500/4443  loss=0.1753
    [train] iter 1520/4443  loss=0.2418
    [train] iter 1540/4443  loss=0.1476
    [train] iter 1560/4443  loss=0.1641
    [train] iter 1580/4443  loss=0.1780
    [train] iter 1600/4443  loss=0.1059
    [train] iter 1620/4443  loss=0.2109
    [train] iter 1640/4443  loss=0.1212
    [train] iter 1660/4443  loss=0.1815
    [train] iter 1680/4443  loss=0.1929
    [train] iter 1700/4443  loss=0.1466
    [train] iter 1720/4443  loss=0.1336
    [train] iter 1740/4443  loss=0.2245
    [train] iter 1760/4443  loss=0.1731
    [train] iter 1780/4443  loss=0.1087
    [train] iter 1800/4443  loss=0.1214
    [train] iter 1820/4443  loss=0.1582
    [train] iter 1840/4443  loss=0.1979
    [train] iter 1860/4443  loss=0.4067
    [train] iter 1880/4443  loss=0.1379
    [train] iter 1900/4443  loss=0.1174
    [train] iter 1920/4443  loss=0.3020
    [train] iter 1940/4443  loss=0.2278
    [train] iter 1960/4443  loss=0.3624
    [train] iter 1980/4443  loss=0.1859
    [train] iter 2000/4443  loss=0.3009
    [train] iter 2020/4443  loss=0.1907
    [train] iter 2040/4443  loss=0.1762
    [train] iter 2060/4443  loss=0.1545
    [train] iter 2080/4443  loss=0.1549
    [train] iter 2100/4443  loss=0.1401
    [train] iter 2120/4443  loss=0.2030
    [train] iter 2140/4443  loss=0.1868
    [train] iter 2160/4443  loss=0.2433
    [train] iter 2180/4443  loss=0.1091
    [train] iter 2200/4443  loss=0.3589
    [train] iter 2220/4443  loss=0.2408
    [train] iter 2240/4443  loss=0.1749
    [train] iter 2260/4443  loss=0.1288
    [train] iter 2280/4443  loss=0.1632
    [train] iter 2300/4443  loss=0.1233
    [train] iter 2320/4443  loss=0.0969
    [train] iter 2340/4443  loss=0.1504
    [train] iter 2360/4443  loss=0.3890
    [train] iter 2380/4443  loss=0.1610
    [train] iter 2400/4443  loss=0.0946
    [train] iter 2420/4443  loss=0.1874
    [train] iter 2440/4443  loss=0.1782
    [train] iter 2460/4443  loss=0.2415
    [train] iter 2480/4443  loss=0.1522
    [train] iter 2500/4443  loss=0.1597
    [train] iter 2520/4443  loss=0.2071
    [train] iter 2540/4443  loss=0.2654
    [train] iter 2560/4443  loss=0.1038
    [train] iter 2580/4443  loss=0.2391
    [train] iter 2600/4443  loss=0.1695
    [train] iter 2620/4443  loss=0.2508
    [train] iter 2640/4443  loss=0.1213
    [train] iter 2660/4443  loss=0.1255
    [train] iter 2680/4443  loss=0.1896
    [train] iter 2700/4443  loss=0.1312
    [train] iter 2720/4443  loss=0.2034
    [train] iter 2740/4443  loss=0.1359
    [train] iter 2760/4443  loss=0.1589
    [train] iter 2780/4443  loss=0.2470
    [train] iter 2800/4443  loss=0.2157
    [train] iter 2820/4443  loss=0.0727
    [train] iter 2840/4443  loss=0.2234
    [train] iter 2860/4443  loss=0.1968
    [train] iter 2880/4443  loss=0.2304
    [train] iter 2900/4443  loss=0.2161
    [train] iter 2920/4443  loss=0.1533
    [train] iter 2940/4443  loss=0.2636
    [train] iter 2960/4443  loss=0.1943
    [train] iter 2980/4443  loss=0.1807
    [train] iter 3000/4443  loss=0.1481
    [train] iter 3020/4443  loss=0.1315
    [train] iter 3040/4443  loss=0.1817
    [train] iter 3060/4443  loss=0.1813
    [train] iter 3080/4443  loss=0.2316
    [train] iter 3100/4443  loss=0.1415
    [train] iter 3120/4443  loss=0.2208
    [train] iter 3140/4443  loss=0.2112
    [train] iter 3160/4443  loss=0.1222
    [train] iter 3180/4443  loss=0.1572
    [train] iter 3200/4443  loss=0.1119
    [train] iter 3220/4443  loss=0.1489
    [train] iter 3240/4443  loss=0.1226
    [train] iter 3260/4443  loss=0.3387
    [train] iter 3280/4443  loss=0.2404
    [train] iter 3300/4443  loss=0.3156
    [train] iter 3320/4443  loss=0.1772
    [train] iter 3340/4443  loss=0.1922
    [train] iter 3360/4443  loss=0.0751
    [train] iter 3380/4443  loss=0.1590
    [train] iter 3400/4443  loss=0.1073
    [train] iter 3420/4443  loss=0.2126
    [train] iter 3440/4443  loss=0.1648
    [train] iter 3460/4443  loss=0.1525
    [train] iter 3480/4443  loss=0.1106
    [train] iter 3500/4443  loss=0.1110
    [train] iter 3520/4443  loss=0.2262
    [train] iter 3540/4443  loss=0.1049
    [train] iter 3560/4443  loss=0.1511
    [train] iter 3580/4443  loss=0.1120
    [train] iter 3600/4443  loss=0.1282
    [train] iter 3620/4443  loss=0.2406
    [train] iter 3640/4443  loss=0.1862
    [train] iter 3660/4443  loss=0.1686
    [train] iter 3680/4443  loss=0.1127
    [train] iter 3700/4443  loss=0.2248
    [train] iter 3720/4443  loss=0.2145
    [train] iter 3740/4443  loss=0.1170
    [train] iter 3760/4443  loss=0.1687
    [train] iter 3780/4443  loss=0.2238
    [train] iter 3800/4443  loss=0.3072
    [train] iter 3820/4443  loss=0.2452
    [train] iter 3840/4443  loss=0.1924
    [train] iter 3860/4443  loss=0.2181
    [train] iter 3880/4443  loss=0.1741
    [train] iter 3900/4443  loss=0.1501
    [train] iter 3920/4443  loss=0.1590
    [train] iter 3940/4443  loss=0.0775
    [train] iter 3960/4443  loss=0.1884
    [train] iter 3980/4443  loss=0.1162
    [train] iter 4000/4443  loss=0.1013
    [train] iter 4020/4443  loss=0.2374
    [train] iter 4040/4443  loss=0.1766
    [train] iter 4060/4443  loss=0.1537
    [train] iter 4080/4443  loss=0.1707
    [train] iter 4100/4443  loss=0.2021
    [train] iter 4120/4443  loss=0.1932
    [train] iter 4140/4443  loss=0.2722
    [train] iter 4160/4443  loss=0.1738
    [train] iter 4180/4443  loss=0.1554
    [train] iter 4200/4443  loss=0.1999
    [train] iter 4220/4443  loss=0.0906
    [train] iter 4240/4443  loss=0.1675
    [train] iter 4260/4443  loss=0.2208
    [train] iter 4280/4443  loss=0.1913
    [train] iter 4300/4443  loss=0.1468
    [train] iter 4320/4443  loss=0.1778
    [train] iter 4340/4443  loss=0.2443
    [train] iter 4360/4443  loss=0.2243
    [train] iter 4380/4443  loss=0.1420
    [train] iter 4400/4443  loss=0.1201
    [train] iter 4420/4443  loss=0.1319
    [train] iter 4440/4443  loss=0.2046
  train_loss=0.1805  val_loss=0.1832  val_dice=0.7879

--- Epoch 22/100 (lr=2.69e-04) ---
    [train] iter 20/4443  loss=0.2225
    [train] iter 40/4443  loss=0.1576
    [train] iter 60/4443  loss=0.2663
    [train] iter 80/4443  loss=0.3079
    [train] iter 100/4443  loss=0.1052
    [train] iter 120/4443  loss=0.2703
    [train] iter 140/4443  loss=0.1966
    [train] iter 160/4443  loss=0.3183
    [train] iter 180/4443  loss=0.1174
    [train] iter 200/4443  loss=0.1746
    [train] iter 220/4443  loss=0.3209
    [train] iter 240/4443  loss=0.1904
    [train] iter 260/4443  loss=0.1870
    [train] iter 280/4443  loss=0.2910
    [train] iter 300/4443  loss=0.1446
    [train] iter 320/4443  loss=0.1441
    [train] iter 340/4443  loss=0.2167
    [train] iter 360/4443  loss=0.1726
    [train] iter 380/4443  loss=0.1454
    [train] iter 400/4443  loss=0.1654
    [train] iter 420/4443  loss=0.1980
    [train] iter 440/4443  loss=0.1359
    [train] iter 460/4443  loss=0.1114
    [train] iter 480/4443  loss=0.2088
    [train] iter 500/4443  loss=0.1463
    [train] iter 520/4443  loss=0.1347
    [train] iter 540/4443  loss=0.1548
    [train] iter 560/4443  loss=0.1963
    [train] iter 580/4443  loss=0.1627
    [train] iter 600/4443  loss=0.1698
    [train] iter 620/4443  loss=0.1547
    [train] iter 640/4443  loss=0.2069
    [train] iter 660/4443  loss=0.1745
    [train] iter 680/4443  loss=0.2047
    [train] iter 700/4443  loss=0.1849
    [train] iter 720/4443  loss=0.1160
    [train] iter 740/4443  loss=0.1822
    [train] iter 760/4443  loss=0.1980
    [train] iter 780/4443  loss=0.1329
    [train] iter 800/4443  loss=0.2393
    [train] iter 820/4443  loss=0.2265
    [train] iter 840/4443  loss=0.2077
    [train] iter 860/4443  loss=0.1542
    [train] iter 880/4443  loss=0.1221
    [train] iter 900/4443  loss=0.1353
    [train] iter 920/4443  loss=0.1385
    [train] iter 940/4443  loss=0.2599
    [train] iter 960/4443  loss=0.0899
    [train] iter 980/4443  loss=0.3202
    [train] iter 1000/4443  loss=0.1692
    [train] iter 1020/4443  loss=0.1314
    [train] iter 1040/4443  loss=0.1103
    [train] iter 1060/4443  loss=0.1679
    [train] iter 1080/4443  loss=0.3883
    [train] iter 1100/4443  loss=0.1942
    [train] iter 1120/4443  loss=0.1205
    [train] iter 1140/4443  loss=0.0888
    [train] iter 1160/4443  loss=0.2442
    [train] iter 1180/4443  loss=0.0958
    [train] iter 1200/4443  loss=0.0895
    [train] iter 1220/4443  loss=0.1347
    [train] iter 1240/4443  loss=0.1978
    [train] iter 1260/4443  loss=0.1425
    [train] iter 1280/4443  loss=0.1629
    [train] iter 1300/4443  loss=0.1983
    [train] iter 1320/4443  loss=0.2070
    [train] iter 1340/4443  loss=0.1943
    [train] iter 1360/4443  loss=0.0933
    [train] iter 1380/4443  loss=0.2145
    [train] iter 1400/4443  loss=0.1443
    [train] iter 1420/4443  loss=0.2829
    [train] iter 1440/4443  loss=0.2339
    [train] iter 1460/4443  loss=0.2056
    [train] iter 1480/4443  loss=0.1540
    [train] iter 1500/4443  loss=0.2074
    [train] iter 1520/4443  loss=0.1396
    [train] iter 1540/4443  loss=0.1988
    [train] iter 1560/4443  loss=0.1235
    [train] iter 1580/4443  loss=0.1649
    [train] iter 1600/4443  loss=0.1581
    [train] iter 1620/4443  loss=0.1111
    [train] iter 1640/4443  loss=0.1330
    [train] iter 1660/4443  loss=0.1024
    [train] iter 1680/4443  loss=0.1465
    [train] iter 1700/4443  loss=0.1558
    [train] iter 1720/4443  loss=0.1884
    [train] iter 1740/4443  loss=0.2685
    [train] iter 1760/4443  loss=0.1649
    [train] iter 1780/4443  loss=0.2206
    [train] iter 1800/4443  loss=0.1679
    [train] iter 1820/4443  loss=0.1306
    [train] iter 1840/4443  loss=0.1031
    [train] iter 1860/4443  loss=0.1488
    [train] iter 1880/4443  loss=0.1817
    [train] iter 1900/4443  loss=0.1143
    [train] iter 1920/4443  loss=0.1707
    [train] iter 1940/4443  loss=0.1916
    [train] iter 1960/4443  loss=0.2623
    [train] iter 1980/4443  loss=0.1026
    [train] iter 2000/4443  loss=0.2292
    [train] iter 2020/4443  loss=0.1189
    [train] iter 2040/4443  loss=0.2587
    [train] iter 2060/4443  loss=0.1889
    [train] iter 2080/4443  loss=0.1819
    [train] iter 2100/4443  loss=0.1211
    [train] iter 2120/4443  loss=0.2416
    [train] iter 2140/4443  loss=0.1878
    [train] iter 2160/4443  loss=0.1370
    [train] iter 2180/4443  loss=0.1427
    [train] iter 2200/4443  loss=0.2228
    [train] iter 2220/4443  loss=0.1906
    [train] iter 2240/4443  loss=0.1577
    [train] iter 2260/4443  loss=0.0988
    [train] iter 2280/4443  loss=0.2039
    [train] iter 2300/4443  loss=0.1584
    [train] iter 2320/4443  loss=0.2038
    [train] iter 2340/4443  loss=0.1337
    [train] iter 2360/4443  loss=0.1172
    [train] iter 2380/4443  loss=0.1615
    [train] iter 2400/4443  loss=0.1973
    [train] iter 2420/4443  loss=0.1698
    [train] iter 2440/4443  loss=0.1806
    [train] iter 2460/4443  loss=0.1352
    [train] iter 2480/4443  loss=0.2252
    [train] iter 2500/4443  loss=0.2863
    [train] iter 2520/4443  loss=0.1564
    [train] iter 2540/4443  loss=0.2500
    [train] iter 2560/4443  loss=0.1397
    [train] iter 2580/4443  loss=0.2040
    [train] iter 2600/4443  loss=0.2650
    [train] iter 2620/4443  loss=0.1504
    [train] iter 2640/4443  loss=0.2041
    [train] iter 2660/4443  loss=0.1170
    [train] iter 2680/4443  loss=0.0929
    [train] iter 2700/4443  loss=0.1596
    [train] iter 2720/4443  loss=0.2788
    [train] iter 2740/4443  loss=0.0937
    [train] iter 2760/4443  loss=0.1474
    [train] iter 2780/4443  loss=0.1919
    [train] iter 2800/4443  loss=0.2201
    [train] iter 2820/4443  loss=0.1090
    [train] iter 2840/4443  loss=0.1696
    [train] iter 2860/4443  loss=0.1791
    [train] iter 2880/4443  loss=0.2365
    [train] iter 2900/4443  loss=0.2810
    [train] iter 2920/4443  loss=0.1138
    [train] iter 2940/4443  loss=0.1122
    [train] iter 2960/4443  loss=0.1833
    [train] iter 2980/4443  loss=0.1457
    [train] iter 3000/4443  loss=0.1687
    [train] iter 3020/4443  loss=0.1183
    [train] iter 3040/4443  loss=0.1841
    [train] iter 3060/4443  loss=0.2085
    [train] iter 3080/4443  loss=0.1123
    [train] iter 3100/4443  loss=0.1770
    [train] iter 3120/4443  loss=0.1347
    [train] iter 3140/4443  loss=0.1906
    [train] iter 3160/4443  loss=0.3742
    [train] iter 3180/4443  loss=0.1677
    [train] iter 3200/4443  loss=0.1272
    [train] iter 3220/4443  loss=0.2970
    [train] iter 3240/4443  loss=0.2229
    [train] iter 3260/4443  loss=0.1230
    [train] iter 3280/4443  loss=0.2052
    [train] iter 3300/4443  loss=0.2182
    [train] iter 3320/4443  loss=0.0799
    [train] iter 3340/4443  loss=0.1794
    [train] iter 3360/4443  loss=0.2006
    [train] iter 3380/4443  loss=0.1299
    [train] iter 3400/4443  loss=0.2370
    [train] iter 3420/4443  loss=0.2260
    [train] iter 3440/4443  loss=0.2130
    [train] iter 3460/4443  loss=0.1554
    [train] iter 3480/4443  loss=0.1305
    [train] iter 3500/4443  loss=0.0950
    [train] iter 3520/4443  loss=0.1364
    [train] iter 3540/4443  loss=0.2331
    [train] iter 3560/4443  loss=0.0953
    [train] iter 3580/4443  loss=0.1553
    [train] iter 3600/4443  loss=0.1804
    [train] iter 3620/4443  loss=0.1596
    [train] iter 3640/4443  loss=0.1721
    [train] iter 3660/4443  loss=0.1451
    [train] iter 3680/4443  loss=0.2134
    [train] iter 3700/4443  loss=0.1965
    [train] iter 3720/4443  loss=0.2130
    [train] iter 3740/4443  loss=0.1334
    [train] iter 3760/4443  loss=0.1823
    [train] iter 3780/4443  loss=0.2237
    [train] iter 3800/4443  loss=0.1352
    [train] iter 3820/4443  loss=0.1864
    [train] iter 3840/4443  loss=0.1028
    [train] iter 3860/4443  loss=0.1971
    [train] iter 3880/4443  loss=0.1884
    [train] iter 3900/4443  loss=0.1815
    [train] iter 3920/4443  loss=0.2082
    [train] iter 3940/4443  loss=0.2029
    [train] iter 3960/4443  loss=0.1530
    [train] iter 3980/4443  loss=0.1795
    [train] iter 4000/4443  loss=0.1593
    [train] iter 4020/4443  loss=0.1713
    [train] iter 4040/4443  loss=0.1124
    [train] iter 4060/4443  loss=0.1160
    [train] iter 4080/4443  loss=0.1386
    [train] iter 4100/4443  loss=0.2667
    [train] iter 4120/4443  loss=0.1908
    [train] iter 4140/4443  loss=0.1418
    [train] iter 4160/4443  loss=0.3482
    [train] iter 4180/4443  loss=0.1931
    [train] iter 4200/4443  loss=0.2204
    [train] iter 4220/4443  loss=0.1298
    [train] iter 4240/4443  loss=0.1354
    [train] iter 4260/4443  loss=0.1647
    [train] iter 4280/4443  loss=0.1348
    [train] iter 4300/4443  loss=0.1267
    [train] iter 4320/4443  loss=0.2327
    [train] iter 4340/4443  loss=0.2124
    [train] iter 4360/4443  loss=0.2032
    [train] iter 4380/4443  loss=0.1200
    [train] iter 4400/4443  loss=0.1111
    [train] iter 4420/4443  loss=0.0740
    [train] iter 4440/4443  loss=0.1658
  train_loss=0.1778  val_loss=0.1762  val_dice=0.7978

--- Epoch 23/100 (lr=2.66e-04) ---
    [train] iter 20/4443  loss=0.1850
    [train] iter 40/4443  loss=0.1605
    [train] iter 60/4443  loss=0.1466
    [train] iter 80/4443  loss=0.1270
    [train] iter 100/4443  loss=0.2162
    [train] iter 120/4443  loss=0.2153
    [train] iter 140/4443  loss=0.1799
    [train] iter 160/4443  loss=0.1298
    [train] iter 180/4443  loss=0.1450
    [train] iter 200/4443  loss=0.1684
    [train] iter 220/4443  loss=0.1466
    [train] iter 240/4443  loss=0.1142
    [train] iter 260/4443  loss=0.2239
    [train] iter 280/4443  loss=0.2364
    [train] iter 300/4443  loss=0.1312
    [train] iter 320/4443  loss=0.1469
    [train] iter 340/4443  loss=0.1866
    [train] iter 360/4443  loss=0.1304
    [train] iter 380/4443  loss=0.1138
    [train] iter 400/4443  loss=0.0953
    [train] iter 420/4443  loss=0.1105
    [train] iter 440/4443  loss=0.1611
    [train] iter 460/4443  loss=0.0969
    [train] iter 480/4443  loss=0.1620
    [train] iter 500/4443  loss=0.2070
    [train] iter 520/4443  loss=0.3427
    [train] iter 540/4443  loss=0.1771
    [train] iter 560/4443  loss=0.2559
    [train] iter 580/4443  loss=0.1239
    [train] iter 600/4443  loss=0.2343
    [train] iter 620/4443  loss=0.1502
    [train] iter 640/4443  loss=0.2178
    [train] iter 660/4443  loss=0.2032
    [train] iter 680/4443  loss=0.2207
    [train] iter 700/4443  loss=0.1000
    [train] iter 720/4443  loss=0.1749
    [train] iter 740/4443  loss=0.2050
    [train] iter 760/4443  loss=0.2414
    [train] iter 780/4443  loss=0.2030
    [train] iter 800/4443  loss=0.0865
    [train] iter 820/4443  loss=0.1595
    [train] iter 840/4443  loss=0.2510
    [train] iter 860/4443  loss=0.1675
    [train] iter 880/4443  loss=0.1596
    [train] iter 900/4443  loss=0.3118
    [train] iter 920/4443  loss=0.1864
    [train] iter 940/4443  loss=0.1886
    [train] iter 960/4443  loss=0.1292
    [train] iter 980/4443  loss=0.2182
    [train] iter 1000/4443  loss=0.1952
    [train] iter 1020/4443  loss=0.1472
    [train] iter 1040/4443  loss=0.1194
    [train] iter 1060/4443  loss=0.1407
    [train] iter 1080/4443  loss=0.2048
    [train] iter 1100/4443  loss=0.2109
    [train] iter 1120/4443  loss=0.0934
    [train] iter 1140/4443  loss=0.1687
    [train] iter 1160/4443  loss=0.2284
    [train] iter 1180/4443  loss=0.2765
    [train] iter 1200/4443  loss=0.0989
    [train] iter 1220/4443  loss=0.3529
    [train] iter 1240/4443  loss=0.1303
    [train] iter 1260/4443  loss=0.1635
    [train] iter 1280/4443  loss=0.1764
    [train] iter 1300/4443  loss=0.1488
    [train] iter 1320/4443  loss=0.2692
    [train] iter 1340/4443  loss=0.1458
    [train] iter 1360/4443  loss=0.1217
    [train] iter 1380/4443  loss=0.2242
    [train] iter 1400/4443  loss=0.2337
    [train] iter 1420/4443  loss=0.1873
    [train] iter 1440/4443  loss=0.1081
    [train] iter 1460/4443  loss=0.2109
    [train] iter 1480/4443  loss=0.2414
    [train] iter 1500/4443  loss=0.1733
    [train] iter 1520/4443  loss=0.0760
    [train] iter 1540/4443  loss=0.1849
    [train] iter 1560/4443  loss=0.2594
    [train] iter 1580/4443  loss=0.1000
    [train] iter 1600/4443  loss=0.1444
    [train] iter 1620/4443  loss=0.2321
    [train] iter 1640/4443  loss=0.1114
    [train] iter 1660/4443  loss=0.1491
    [train] iter 1680/4443  loss=0.1400
    [train] iter 1700/4443  loss=0.2714
    [train] iter 1720/4443  loss=0.1422
    [train] iter 1740/4443  loss=0.1628
    [train] iter 1760/4443  loss=0.1652
    [train] iter 1780/4443  loss=0.1319
    [train] iter 1800/4443  loss=0.3015
    [train] iter 1820/4443  loss=0.2015
    [train] iter 1840/4443  loss=0.1821
    [train] iter 1860/4443  loss=0.1578
    [train] iter 1880/4443  loss=0.1681
    [train] iter 1900/4443  loss=0.2038
    [train] iter 1920/4443  loss=0.1770
    [train] iter 1940/4443  loss=0.1135
    [train] iter 1960/4443  loss=0.1927
    [train] iter 1980/4443  loss=0.1221
    [train] iter 2000/4443  loss=0.1252
    [train] iter 2020/4443  loss=0.2023
    [train] iter 2040/4443  loss=0.2259
    [train] iter 2060/4443  loss=0.2029
    [train] iter 2080/4443  loss=0.1096
    [train] iter 2100/4443  loss=0.1430
    [train] iter 2120/4443  loss=0.1114
    [train] iter 2140/4443  loss=0.3522
    [train] iter 2160/4443  loss=0.1335
    [train] iter 2180/4443  loss=0.1556
    [train] iter 2200/4443  loss=0.1276
    [train] iter 2220/4443  loss=0.1849
    [train] iter 2240/4443  loss=0.1673
    [train] iter 2260/4443  loss=0.1766
    [train] iter 2280/4443  loss=0.1853
    [train] iter 2300/4443  loss=0.1394
    [train] iter 2320/4443  loss=0.1003
    [train] iter 2340/4443  loss=0.1071
    [train] iter 2360/4443  loss=0.2584
    [train] iter 2380/4443  loss=0.1524
    [train] iter 2400/4443  loss=0.1271
    [train] iter 2420/4443  loss=0.1671
    [train] iter 2440/4443  loss=0.1175
    [train] iter 2460/4443  loss=0.2018
    [train] iter 2480/4443  loss=0.1158
    [train] iter 2500/4443  loss=0.1189
    [train] iter 2520/4443  loss=0.2338
    [train] iter 2540/4443  loss=0.2093
    [train] iter 2560/4443  loss=0.1011
    [train] iter 2580/4443  loss=0.1954
    [train] iter 2600/4443  loss=0.1026
    [train] iter 2620/4443  loss=0.2113
    [train] iter 2640/4443  loss=0.1598
    [train] iter 2660/4443  loss=0.1806
    [train] iter 2680/4443  loss=0.0793
    [train] iter 2700/4443  loss=0.2699
    [train] iter 2720/4443  loss=0.1035
    [train] iter 2740/4443  loss=0.1385
    [train] iter 2760/4443  loss=0.1619
    [train] iter 2780/4443  loss=0.2362
    [train] iter 2800/4443  loss=0.2074
    [train] iter 2820/4443  loss=0.2549
    [train] iter 2840/4443  loss=0.1608
    [train] iter 2860/4443  loss=0.1382
    [train] iter 2880/4443  loss=0.1401
    [train] iter 2900/4443  loss=0.1752
    [train] iter 2920/4443  loss=0.1199
    [train] iter 2940/4443  loss=0.1100
    [train] iter 2960/4443  loss=0.1496
    [train] iter 2980/4443  loss=0.2431
    [train] iter 3000/4443  loss=0.1508
    [train] iter 3020/4443  loss=0.1605
    [train] iter 3040/4443  loss=0.1012
    [train] iter 3060/4443  loss=0.2580
    [train] iter 3080/4443  loss=0.1603
    [train] iter 3100/4443  loss=0.2115
    [train] iter 3120/4443  loss=0.1756
    [train] iter 3140/4443  loss=0.2268
    [train] iter 3160/4443  loss=0.1637
    [train] iter 3180/4443  loss=0.1168
    [train] iter 3200/4443  loss=0.1430
    [train] iter 3220/4443  loss=0.3438
    [train] iter 3240/4443  loss=0.0902
    [train] iter 3260/4443  loss=0.1479
    [train] iter 3280/4443  loss=0.1855
    [train] iter 3300/4443  loss=0.1200
    [train] iter 3320/4443  loss=0.1643
    [train] iter 3340/4443  loss=0.2690
    [train] iter 3360/4443  loss=0.2130
    [train] iter 3380/4443  loss=0.1785
    [train] iter 3400/4443  loss=0.1461
    [train] iter 3420/4443  loss=0.1769
    [train] iter 3440/4443  loss=0.1728
    [train] iter 3460/4443  loss=0.1636
    [train] iter 3480/4443  loss=0.1922
    [train] iter 3500/4443  loss=0.1506
    [train] iter 3520/4443  loss=0.1133
    [train] iter 3540/4443  loss=0.1704
    [train] iter 3560/4443  loss=0.0970
    [train] iter 3580/4443  loss=0.2340
    [train] iter 3600/4443  loss=0.1492
    [train] iter 3620/4443  loss=0.2041
    [train] iter 3640/4443  loss=0.1714
    [train] iter 3660/4443  loss=0.1893
    [train] iter 3680/4443  loss=0.2112
    [train] iter 3700/4443  loss=0.1138
    [train] iter 3720/4443  loss=0.1618
    [train] iter 3740/4443  loss=0.1105
    [train] iter 3760/4443  loss=0.1273
    [train] iter 3780/4443  loss=0.1882
    [train] iter 3800/4443  loss=0.1802
    [train] iter 3820/4443  loss=0.2789
    [train] iter 3840/4443  loss=0.1777
    [train] iter 3860/4443  loss=0.2469
    [train] iter 3880/4443  loss=0.1359
    [train] iter 3900/4443  loss=0.3847
    [train] iter 3920/4443  loss=0.2302
    [train] iter 3940/4443  loss=0.3150
    [train] iter 3960/4443  loss=0.1584
    [train] iter 3980/4443  loss=0.1832
    [train] iter 4000/4443  loss=0.1123
    [train] iter 4020/4443  loss=0.1875
    [train] iter 4040/4443  loss=0.1243
    [train] iter 4060/4443  loss=0.1340
    [train] iter 4080/4443  loss=0.1307
    [train] iter 4100/4443  loss=0.1247
    [train] iter 4120/4443  loss=0.2759
    [train] iter 4140/4443  loss=0.1951
    [train] iter 4160/4443  loss=0.1258
    [train] iter 4180/4443  loss=0.1742
    [train] iter 4200/4443  loss=0.2215
    [train] iter 4220/4443  loss=0.2114
    [train] iter 4240/4443  loss=0.2004
    [train] iter 4260/4443  loss=0.1014
    [train] iter 4280/4443  loss=0.1241
    [train] iter 4300/4443  loss=0.1965
    [train] iter 4320/4443  loss=0.2895
    [train] iter 4340/4443  loss=0.1535
    [train] iter 4360/4443  loss=0.2118
    [train] iter 4380/4443  loss=0.1720
    [train] iter 4400/4443  loss=0.1748
    [train] iter 4420/4443  loss=0.1558
    [train] iter 4440/4443  loss=0.1101
  train_loss=0.1749  val_loss=0.1831  val_dice=0.7890

--- Epoch 24/100 (lr=2.63e-04) ---
    [train] iter 20/4443  loss=0.2905
    [train] iter 40/4443  loss=0.2872
    [train] iter 60/4443  loss=0.2212
    [train] iter 80/4443  loss=0.1482
    [train] iter 100/4443  loss=0.1913
    [train] iter 120/4443  loss=0.1961
    [train] iter 140/4443  loss=0.2909
    [train] iter 160/4443  loss=0.1185
    [train] iter 180/4443  loss=0.1427
    [train] iter 200/4443  loss=0.1126
    [train] iter 220/4443  loss=0.1130
    [train] iter 240/4443  loss=0.1234
    [train] iter 260/4443  loss=0.1273
    [train] iter 280/4443  loss=0.1048
    [train] iter 300/4443  loss=0.2112
    [train] iter 320/4443  loss=0.2315
    [train] iter 340/4443  loss=0.2642
    [train] iter 360/4443  loss=0.0984
    [train] iter 380/4443  loss=0.2305
    [train] iter 400/4443  loss=0.2391
    [train] iter 420/4443  loss=0.1935
    [train] iter 440/4443  loss=0.1218
    [train] iter 460/4443  loss=0.1257
    [train] iter 480/4443  loss=0.2068
    [train] iter 500/4443  loss=0.2736
    [train] iter 520/4443  loss=0.1219
    [train] iter 540/4443  loss=0.2715
    [train] iter 560/4443  loss=0.1542
    [train] iter 580/4443  loss=0.1950
    [train] iter 600/4443  loss=0.1933
    [train] iter 620/4443  loss=0.1458
    [train] iter 640/4443  loss=0.2490
    [train] iter 660/4443  loss=0.1226
    [train] iter 680/4443  loss=0.1456
    [train] iter 700/4443  loss=0.1491
    [train] iter 720/4443  loss=0.1696
    [train] iter 740/4443  loss=0.1083
    [train] iter 760/4443  loss=0.2795
    [train] iter 780/4443  loss=0.1681
    [train] iter 800/4443  loss=0.1893
    [train] iter 820/4443  loss=0.2899
    [train] iter 840/4443  loss=0.1237
    [train] iter 860/4443  loss=0.2172
    [train] iter 880/4443  loss=0.1537
    [train] iter 900/4443  loss=0.1094
    [train] iter 920/4443  loss=0.1134
    [train] iter 940/4443  loss=0.1756
    [train] iter 960/4443  loss=0.1610
    [train] iter 980/4443  loss=0.2643
    [train] iter 1000/4443  loss=0.1591
    [train] iter 1020/4443  loss=0.2277
    [train] iter 1040/4443  loss=0.1984
    [train] iter 1060/4443  loss=0.1732
    [train] iter 1080/4443  loss=0.1534
    [train] iter 1100/4443  loss=0.1349
    [train] iter 1120/4443  loss=0.1756
    [train] iter 1140/4443  loss=0.2120
    [train] iter 1160/4443  loss=0.2047
    [train] iter 1180/4443  loss=0.2191
    [train] iter 1200/4443  loss=0.1766
    [train] iter 1220/4443  loss=0.1237
    [train] iter 1240/4443  loss=0.2064
    [train] iter 1260/4443  loss=0.1960
    [train] iter 1280/4443  loss=0.3589
    [train] iter 1300/4443  loss=0.1403
    [train] iter 1320/4443  loss=0.1308
    [train] iter 1340/4443  loss=0.2278
    [train] iter 1360/4443  loss=0.1643
    [train] iter 1380/4443  loss=0.2488
    [train] iter 1400/4443  loss=0.2468
    [train] iter 1420/4443  loss=0.1681
    [train] iter 1440/4443  loss=0.1411
    [train] iter 1460/4443  loss=0.1286
    [train] iter 1480/4443  loss=0.0966
    [train] iter 1500/4443  loss=0.1277
    [train] iter 1520/4443  loss=0.2287
    [train] iter 1540/4443  loss=0.1835
    [train] iter 1560/4443  loss=0.1702
    [train] iter 1580/4443  loss=0.2945
    [train] iter 1600/4443  loss=0.1605
    [train] iter 1620/4443  loss=0.2230
    [train] iter 1640/4443  loss=0.1368
    [train] iter 1660/4443  loss=0.2694
    [train] iter 1680/4443  loss=0.3619
    [train] iter 1700/4443  loss=0.3247
    [train] iter 1720/4443  loss=0.2003
    [train] iter 1740/4443  loss=0.2769
    [train] iter 1760/4443  loss=0.1241
    [train] iter 1780/4443  loss=0.2783
    [train] iter 1800/4443  loss=0.1656
    [train] iter 1820/4443  loss=0.2213
    [train] iter 1840/4443  loss=0.1395
    [train] iter 1860/4443  loss=0.0895
    [train] iter 1880/4443  loss=0.1656
    [train] iter 1900/4443  loss=0.1885
    [train] iter 1920/4443  loss=0.1232
    [train] iter 1940/4443  loss=0.2190
    [train] iter 1960/4443  loss=0.2055
    [train] iter 1980/4443  loss=0.2095
    [train] iter 2000/4443  loss=0.2005
    [train] iter 2020/4443  loss=0.1023
    [train] iter 2040/4443  loss=0.0945
    [train] iter 2060/4443  loss=0.1591
    [train] iter 2080/4443  loss=0.1264
    [train] iter 2100/4443  loss=0.1877
    [train] iter 2120/4443  loss=0.2050
    [train] iter 2140/4443  loss=0.2261
    [train] iter 2160/4443  loss=0.1401
    [train] iter 2180/4443  loss=0.0793
    [train] iter 2200/4443  loss=0.1173
    [train] iter 2220/4443  loss=0.1526
    [train] iter 2240/4443  loss=0.2304
    [train] iter 2260/4443  loss=0.2381
    [train] iter 2280/4443  loss=0.2043
    [train] iter 2300/4443  loss=0.1741
    [train] iter 2320/4443  loss=0.1330
    [train] iter 2340/4443  loss=0.1840
    [train] iter 2360/4443  loss=0.1052
    [train] iter 2380/4443  loss=0.2200
    [train] iter 2400/4443  loss=0.2094
    [train] iter 2420/4443  loss=0.1258
    [train] iter 2440/4443  loss=0.1430
    [train] iter 2460/4443  loss=0.2076
    [train] iter 2480/4443  loss=0.1969
    [train] iter 2500/4443  loss=0.1269
    [train] iter 2520/4443  loss=0.1903
    [train] iter 2540/4443  loss=0.1980
    [train] iter 2560/4443  loss=0.2745
    [train] iter 2580/4443  loss=0.1799
    [train] iter 2600/4443  loss=0.2061
    [train] iter 2620/4443  loss=0.1488
    [train] iter 2640/4443  loss=0.1744
    [train] iter 2660/4443  loss=0.1094
    [train] iter 2680/4443  loss=0.1299
    [train] iter 2700/4443  loss=0.0955
    [train] iter 2720/4443  loss=0.2554
    [train] iter 2740/4443  loss=0.1301
    [train] iter 2760/4443  loss=0.1535
    [train] iter 2780/4443  loss=0.2036
    [train] iter 2800/4443  loss=0.1608
    [train] iter 2820/4443  loss=0.1686
    [train] iter 2840/4443  loss=0.2413
    [train] iter 2860/4443  loss=0.2085
    [train] iter 2880/4443  loss=0.1656
    [train] iter 2900/4443  loss=0.1296
    [train] iter 2920/4443  loss=0.1290
    [train] iter 2940/4443  loss=0.2531
    [train] iter 2960/4443  loss=0.1462
    [train] iter 2980/4443  loss=0.1003
    [train] iter 3000/4443  loss=0.1091
    [train] iter 3020/4443  loss=0.1711
    [train] iter 3040/4443  loss=0.0781
    [train] iter 3060/4443  loss=0.1076
    [train] iter 3080/4443  loss=0.1739
    [train] iter 3100/4443  loss=0.3140
    [train] iter 3120/4443  loss=0.2484
    [train] iter 3140/4443  loss=0.1832
    [train] iter 3160/4443  loss=0.2498
    [train] iter 3180/4443  loss=0.2226
    [train] iter 3200/4443  loss=0.1054
    [train] iter 3220/4443  loss=0.1831
    [train] iter 3240/4443  loss=0.1917
    [train] iter 3260/4443  loss=0.1350
    [train] iter 3280/4443  loss=0.2031
    [train] iter 3300/4443  loss=0.1281
    [train] iter 3320/4443  loss=0.1698
    [train] iter 3340/4443  loss=0.2470
    [train] iter 3360/4443  loss=0.1299
    [train] iter 3380/4443  loss=0.1612
    [train] iter 3400/4443  loss=0.1364
    [train] iter 3420/4443  loss=0.2284
    [train] iter 3440/4443  loss=0.1512
    [train] iter 3460/4443  loss=0.1587
    [train] iter 3480/4443  loss=0.1318
    [train] iter 3500/4443  loss=0.1641
    [train] iter 3520/4443  loss=0.2635
    [train] iter 3540/4443  loss=0.1150
    [train] iter 3560/4443  loss=0.1611
    [train] iter 3580/4443  loss=0.1506
    [train] iter 3600/4443  loss=0.2970
    [train] iter 3620/4443  loss=0.1197
    [train] iter 3640/4443  loss=0.1843
    [train] iter 3660/4443  loss=0.1479
    [train] iter 3680/4443  loss=0.1951
    [train] iter 3700/4443  loss=0.2809
    [train] iter 3720/4443  loss=0.1284
    [train] iter 3740/4443  loss=0.1206
    [train] iter 3760/4443  loss=0.3271
    [train] iter 3780/4443  loss=0.1473
    [train] iter 3800/4443  loss=0.1940
    [train] iter 3820/4443  loss=0.2032
    [train] iter 3840/4443  loss=0.1485
    [train] iter 3860/4443  loss=0.1451
    [train] iter 3880/4443  loss=0.1379
    [train] iter 3900/4443  loss=0.1916
    [train] iter 3920/4443  loss=0.2618
    [train] iter 3940/4443  loss=0.2334
    [train] iter 3960/4443  loss=0.1974
    [train] iter 3980/4443  loss=0.1927
    [train] iter 4000/4443  loss=0.1223
    [train] iter 4020/4443  loss=0.0883
    [train] iter 4040/4443  loss=0.0882
    [train] iter 4060/4443  loss=0.1431
    [train] iter 4080/4443  loss=0.1532
    [train] iter 4100/4443  loss=0.2055
    [train] iter 4120/4443  loss=0.1355
    [train] iter 4140/4443  loss=0.2692
    [train] iter 4160/4443  loss=0.1151
    [train] iter 4180/4443  loss=0.1311
    [train] iter 4200/4443  loss=0.1776
    [train] iter 4220/4443  loss=0.1049
    [train] iter 4240/4443  loss=0.1237
    [train] iter 4260/4443  loss=0.0692
    [train] iter 4280/4443  loss=0.1847
    [train] iter 4300/4443  loss=0.1863
    [train] iter 4320/4443  loss=0.2712
    [train] iter 4340/4443  loss=0.1215
    [train] iter 4360/4443  loss=0.2184
    [train] iter 4380/4443  loss=0.2083
    [train] iter 4400/4443  loss=0.1001
    [train] iter 4420/4443  loss=0.1125
    [train] iter 4440/4443  loss=0.1481
  train_loss=0.1757  val_loss=0.1765  val_dice=0.7954

--- Epoch 25/100 (lr=2.59e-04) ---
    [train] iter 20/4443  loss=0.1861
    [train] iter 40/4443  loss=0.2803
    [train] iter 60/4443  loss=0.1666
    [train] iter 80/4443  loss=0.1841
    [train] iter 100/4443  loss=0.1585
    [train] iter 120/4443  loss=0.1803
    [train] iter 140/4443  loss=0.1818
    [train] iter 160/4443  loss=0.1152
    [train] iter 180/4443  loss=0.1779
    [train] iter 200/4443  loss=0.1414
    [train] iter 220/4443  loss=0.2062
    [train] iter 240/4443  loss=0.1722
    [train] iter 260/4443  loss=0.2709
    [train] iter 280/4443  loss=0.2001
    [train] iter 300/4443  loss=0.1256
    [train] iter 320/4443  loss=0.2328
    [train] iter 340/4443  loss=0.1428
    [train] iter 360/4443  loss=0.3088
    [train] iter 380/4443  loss=0.0929
    [train] iter 400/4443  loss=0.1610
    [train] iter 420/4443  loss=0.1325
    [train] iter 440/4443  loss=0.1291
    [train] iter 460/4443  loss=0.1492
    [train] iter 480/4443  loss=0.1471
    [train] iter 500/4443  loss=0.1920
    [train] iter 520/4443  loss=0.2020
    [train] iter 540/4443  loss=0.1551
    [train] iter 560/4443  loss=0.1737
    [train] iter 580/4443  loss=0.1631
    [train] iter 600/4443  loss=0.0851
    [train] iter 620/4443  loss=0.1048
    [train] iter 640/4443  loss=0.2532
    [train] iter 660/4443  loss=0.1713
    [train] iter 680/4443  loss=0.1794
    [train] iter 700/4443  loss=0.2367
    [train] iter 720/4443  loss=0.1145
    [train] iter 740/4443  loss=0.1088
    [train] iter 760/4443  loss=0.1463
    [train] iter 780/4443  loss=0.1979
    [train] iter 800/4443  loss=0.1709
    [train] iter 820/4443  loss=0.1327
    [train] iter 840/4443  loss=0.1528
    [train] iter 860/4443  loss=0.3008
    [train] iter 880/4443  loss=0.1271
    [train] iter 900/4443  loss=0.1941
    [train] iter 920/4443  loss=0.1177
    [train] iter 940/4443  loss=0.1706
    [train] iter 960/4443  loss=0.1879
    [train] iter 980/4443  loss=0.1613
    [train] iter 1000/4443  loss=0.1943
    [train] iter 1020/4443  loss=0.2396
    [train] iter 1040/4443  loss=0.2975
    [train] iter 1060/4443  loss=0.1551
    [train] iter 1080/4443  loss=0.1674
    [train] iter 1100/4443  loss=0.1973
    [train] iter 1120/4443  loss=0.1597
    [train] iter 1140/4443  loss=0.2016
    [train] iter 1160/4443  loss=0.1581
    [train] iter 1180/4443  loss=0.1375
    [train] iter 1200/4443  loss=0.1505
    [train] iter 1220/4443  loss=0.1074
    [train] iter 1240/4443  loss=0.1520
    [train] iter 1260/4443  loss=0.1379
    [train] iter 1280/4443  loss=0.1683
    [train] iter 1300/4443  loss=0.2387
    [train] iter 1320/4443  loss=0.1025
    [train] iter 1340/4443  loss=0.1847
    [train] iter 1360/4443  loss=0.1268
    [train] iter 1380/4443  loss=0.1825
    [train] iter 1400/4443  loss=0.2398
    [train] iter 1420/4443  loss=0.1866
    [train] iter 1440/4443  loss=0.1999
    [train] iter 1460/4443  loss=0.1096
    [train] iter 1480/4443  loss=0.2098
    [train] iter 1500/4443  loss=0.1689
    [train] iter 1520/4443  loss=0.1807
    [train] iter 1540/4443  loss=0.1953
    [train] iter 1560/4443  loss=0.1339
    [train] iter 1580/4443  loss=0.1418
    [train] iter 1600/4443  loss=0.1814
    [train] iter 1620/4443  loss=0.1333
    [train] iter 1640/4443  loss=0.1589
    [train] iter 1660/4443  loss=0.1576
    [train] iter 1680/4443  loss=0.1773
    [train] iter 1700/4443  loss=0.1871
    [train] iter 1720/4443  loss=0.2819
    [train] iter 1740/4443  loss=0.2093
    [train] iter 1760/4443  loss=0.2255
    [train] iter 1780/4443  loss=0.1531
    [train] iter 1800/4443  loss=0.2271
    [train] iter 1820/4443  loss=0.1620
    [train] iter 1840/4443  loss=0.1177
    [train] iter 1860/4443  loss=0.1703
    [train] iter 1880/4443  loss=0.1424
    [train] iter 1900/4443  loss=0.1868
    [train] iter 1920/4443  loss=0.1722
    [train] iter 1940/4443  loss=0.2206
    [train] iter 1960/4443  loss=0.1596
    [train] iter 1980/4443  loss=0.2044
    [train] iter 2000/4443  loss=0.1369
    [train] iter 2020/4443  loss=0.1267
    [train] iter 2040/4443  loss=0.0926
    [train] iter 2060/4443  loss=0.1021
    [train] iter 2080/4443  loss=0.0841
    [train] iter 2100/4443  loss=0.1564
    [train] iter 2120/4443  loss=0.1530
    [train] iter 2140/4443  loss=0.1865
    [train] iter 2160/4443  loss=0.1678
    [train] iter 2180/4443  loss=0.2817
    [train] iter 2200/4443  loss=0.3484
    [train] iter 2220/4443  loss=0.1359
    [train] iter 2240/4443  loss=0.0988
    [train] iter 2260/4443  loss=0.1862
    [train] iter 2280/4443  loss=0.2699
    [train] iter 2300/4443  loss=0.1491
    [train] iter 2320/4443  loss=0.1410
    [train] iter 2340/4443  loss=0.2309
    [train] iter 2360/4443  loss=0.1708
    [train] iter 2380/4443  loss=0.2753
    [train] iter 2400/4443  loss=0.1244
    [train] iter 2420/4443  loss=0.1284
    [train] iter 2440/4443  loss=0.1884
    [train] iter 2460/4443  loss=0.2404
    [train] iter 2480/4443  loss=0.1271
    [train] iter 2500/4443  loss=0.3138
    [train] iter 2520/4443  loss=0.1872
    [train] iter 2540/4443  loss=0.1957
    [train] iter 2560/4443  loss=0.1019
    [train] iter 2580/4443  loss=0.1340
    [train] iter 2600/4443  loss=0.2823
    [train] iter 2620/4443  loss=0.2447
    [train] iter 2640/4443  loss=0.1973
    [train] iter 2660/4443  loss=0.1812
    [train] iter 2680/4443  loss=0.0888
    [train] iter 2700/4443  loss=0.1370
    [train] iter 2720/4443  loss=0.2069
    [train] iter 2740/4443  loss=0.1842
    [train] iter 2760/4443  loss=0.1274
    [train] iter 2780/4443  loss=0.1196
    [train] iter 2800/4443  loss=0.2141
    [train] iter 2820/4443  loss=0.1515
    [train] iter 2840/4443  loss=0.1667
    [train] iter 2860/4443  loss=0.2136
    [train] iter 2880/4443  loss=0.3713
    [train] iter 2900/4443  loss=0.2394
    [train] iter 2920/4443  loss=0.1167
    [train] iter 2940/4443  loss=0.1378
    [train] iter 2960/4443  loss=0.1689
    [train] iter 2980/4443  loss=0.1423
    [train] iter 3000/4443  loss=0.1458
    [train] iter 3020/4443  loss=0.2602
    [train] iter 3040/4443  loss=0.2146
    [train] iter 3060/4443  loss=0.1707
    [train] iter 3080/4443  loss=0.1550
    [train] iter 3100/4443  loss=0.2129
    [train] iter 3120/4443  loss=0.1487
    [train] iter 3140/4443  loss=0.1549
    [train] iter 3160/4443  loss=0.1528
    [train] iter 3180/4443  loss=0.2018
    [train] iter 3200/4443  loss=0.1576
    [train] iter 3220/4443  loss=0.1352
    [train] iter 3240/4443  loss=0.1036
    [train] iter 3260/4443  loss=0.1563
    [train] iter 3280/4443  loss=0.1705
    [train] iter 3300/4443  loss=0.0846
    [train] iter 3320/4443  loss=0.1382
    [train] iter 3340/4443  loss=0.1183
    [train] iter 3360/4443  loss=0.1193
    [train] iter 3380/4443  loss=0.1730
    [train] iter 3400/4443  loss=0.1589
    [train] iter 3420/4443  loss=0.1232
    [train] iter 3440/4443  loss=0.1064
    [train] iter 3460/4443  loss=0.2999
    [train] iter 3480/4443  loss=0.1052
    [train] iter 3500/4443  loss=0.1992
    [train] iter 3520/4443  loss=0.1767
    [train] iter 3540/4443  loss=0.1632
    [train] iter 3560/4443  loss=0.1344
    [train] iter 3580/4443  loss=0.2032
    [train] iter 3600/4443  loss=0.1747
    [train] iter 3620/4443  loss=0.2054
    [train] iter 3640/4443  loss=0.2372
    [train] iter 3660/4443  loss=0.1190
    [train] iter 3680/4443  loss=0.1928
    [train] iter 3700/4443  loss=0.1294
    [train] iter 3720/4443  loss=0.2727
    [train] iter 3740/4443  loss=0.2182
    [train] iter 3760/4443  loss=0.2076
    [train] iter 3780/4443  loss=0.1183
    [train] iter 3800/4443  loss=0.3200
    [train] iter 3820/4443  loss=0.1297
    [train] iter 3840/4443  loss=0.1392
    [train] iter 3860/4443  loss=0.1858
    [train] iter 3880/4443  loss=0.1678
    [train] iter 3900/4443  loss=0.0808
    [train] iter 3920/4443  loss=0.0984
    [train] iter 3940/4443  loss=0.1252
    [train] iter 3960/4443  loss=0.1342
    [train] iter 3980/4443  loss=0.1729
    [train] iter 4000/4443  loss=0.1780
    [train] iter 4020/4443  loss=0.2320
    [train] iter 4040/4443  loss=0.1627
    [train] iter 4060/4443  loss=0.2812
    [train] iter 4080/4443  loss=0.1464
    [train] iter 4100/4443  loss=0.2025
    [train] iter 4120/4443  loss=0.2371
    [train] iter 4140/4443  loss=0.1528
    [train] iter 4160/4443  loss=0.1809
    [train] iter 4180/4443  loss=0.1449
    [train] iter 4200/4443  loss=0.2615
    [train] iter 4220/4443  loss=0.1050
    [train] iter 4240/4443  loss=0.1397
    [train] iter 4260/4443  loss=0.2541
    [train] iter 4280/4443  loss=0.2418
    [train] iter 4300/4443  loss=0.2102
    [train] iter 4320/4443  loss=0.0994
    [train] iter 4340/4443  loss=0.2708
    [train] iter 4360/4443  loss=0.1944
    [train] iter 4380/4443  loss=0.0644
    [train] iter 4400/4443  loss=0.1401
    [train] iter 4420/4443  loss=0.3184
    [train] iter 4440/4443  loss=0.2183
  train_loss=0.1737  val_loss=0.1782  val_dice=0.7947

--- Epoch 26/100 (lr=2.56e-04) ---
    [train] iter 20/4443  loss=0.1097
    [train] iter 40/4443  loss=0.2734
    [train] iter 60/4443  loss=0.1691
    [train] iter 80/4443  loss=0.2408
    [train] iter 100/4443  loss=0.1342
    [train] iter 120/4443  loss=0.1435
    [train] iter 140/4443  loss=0.1162
    [train] iter 160/4443  loss=0.1225
    [train] iter 180/4443  loss=0.1101
    [train] iter 200/4443  loss=0.2774
    [train] iter 220/4443  loss=0.2509
    [train] iter 240/4443  loss=0.1199
    [train] iter 260/4443  loss=0.1164
    [train] iter 280/4443  loss=0.1050
    [train] iter 300/4443  loss=0.1657
    [train] iter 320/4443  loss=0.1060
    [train] iter 340/4443  loss=0.1556
    [train] iter 360/4443  loss=0.1709
    [train] iter 380/4443  loss=0.1229
    [train] iter 400/4443  loss=0.0975
    [train] iter 420/4443  loss=0.1930
    [train] iter 440/4443  loss=0.1655
    [train] iter 460/4443  loss=0.1424
    [train] iter 480/4443  loss=0.2023
    [train] iter 500/4443  loss=0.1866
    [train] iter 520/4443  loss=0.1128
    [train] iter 540/4443  loss=0.1821
    [train] iter 560/4443  loss=0.3162
    [train] iter 580/4443  loss=0.1683
    [train] iter 600/4443  loss=0.1226
    [train] iter 620/4443  loss=0.2357
    [train] iter 640/4443  loss=0.1249
    [train] iter 660/4443  loss=0.1636
    [train] iter 680/4443  loss=0.1660
    [train] iter 700/4443  loss=0.2469
    [train] iter 720/4443  loss=0.2671
    [train] iter 740/4443  loss=0.1643
    [train] iter 760/4443  loss=0.1729
    [train] iter 780/4443  loss=0.0816
    [train] iter 800/4443  loss=0.1439
    [train] iter 820/4443  loss=0.1752
    [train] iter 840/4443  loss=0.1149
    [train] iter 860/4443  loss=0.2552
    [train] iter 880/4443  loss=0.0884
    [train] iter 900/4443  loss=0.0984
    [train] iter 920/4443  loss=0.1465
    [train] iter 940/4443  loss=0.1469
    [train] iter 960/4443  loss=0.1872
    [train] iter 980/4443  loss=0.1068
    [train] iter 1000/4443  loss=0.2214
    [train] iter 1020/4443  loss=0.2388
    [train] iter 1040/4443  loss=0.1691
    [train] iter 1060/4443  loss=0.1449
    [train] iter 1080/4443  loss=0.1365
    [train] iter 1100/4443  loss=0.1590
    [train] iter 1120/4443  loss=0.2013
    [train] iter 1140/4443  loss=0.1710
    [train] iter 1160/4443  loss=0.1035
    [train] iter 1180/4443  loss=0.1896
    [train] iter 1200/4443  loss=0.1267
    [train] iter 1220/4443  loss=0.2037
    [train] iter 1240/4443  loss=0.2316
    [train] iter 1260/4443  loss=0.2194
    [train] iter 1280/4443  loss=0.1325
    [train] iter 1300/4443  loss=0.1679
    [train] iter 1320/4443  loss=0.2041
    [train] iter 1340/4443  loss=0.2019
    [train] iter 1360/4443  loss=0.1471
    [train] iter 1380/4443  loss=0.1362
    [train] iter 1400/4443  loss=0.1485
    [train] iter 1420/4443  loss=0.2655
    [train] iter 1440/4443  loss=0.2599
    [train] iter 1460/4443  loss=0.2508
    [train] iter 1480/4443  loss=0.0840
    [train] iter 1500/4443  loss=0.1122
    [train] iter 1520/4443  loss=0.1184
    [train] iter 1540/4443  loss=0.1680
    [train] iter 1560/4443  loss=0.1409
    [train] iter 1580/4443  loss=0.2665
    [train] iter 1600/4443  loss=0.1235
    [train] iter 1620/4443  loss=0.2076
    [train] iter 1640/4443  loss=0.2373
    [train] iter 1660/4443  loss=0.1144
    [train] iter 1680/4443  loss=0.1092
    [train] iter 1700/4443  loss=0.2396
    [train] iter 1720/4443  loss=0.1046
    [train] iter 1740/4443  loss=0.2036
    [train] iter 1760/4443  loss=0.1983
    [train] iter 1780/4443  loss=0.2675
    [train] iter 1800/4443  loss=0.0960
    [train] iter 1820/4443  loss=0.1096
    [train] iter 1840/4443  loss=0.1830
    [train] iter 1860/4443  loss=0.1669
    [train] iter 1880/4443  loss=0.2095
    [train] iter 1900/4443  loss=0.2130
    [train] iter 1920/4443  loss=0.2257
    [train] iter 1940/4443  loss=0.1127
    [train] iter 1960/4443  loss=0.1478
    [train] iter 1980/4443  loss=0.2031
    [train] iter 2000/4443  loss=0.1589
    [train] iter 2020/4443  loss=0.1200
    [train] iter 2040/4443  loss=0.1543
    [train] iter 2060/4443  loss=0.2161
    [train] iter 2080/4443  loss=0.1308
    [train] iter 2100/4443  loss=0.1086
    [train] iter 2120/4443  loss=0.1712
    [train] iter 2140/4443  loss=0.1200
    [train] iter 2160/4443  loss=0.1189
    [train] iter 2180/4443  loss=0.0910
    [train] iter 2200/4443  loss=0.1998
    [train] iter 2220/4443  loss=0.0707
    [train] iter 2240/4443  loss=0.1016
    [train] iter 2260/4443  loss=0.1772
    [train] iter 2280/4443  loss=0.1609
    [train] iter 2300/4443  loss=0.2008
    [train] iter 2320/4443  loss=0.2408
    [train] iter 2340/4443  loss=0.1701
    [train] iter 2360/4443  loss=0.2895
    [train] iter 2380/4443  loss=0.2099
    [train] iter 2400/4443  loss=0.1446
    [train] iter 2420/4443  loss=0.1685
    [train] iter 2440/4443  loss=0.1202
    [train] iter 2460/4443  loss=0.1826
    [train] iter 2480/4443  loss=0.1672
    [train] iter 2500/4443  loss=0.2597
    [train] iter 2520/4443  loss=0.1821
    [train] iter 2540/4443  loss=0.2187
    [train] iter 2560/4443  loss=0.0876
    [train] iter 2580/4443  loss=0.2448
    [train] iter 2600/4443  loss=0.1402
    [train] iter 2620/4443  loss=0.1834
    [train] iter 2640/4443  loss=0.1528
    [train] iter 2660/4443  loss=0.1167
    [train] iter 2680/4443  loss=0.1139
    [train] iter 2700/4443  loss=0.1157
    [train] iter 2720/4443  loss=0.1256
    [train] iter 2740/4443  loss=0.2548
    [train] iter 2760/4443  loss=0.1484
    [train] iter 2780/4443  loss=0.1369
    [train] iter 2800/4443  loss=0.2472
    [train] iter 2820/4443  loss=0.1245
    [train] iter 2840/4443  loss=0.2422
    [train] iter 2860/4443  loss=0.3207
    [train] iter 2880/4443  loss=0.1830
    [train] iter 2900/4443  loss=0.1898
    [train] iter 2920/4443  loss=0.2333
    [train] iter 2940/4443  loss=0.1444
    [train] iter 2960/4443  loss=0.1516
    [train] iter 2980/4443  loss=0.0957
    [train] iter 3000/4443  loss=0.1905
    [train] iter 3020/4443  loss=0.1913
    [train] iter 3040/4443  loss=0.1810
    [train] iter 3060/4443  loss=0.1596
    [train] iter 3080/4443  loss=0.1504
    [train] iter 3100/4443  loss=0.1938
    [train] iter 3120/4443  loss=0.2868
    [train] iter 3140/4443  loss=0.1864
    [train] iter 3160/4443  loss=0.2863
    [train] iter 3180/4443  loss=0.2049
    [train] iter 3200/4443  loss=0.1996
    [train] iter 3220/4443  loss=0.2549
    [train] iter 3240/4443  loss=0.1663
    [train] iter 3260/4443  loss=0.1776
    [train] iter 3280/4443  loss=0.1561
    [train] iter 3300/4443  loss=0.1380
    [train] iter 3320/4443  loss=0.0983
    [train] iter 3340/4443  loss=0.1512
    [train] iter 3360/4443  loss=0.3117
    [train] iter 3380/4443  loss=0.2044
    [train] iter 3400/4443  loss=0.2603
    [train] iter 3420/4443  loss=0.1664
    [train] iter 3440/4443  loss=0.1159
    [train] iter 3460/4443  loss=0.1368
    [train] iter 3480/4443  loss=0.1549
    [train] iter 3500/4443  loss=0.3809
    [train] iter 3520/4443  loss=0.0721
    [train] iter 3540/4443  loss=0.0795
    [train] iter 3560/4443  loss=0.1123
    [train] iter 3580/4443  loss=0.1743
    [train] iter 3600/4443  loss=0.2287
    [train] iter 3620/4443  loss=0.1244
    [train] iter 3640/4443  loss=0.1869
    [train] iter 3660/4443  loss=0.2226
    [train] iter 3680/4443  loss=0.3062
    [train] iter 3700/4443  loss=0.2594
    [train] iter 3720/4443  loss=0.1221
    [train] iter 3740/4443  loss=0.2405
    [train] iter 3760/4443  loss=0.0970
    [train] iter 3780/4443  loss=0.3199
    [train] iter 3800/4443  loss=0.1343
    [train] iter 3820/4443  loss=0.1190
    [train] iter 3840/4443  loss=0.2420
    [train] iter 3860/4443  loss=0.1616
    [train] iter 3880/4443  loss=0.1773
    [train] iter 3900/4443  loss=0.1118
    [train] iter 3920/4443  loss=0.1800
    [train] iter 3940/4443  loss=0.1769
    [train] iter 3960/4443  loss=0.1619
    [train] iter 3980/4443  loss=0.2903
    [train] iter 4000/4443  loss=0.2109
    [train] iter 4020/4443  loss=0.1887
    [train] iter 4040/4443  loss=0.1359
    [train] iter 4060/4443  loss=0.1193
    [train] iter 4080/4443  loss=0.1412
    [train] iter 4100/4443  loss=0.2273
    [train] iter 4120/4443  loss=0.1240
    [train] iter 4140/4443  loss=0.1366
    [train] iter 4160/4443  loss=0.2168
    [train] iter 4180/4443  loss=0.1194
    [train] iter 4200/4443  loss=0.1679
    [train] iter 4220/4443  loss=0.1337
    [train] iter 4240/4443  loss=0.1107
    [train] iter 4260/4443  loss=0.1458
    [train] iter 4280/4443  loss=0.0992
    [train] iter 4300/4443  loss=0.1575
    [train] iter 4320/4443  loss=0.1535
    [train] iter 4340/4443  loss=0.1527
    [train] iter 4360/4443  loss=0.1255
    [train] iter 4380/4443  loss=0.0951
    [train] iter 4400/4443  loss=0.2349
    [train] iter 4420/4443  loss=0.2037
    [train] iter 4440/4443  loss=0.2156
  train_loss=0.1734  val_loss=0.1768  val_dice=0.7974

--- Epoch 27/100 (lr=2.53e-04) ---
    [train] iter 20/4443  loss=0.1614
    [train] iter 40/4443  loss=0.1391
    [train] iter 60/4443  loss=0.1944
    [train] iter 80/4443  loss=0.1561
    [train] iter 100/4443  loss=0.1791
    [train] iter 120/4443  loss=0.0928
    [train] iter 140/4443  loss=0.2489
    [train] iter 160/4443  loss=0.1666
    [train] iter 180/4443  loss=0.1281
    [train] iter 200/4443  loss=0.1992
    [train] iter 220/4443  loss=0.1927
    [train] iter 240/4443  loss=0.1839
    [train] iter 260/4443  loss=0.1814
    [train] iter 280/4443  loss=0.1458
    [train] iter 300/4443  loss=0.1863
    [train] iter 320/4443  loss=0.1554
    [train] iter 340/4443  loss=0.1582
    [train] iter 360/4443  loss=0.1997
    [train] iter 380/4443  loss=0.2110
    [train] iter 400/4443  loss=0.1087
    [train] iter 420/4443  loss=0.1306
    [train] iter 440/4443  loss=0.2662
    [train] iter 460/4443  loss=0.1546
    [train] iter 480/4443  loss=0.1743
    [train] iter 500/4443  loss=0.1611
    [train] iter 520/4443  loss=0.2006
    [train] iter 540/4443  loss=0.1774
    [train] iter 560/4443  loss=0.2011
    [train] iter 580/4443  loss=0.1758
    [train] iter 600/4443  loss=0.2214
    [train] iter 620/4443  loss=0.1329
    [train] iter 640/4443  loss=0.1181
    [train] iter 660/4443  loss=0.2872
    [train] iter 680/4443  loss=0.3067
    [train] iter 700/4443  loss=0.1947
    [train] iter 720/4443  loss=0.1708
    [train] iter 740/4443  loss=0.1233
    [train] iter 760/4443  loss=0.2535
    [train] iter 780/4443  loss=0.1598
    [train] iter 800/4443  loss=0.1211
    [train] iter 820/4443  loss=0.2973
    [train] iter 840/4443  loss=0.1922
    [train] iter 860/4443  loss=0.1425
    [train] iter 880/4443  loss=0.2565
    [train] iter 900/4443  loss=0.1898
    [train] iter 920/4443  loss=0.1353
    [train] iter 940/4443  loss=0.1000
    [train] iter 960/4443  loss=0.1826
    [train] iter 980/4443  loss=0.0787
    [train] iter 1000/4443  loss=0.1967
    [train] iter 1020/4443  loss=0.2164
    [train] iter 1040/4443  loss=0.2142
    [train] iter 1060/4443  loss=0.4037
    [train] iter 1080/4443  loss=0.1736
    [train] iter 1100/4443  loss=0.1306
    [train] iter 1120/4443  loss=0.0810
    [train] iter 1140/4443  loss=0.1348
    [train] iter 1160/4443  loss=0.1348
    [train] iter 1180/4443  loss=0.2711
    [train] iter 1200/4443  loss=0.0902
    [train] iter 1220/4443  loss=0.1348
    [train] iter 1240/4443  loss=0.1693
    [train] iter 1260/4443  loss=0.2210
    [train] iter 1280/4443  loss=0.2959
    [train] iter 1300/4443  loss=0.1196
    [train] iter 1320/4443  loss=0.1530
    [train] iter 1340/4443  loss=0.0899
    [train] iter 1360/4443  loss=0.1655
    [train] iter 1380/4443  loss=0.1678
    [train] iter 1400/4443  loss=0.1381
    [train] iter 1420/4443  loss=0.1408
    [train] iter 1440/4443  loss=0.1567
    [train] iter 1460/4443  loss=0.1275
    [train] iter 1480/4443  loss=0.2207
    [train] iter 1500/4443  loss=0.3324
    [train] iter 1520/4443  loss=0.2254
    [train] iter 1540/4443  loss=0.1359
    [train] iter 1560/4443  loss=0.1220
    [train] iter 1580/4443  loss=0.1925
    [train] iter 1600/4443  loss=0.1041
    [train] iter 1620/4443  loss=0.2838
    [train] iter 1640/4443  loss=0.1708
    [train] iter 1660/4443  loss=0.1484
    [train] iter 1680/4443  loss=0.1855
    [train] iter 1700/4443  loss=0.1304
    [train] iter 1720/4443  loss=0.0988
    [train] iter 1740/4443  loss=0.0900
    [train] iter 1760/4443  loss=0.1163
    [train] iter 1780/4443  loss=0.3252
    [train] iter 1800/4443  loss=0.1256
    [train] iter 1820/4443  loss=0.1678
    [train] iter 1840/4443  loss=0.1308
    [train] iter 1860/4443  loss=0.1304
    [train] iter 1880/4443  loss=0.1447
    [train] iter 1900/4443  loss=0.1406
    [train] iter 1920/4443  loss=0.2201
    [train] iter 1940/4443  loss=0.2433
    [train] iter 1960/4443  loss=0.2258
    [train] iter 1980/4443  loss=0.1384
    [train] iter 2000/4443  loss=0.1686
    [train] iter 2020/4443  loss=0.1784
    [train] iter 2040/4443  loss=0.1116
    [train] iter 2060/4443  loss=0.1493
    [train] iter 2080/4443  loss=0.3236
    [train] iter 2100/4443  loss=0.2896
    [train] iter 2120/4443  loss=0.1735
    [train] iter 2140/4443  loss=0.1606
    [train] iter 2160/4443  loss=0.1496
    [train] iter 2180/4443  loss=0.1990
    [train] iter 2200/4443  loss=0.1558
    [train] iter 2220/4443  loss=0.2786
    [train] iter 2240/4443  loss=0.1511
    [train] iter 2260/4443  loss=0.1740
    [train] iter 2280/4443  loss=0.1850
    [train] iter 2300/4443  loss=0.0948
    [train] iter 2320/4443  loss=0.0961
    [train] iter 2340/4443  loss=0.2593
    [train] iter 2360/4443  loss=0.1687
    [train] iter 2380/4443  loss=0.2509
    [train] iter 2400/4443  loss=0.1530
    [train] iter 2420/4443  loss=0.1945
    [train] iter 2440/4443  loss=0.1685
    [train] iter 2460/4443  loss=0.2174
    [train] iter 2480/4443  loss=0.1686
    [train] iter 2500/4443  loss=0.1207
    [train] iter 2520/4443  loss=0.1421
    [train] iter 2540/4443  loss=0.2299
    [train] iter 2560/4443  loss=0.1445
    [train] iter 2580/4443  loss=0.1175
    [train] iter 2600/4443  loss=0.2176
    [train] iter 2620/4443  loss=0.3694
    [train] iter 2640/4443  loss=0.2260
    [train] iter 2660/4443  loss=0.1282
    [train] iter 2680/4443  loss=0.2192
    [train] iter 2700/4443  loss=0.2190
    [train] iter 2720/4443  loss=0.1388
    [train] iter 2740/4443  loss=0.1504
    [train] iter 2760/4443  loss=0.1811
    [train] iter 2780/4443  loss=0.1038
    [train] iter 2800/4443  loss=0.2932
    [train] iter 2820/4443  loss=0.1065
    [train] iter 2840/4443  loss=0.1628
    [train] iter 2860/4443  loss=0.1467
    [train] iter 2880/4443  loss=0.2073
    [train] iter 2900/4443  loss=0.2634
    [train] iter 2920/4443  loss=0.3375
    [train] iter 2940/4443  loss=0.1241
    [train] iter 2960/4443  loss=0.2261
    [train] iter 2980/4443  loss=0.1873
    [train] iter 3000/4443  loss=0.2296
    [train] iter 3020/4443  loss=0.1863
    [train] iter 3040/4443  loss=0.1534
    [train] iter 3060/4443  loss=0.1362
    [train] iter 3080/4443  loss=0.1591
    [train] iter 3100/4443  loss=0.2212
    [train] iter 3120/4443  loss=0.1056
    [train] iter 3140/4443  loss=0.2722
    [train] iter 3160/4443  loss=0.3057
    [train] iter 3180/4443  loss=0.2347
    [train] iter 3200/4443  loss=0.1222
    [train] iter 3220/4443  loss=0.2759
    [train] iter 3240/4443  loss=0.1920
    [train] iter 3260/4443  loss=0.1781
    [train] iter 3280/4443  loss=0.1718
    [train] iter 3300/4443  loss=0.1673
    [train] iter 3320/4443  loss=0.1408
    [train] iter 3340/4443  loss=0.1936
    [train] iter 3360/4443  loss=0.1894
    [train] iter 3380/4443  loss=0.1176
    [train] iter 3400/4443  loss=0.2203
    [train] iter 3420/4443  loss=0.2406
    [train] iter 3440/4443  loss=0.1407
    [train] iter 3460/4443  loss=0.3848
    [train] iter 3480/4443  loss=0.3028
    [train] iter 3500/4443  loss=0.2953
    [train] iter 3520/4443  loss=0.1351
    [train] iter 3540/4443  loss=0.1662
    [train] iter 3560/4443  loss=0.1987
    [train] iter 3580/4443  loss=0.1890
    [train] iter 3600/4443  loss=0.1547
    [train] iter 3620/4443  loss=0.0714
    [train] iter 3640/4443  loss=0.3243
    [train] iter 3660/4443  loss=0.2184
    [train] iter 3680/4443  loss=0.3273
    [train] iter 3700/4443  loss=0.2490
    [train] iter 3720/4443  loss=0.4007
    [train] iter 3740/4443  loss=0.1427
    [train] iter 3760/4443  loss=0.1495
    [train] iter 3780/4443  loss=0.1441
    [train] iter 3800/4443  loss=0.2481
    [train] iter 3820/4443  loss=0.1606
    [train] iter 3840/4443  loss=0.1620
    [train] iter 3860/4443  loss=0.1546
    [train] iter 3880/4443  loss=0.1401
    [train] iter 3900/4443  loss=0.1790
    [train] iter 3920/4443  loss=0.1649
    [train] iter 3940/4443  loss=0.1017
    [train] iter 3960/4443  loss=0.1029
    [train] iter 3980/4443  loss=0.2123
    [train] iter 4000/4443  loss=0.2457
    [train] iter 4020/4443  loss=0.2672
    [train] iter 4040/4443  loss=0.1759
    [train] iter 4060/4443  loss=0.3065
    [train] iter 4080/4443  loss=0.2176
    [train] iter 4100/4443  loss=0.1359
    [train] iter 4120/4443  loss=0.2143
    [train] iter 4140/4443  loss=0.0887
    [train] iter 4160/4443  loss=0.0875
    [train] iter 4180/4443  loss=0.1523
    [train] iter 4200/4443  loss=0.1597
    [train] iter 4220/4443  loss=0.2132
    [train] iter 4240/4443  loss=0.1675
    [train] iter 4260/4443  loss=0.1956
    [train] iter 4280/4443  loss=0.1626
    [train] iter 4300/4443  loss=0.3008
    [train] iter 4320/4443  loss=0.1567
    [train] iter 4340/4443  loss=0.1372
    [train] iter 4360/4443  loss=0.1189
    [train] iter 4380/4443  loss=0.1258
    [train] iter 4400/4443  loss=0.1722
    [train] iter 4420/4443  loss=0.2712
    [train] iter 4440/4443  loss=0.2680
  train_loss=0.1745  val_loss=0.1816  val_dice=0.7904

--- Epoch 28/100 (lr=2.49e-04) ---
    [train] iter 20/4443  loss=0.1077
    [train] iter 40/4443  loss=0.2298
    [train] iter 60/4443  loss=0.1334
    [train] iter 80/4443  loss=0.1506
    [train] iter 100/4443  loss=0.1496
    [train] iter 120/4443  loss=0.1630
    [train] iter 140/4443  loss=0.2223
    [train] iter 160/4443  loss=0.2884
    [train] iter 180/4443  loss=0.1379
    [train] iter 200/4443  loss=0.2165
    [train] iter 220/4443  loss=0.1716
    [train] iter 240/4443  loss=0.1756
    [train] iter 260/4443  loss=0.2128
    [train] iter 280/4443  loss=0.1427
    [train] iter 300/4443  loss=0.1471
    [train] iter 320/4443  loss=0.1359
    [train] iter 340/4443  loss=0.1934
    [train] iter 360/4443  loss=0.1627
    [train] iter 380/4443  loss=0.1081
    [train] iter 400/4443  loss=0.2036
    [train] iter 420/4443  loss=0.1465
    [train] iter 440/4443  loss=0.1608
    [train] iter 460/4443  loss=0.1378
    [train] iter 480/4443  loss=0.1823
    [train] iter 500/4443  loss=0.1377
    [train] iter 520/4443  loss=0.2346
    [train] iter 540/4443  loss=0.1536
    [train] iter 560/4443  loss=0.1654
    [train] iter 580/4443  loss=0.1912
    [train] iter 600/4443  loss=0.2122
    [train] iter 620/4443  loss=0.2114
    [train] iter 640/4443  loss=0.0940
    [train] iter 660/4443  loss=0.0843
    [train] iter 680/4443  loss=0.1528
    [train] iter 700/4443  loss=0.1162
    [train] iter 720/4443  loss=0.1012
    [train] iter 740/4443  loss=0.1552
    [train] iter 760/4443  loss=0.2033
    [train] iter 780/4443  loss=0.2871
    [train] iter 800/4443  loss=0.2062
    [train] iter 820/4443  loss=0.1359
    [train] iter 840/4443  loss=0.2048
    [train] iter 860/4443  loss=0.1259
    [train] iter 880/4443  loss=0.1136
    [train] iter 900/4443  loss=0.2467
    [train] iter 920/4443  loss=0.1492
    [train] iter 940/4443  loss=0.1369
    [train] iter 960/4443  loss=0.1328
    [train] iter 980/4443  loss=0.1357
    [train] iter 1000/4443  loss=0.1737
    [train] iter 1020/4443  loss=0.1913
    [train] iter 1040/4443  loss=0.1518
    [train] iter 1060/4443  loss=0.1465
    [train] iter 1080/4443  loss=0.1894
    [train] iter 1100/4443  loss=0.1641
    [train] iter 1120/4443  loss=0.1111
    [train] iter 1140/4443  loss=0.1792
    [train] iter 1160/4443  loss=0.1989
    [train] iter 1180/4443  loss=0.1893
    [train] iter 1200/4443  loss=0.0847
    [train] iter 1220/4443  loss=0.1571
    [train] iter 1240/4443  loss=0.0991
    [train] iter 1260/4443  loss=0.1133
    [train] iter 1280/4443  loss=0.2062
    [train] iter 1300/4443  loss=0.1637
    [train] iter 1320/4443  loss=0.1534
    [train] iter 1340/4443  loss=0.2949
    [train] iter 1360/4443  loss=0.1535
    [train] iter 1380/4443  loss=0.1433
    [train] iter 1400/4443  loss=0.1649
    [train] iter 1420/4443  loss=0.1501
    [train] iter 1440/4443  loss=0.1741
    [train] iter 1460/4443  loss=0.0950
    [train] iter 1480/4443  loss=0.0921
    [train] iter 1500/4443  loss=0.1540
    [train] iter 1520/4443  loss=0.2362
    [train] iter 1540/4443  loss=0.1075
    [train] iter 1560/4443  loss=0.1699
    [train] iter 1580/4443  loss=0.2469
    [train] iter 1600/4443  loss=0.2323
    [train] iter 1620/4443  loss=0.1504
    [train] iter 1640/4443  loss=0.0937
    [train] iter 1660/4443  loss=0.1999
    [train] iter 1680/4443  loss=0.0976
    [train] iter 1700/4443  loss=0.1568
    [train] iter 1720/4443  loss=0.1786
    [train] iter 1740/4443  loss=0.1616
    [train] iter 1760/4443  loss=0.2566
    [train] iter 1780/4443  loss=0.0983
    [train] iter 1800/4443  loss=0.1254
    [train] iter 1820/4443  loss=0.2395
    [train] iter 1840/4443  loss=0.1023
    [train] iter 1860/4443  loss=0.1946
    [train] iter 1880/4443  loss=0.2562
    [train] iter 1900/4443  loss=0.3292
    [train] iter 1920/4443  loss=0.0857
    [train] iter 1940/4443  loss=0.2844
    [train] iter 1960/4443  loss=0.1049
    [train] iter 1980/4443  loss=0.1788
    [train] iter 2000/4443  loss=0.1278
    [train] iter 2020/4443  loss=0.1803
    [train] iter 2040/4443  loss=0.2288
    [train] iter 2060/4443  loss=0.1048
    [train] iter 2080/4443  loss=0.1498
    [train] iter 2100/4443  loss=0.1037
    [train] iter 2120/4443  loss=0.3231
    [train] iter 2140/4443  loss=0.1960
    [train] iter 2160/4443  loss=0.1331
    [train] iter 2180/4443  loss=0.2124
    [train] iter 2200/4443  loss=0.2019
    [train] iter 2220/4443  loss=0.2524
    [train] iter 2240/4443  loss=0.2076
    [train] iter 2260/4443  loss=0.2545
    [train] iter 2280/4443  loss=0.2492
    [train] iter 2300/4443  loss=0.1233
    [train] iter 2320/4443  loss=0.2331
    [train] iter 2340/4443  loss=0.2743
    [train] iter 2360/4443  loss=0.1241
    [train] iter 2380/4443  loss=0.1045
    [train] iter 2400/4443  loss=0.2352
    [train] iter 2420/4443  loss=0.1538
    [train] iter 2440/4443  loss=0.1160
    [train] iter 2460/4443  loss=0.2234
    [train] iter 2480/4443  loss=0.1815
    [train] iter 2500/4443  loss=0.1367
    [train] iter 2520/4443  loss=0.1162
    [train] iter 2540/4443  loss=0.1367
    [train] iter 2560/4443  loss=0.2047
    [train] iter 2580/4443  loss=0.1545
    [train] iter 2600/4443  loss=0.2427
    [train] iter 2620/4443  loss=0.1948
    [train] iter 2640/4443  loss=0.2053
    [train] iter 2660/4443  loss=0.1410
    [train] iter 2680/4443  loss=0.1455
    [train] iter 2700/4443  loss=0.0821
    [train] iter 2720/4443  loss=0.1284
    [train] iter 2740/4443  loss=0.2874
    [train] iter 2760/4443  loss=0.2089
    [train] iter 2780/4443  loss=0.1627
    [train] iter 2800/4443  loss=0.1879
    [train] iter 2820/4443  loss=0.1970
    [train] iter 2840/4443  loss=0.1302
    [train] iter 2860/4443  loss=0.1879
    [train] iter 2880/4443  loss=0.0976
    [train] iter 2900/4443  loss=0.1221
    [train] iter 2920/4443  loss=0.1645
    [train] iter 2940/4443  loss=0.1964
    [train] iter 2960/4443  loss=0.3019
    [train] iter 2980/4443  loss=0.1614
    [train] iter 3000/4443  loss=0.1178
    [train] iter 3020/4443  loss=0.1980
    [train] iter 3040/4443  loss=0.1419
    [train] iter 3060/4443  loss=0.1536
    [train] iter 3080/4443  loss=0.1287
    [train] iter 3100/4443  loss=0.1528
    [train] iter 3120/4443  loss=0.1334
    [train] iter 3140/4443  loss=0.2036
    [train] iter 3160/4443  loss=0.1939
    [train] iter 3180/4443  loss=0.2536
    [train] iter 3200/4443  loss=0.1095
    [train] iter 3220/4443  loss=0.1687
    [train] iter 3240/4443  loss=0.1582
    [train] iter 3260/4443  loss=0.1731
    [train] iter 3280/4443  loss=0.1086
    [train] iter 3300/4443  loss=0.1066
    [train] iter 3320/4443  loss=0.3040
    [train] iter 3340/4443  loss=0.1507
    [train] iter 3360/4443  loss=0.1494
    [train] iter 3380/4443  loss=0.1494
    [train] iter 3400/4443  loss=0.1083
    [train] iter 3420/4443  loss=0.1710
    [train] iter 3440/4443  loss=0.1597
    [train] iter 3460/4443  loss=0.1920
    [train] iter 3480/4443  loss=0.2369
    [train] iter 3500/4443  loss=0.3023
    [train] iter 3520/4443  loss=0.1268
    [train] iter 3540/4443  loss=0.1764
    [train] iter 3560/4443  loss=0.1710
    [train] iter 3580/4443  loss=0.0987
    [train] iter 3600/4443  loss=0.1914
    [train] iter 3620/4443  loss=0.2617
    [train] iter 3640/4443  loss=0.1262
    [train] iter 3660/4443  loss=0.1326
    [train] iter 3680/4443  loss=0.1361
    [train] iter 3700/4443  loss=0.1497
    [train] iter 3720/4443  loss=0.2487
    [train] iter 3740/4443  loss=0.0902
    [train] iter 3760/4443  loss=0.1127
    [train] iter 3780/4443  loss=0.1408
    [train] iter 3800/4443  loss=0.1468
    [train] iter 3820/4443  loss=0.0702
    [train] iter 3840/4443  loss=0.1426
    [train] iter 3860/4443  loss=0.1802
    [train] iter 3880/4443  loss=0.1981
    [train] iter 3900/4443  loss=0.1542
    [train] iter 3920/4443  loss=0.1749
    [train] iter 3940/4443  loss=0.1239
    [train] iter 3960/4443  loss=0.1181
    [train] iter 3980/4443  loss=0.2646
    [train] iter 4000/4443  loss=0.1389
    [train] iter 4020/4443  loss=0.2257
    [train] iter 4040/4443  loss=0.3874
    [train] iter 4060/4443  loss=0.0936
    [train] iter 4080/4443  loss=0.1614
    [train] iter 4100/4443  loss=0.3234
    [train] iter 4120/4443  loss=0.1839
    [train] iter 4140/4443  loss=0.1811
    [train] iter 4160/4443  loss=0.1731
    [train] iter 4180/4443  loss=0.1715
    [train] iter 4200/4443  loss=0.2714
    [train] iter 4220/4443  loss=0.1770
    [train] iter 4240/4443  loss=0.1334
    [train] iter 4260/4443  loss=0.1245
    [train] iter 4280/4443  loss=0.1919
    [train] iter 4300/4443  loss=0.1510
    [train] iter 4320/4443  loss=0.1859
    [train] iter 4340/4443  loss=0.1407
    [train] iter 4360/4443  loss=0.2489
    [train] iter 4380/4443  loss=0.1614
    [train] iter 4400/4443  loss=0.1753
    [train] iter 4420/4443  loss=0.1729
    [train] iter 4440/4443  loss=0.1317
  train_loss=0.1709  val_loss=0.1847  val_dice=0.7871

--- Epoch 29/100 (lr=2.46e-04) ---
    [train] iter 20/4443  loss=0.1955
    [train] iter 40/4443  loss=0.1210
    [train] iter 60/4443  loss=0.0992
    [train] iter 80/4443  loss=0.2389
    [train] iter 100/4443  loss=0.1832
    [train] iter 120/4443  loss=0.1897
    [train] iter 140/4443  loss=0.1044
    [train] iter 160/4443  loss=0.2207
    [train] iter 180/4443  loss=0.1959
    [train] iter 200/4443  loss=0.0802
    [train] iter 220/4443  loss=0.1163
    [train] iter 240/4443  loss=0.1642
    [train] iter 260/4443  loss=0.2495
    [train] iter 280/4443  loss=0.2513
    [train] iter 300/4443  loss=0.1079
    [train] iter 320/4443  loss=0.1715
    [train] iter 340/4443  loss=0.1659
    [train] iter 360/4443  loss=0.2523
    [train] iter 380/4443  loss=0.1280
    [train] iter 400/4443  loss=0.1022
    [train] iter 420/4443  loss=0.2353
    [train] iter 440/4443  loss=0.1520
    [train] iter 460/4443  loss=0.1519
    [train] iter 480/4443  loss=0.0839
    [train] iter 500/4443  loss=0.2065
    [train] iter 520/4443  loss=0.1959
    [train] iter 540/4443  loss=0.1542
    [train] iter 560/4443  loss=0.1797
    [train] iter 580/4443  loss=0.1524
    [train] iter 600/4443  loss=0.2028
    [train] iter 620/4443  loss=0.1284
    [train] iter 640/4443  loss=0.1232
    [train] iter 660/4443  loss=0.2037
    [train] iter 680/4443  loss=0.0909
    [train] iter 700/4443  loss=0.1066
    [train] iter 720/4443  loss=0.1543
    [train] iter 740/4443  loss=0.1080
    [train] iter 760/4443  loss=0.1787
    [train] iter 780/4443  loss=0.1321
    [train] iter 800/4443  loss=0.1721
    [train] iter 820/4443  loss=0.1648
    [train] iter 840/4443  loss=0.3244
    [train] iter 860/4443  loss=0.1425
    [train] iter 880/4443  loss=0.1372
    [train] iter 900/4443  loss=0.3971
    [train] iter 920/4443  loss=0.2054
    [train] iter 940/4443  loss=0.1781
    [train] iter 960/4443  loss=0.2245
    [train] iter 980/4443  loss=0.0835
    [train] iter 1000/4443  loss=0.3052
    [train] iter 1020/4443  loss=0.2637
    [train] iter 1040/4443  loss=0.2545
    [train] iter 1060/4443  loss=0.1262
    [train] iter 1080/4443  loss=0.1335
    [train] iter 1100/4443  loss=0.3236
    [train] iter 1120/4443  loss=0.2147
    [train] iter 1140/4443  loss=0.1162
    [train] iter 1160/4443  loss=0.2122
    [train] iter 1180/4443  loss=0.1651
    [train] iter 1200/4443  loss=0.1680
    [train] iter 1220/4443  loss=0.1199
    [train] iter 1240/4443  loss=0.0977
    [train] iter 1260/4443  loss=0.2397
    [train] iter 1280/4443  loss=0.1189
    [train] iter 1300/4443  loss=0.1617
    [train] iter 1320/4443  loss=0.1099
    [train] iter 1340/4443  loss=0.1284
    [train] iter 1360/4443  loss=0.1114
    [train] iter 1380/4443  loss=0.3143
    [train] iter 1400/4443  loss=0.1421
    [train] iter 1420/4443  loss=0.1138
    [train] iter 1440/4443  loss=0.2027
    [train] iter 1460/4443  loss=0.1744
    [train] iter 1480/4443  loss=0.1414
    [train] iter 1500/4443  loss=0.1890
    [train] iter 1520/4443  loss=0.2119
    [train] iter 1540/4443  loss=0.0807
    [train] iter 1560/4443  loss=0.2389
    [train] iter 1580/4443  loss=0.1064
    [train] iter 1600/4443  loss=0.0767
    [train] iter 1620/4443  loss=0.2349
    [train] iter 1640/4443  loss=0.1514
    [train] iter 1660/4443  loss=0.1550
    [train] iter 1680/4443  loss=0.1434
    [train] iter 1700/4443  loss=0.1846
    [train] iter 1720/4443  loss=0.1655
    [train] iter 1740/4443  loss=0.3163
    [train] iter 1760/4443  loss=0.1716
    [train] iter 1780/4443  loss=0.1221
    [train] iter 1800/4443  loss=0.1243
    [train] iter 1820/4443  loss=0.1006
    [train] iter 1840/4443  loss=0.1622
    [train] iter 1860/4443  loss=0.1591
    [train] iter 1880/4443  loss=0.1146
    [train] iter 1900/4443  loss=0.1085
    [train] iter 1920/4443  loss=0.1812
    [train] iter 1940/4443  loss=0.2115
    [train] iter 1960/4443  loss=0.2152
    [train] iter 1980/4443  loss=0.1694
    [train] iter 2000/4443  loss=0.1924
    [train] iter 2020/4443  loss=0.1858
    [train] iter 2040/4443  loss=0.2149
    [train] iter 2060/4443  loss=0.2357
    [train] iter 2080/4443  loss=0.1133
    [train] iter 2100/4443  loss=0.2161
    [train] iter 2120/4443  loss=0.1557
    [train] iter 2140/4443  loss=0.0981
    [train] iter 2160/4443  loss=0.1115
    [train] iter 2180/4443  loss=0.3511
    [train] iter 2200/4443  loss=0.2382
    [train] iter 2220/4443  loss=0.1788
    [train] iter 2240/4443  loss=0.1976
    [train] iter 2260/4443  loss=0.2620
    [train] iter 2280/4443  loss=0.2118
    [train] iter 2300/4443  loss=0.3589
    [train] iter 2320/4443  loss=0.1521
    [train] iter 2340/4443  loss=0.1143
    [train] iter 2360/4443  loss=0.1139
    [train] iter 2380/4443  loss=0.1257
    [train] iter 2400/4443  loss=0.2695
    [train] iter 2420/4443  loss=0.1652
    [train] iter 2440/4443  loss=0.1300
    [train] iter 2460/4443  loss=0.1781
    [train] iter 2480/4443  loss=0.0800
    [train] iter 2500/4443  loss=0.1129
    [train] iter 2520/4443  loss=0.1767
    [train] iter 2540/4443  loss=0.1002
    [train] iter 2560/4443  loss=0.2737
    [train] iter 2580/4443  loss=0.1674
    [train] iter 2600/4443  loss=0.1925
    [train] iter 2620/4443  loss=0.2363
    [train] iter 2640/4443  loss=0.1784
    [train] iter 2660/4443  loss=0.2305
    [train] iter 2680/4443  loss=0.2534
    [train] iter 2700/4443  loss=0.1261
    [train] iter 2720/4443  loss=0.1720
    [train] iter 2740/4443  loss=0.2203
    [train] iter 2760/4443  loss=0.2822
    [train] iter 2780/4443  loss=0.1296
    [train] iter 2800/4443  loss=0.2095
    [train] iter 2820/4443  loss=0.1820
    [train] iter 2840/4443  loss=0.3116
    [train] iter 2860/4443  loss=0.1671
    [train] iter 2880/4443  loss=0.1387
    [train] iter 2900/4443  loss=0.2043
    [train] iter 2920/4443  loss=0.1642
    [train] iter 2940/4443  loss=0.2200
    [train] iter 2960/4443  loss=0.1314
    [train] iter 2980/4443  loss=0.1862
    [train] iter 3000/4443  loss=0.2059
    [train] iter 3020/4443  loss=0.1518
    [train] iter 3040/4443  loss=0.1206
    [train] iter 3060/4443  loss=0.1322
    [train] iter 3080/4443  loss=0.1797
    [train] iter 3100/4443  loss=0.0912
    [train] iter 3120/4443  loss=0.1881
    [train] iter 3140/4443  loss=0.1317
    [train] iter 3160/4443  loss=0.2279
    [train] iter 3180/4443  loss=0.2536
    [train] iter 3200/4443  loss=0.1927
    [train] iter 3220/4443  loss=0.1367
    [train] iter 3240/4443  loss=0.1512
    [train] iter 3260/4443  loss=0.1320
    [train] iter 3280/4443  loss=0.1537
    [train] iter 3300/4443  loss=0.2078
    [train] iter 3320/4443  loss=0.2034
    [train] iter 3340/4443  loss=0.1565
    [train] iter 3360/4443  loss=0.1907
    [train] iter 3380/4443  loss=0.0965
    [train] iter 3400/4443  loss=0.2698
    [train] iter 3420/4443  loss=0.1830
    [train] iter 3440/4443  loss=0.0974
    [train] iter 3460/4443  loss=0.1966
    [train] iter 3480/4443  loss=0.2606
    [train] iter 3500/4443  loss=0.1116
    [train] iter 3520/4443  loss=0.2672
    [train] iter 3540/4443  loss=0.1161
    [train] iter 3560/4443  loss=0.1676
    [train] iter 3580/4443  loss=0.2346
    [train] iter 3600/4443  loss=0.3262
    [train] iter 3620/4443  loss=0.2040
    [train] iter 3640/4443  loss=0.2040
    [train] iter 3660/4443  loss=0.2491
    [train] iter 3680/4443  loss=0.2395
    [train] iter 3700/4443  loss=0.1524
    [train] iter 3720/4443  loss=0.2432
    [train] iter 3740/4443  loss=0.1059
    [train] iter 3760/4443  loss=0.1012
    [train] iter 3780/4443  loss=0.0974
    [train] iter 3800/4443  loss=0.1060
    [train] iter 3820/4443  loss=0.2201
    [train] iter 3840/4443  loss=0.2032
    [train] iter 3860/4443  loss=0.2191
    [train] iter 3880/4443  loss=0.1382
    [train] iter 3900/4443  loss=0.1157
    [train] iter 3920/4443  loss=0.2614
    [train] iter 3940/4443  loss=0.1115
    [train] iter 3960/4443  loss=0.1640
    [train] iter 3980/4443  loss=0.1407
    [train] iter 4000/4443  loss=0.1189
    [train] iter 4020/4443  loss=0.1523
    [train] iter 4040/4443  loss=0.1498
    [train] iter 4060/4443  loss=0.2004
    [train] iter 4080/4443  loss=0.0885
    [train] iter 4100/4443  loss=0.2058
    [train] iter 4120/4443  loss=0.1139
    [train] iter 4140/4443  loss=0.1321
    [train] iter 4160/4443  loss=0.1079
    [train] iter 4180/4443  loss=0.1487
    [train] iter 4200/4443  loss=0.1204
    [train] iter 4220/4443  loss=0.2264
    [train] iter 4240/4443  loss=0.2141
    [train] iter 4260/4443  loss=0.1738
    [train] iter 4280/4443  loss=0.1062
    [train] iter 4300/4443  loss=0.1282
    [train] iter 4320/4443  loss=0.1087
    [train] iter 4340/4443  loss=0.2593
    [train] iter 4360/4443  loss=0.1601
    [train] iter 4380/4443  loss=0.2577
    [train] iter 4400/4443  loss=0.1590
    [train] iter 4420/4443  loss=0.1213
    [train] iter 4440/4443  loss=0.2243
  train_loss=0.1723  val_loss=0.1841  val_dice=0.7889

--- Epoch 30/100 (lr=2.42e-04) ---
    [train] iter 20/4443  loss=0.1648
    [train] iter 40/4443  loss=0.1246
    [train] iter 60/4443  loss=0.1243
    [train] iter 80/4443  loss=0.1503
    [train] iter 100/4443  loss=0.2292
    [train] iter 120/4443  loss=0.1094
    [train] iter 140/4443  loss=0.1275
    [train] iter 160/4443  loss=0.1432
    [train] iter 180/4443  loss=0.1494
    [train] iter 200/4443  loss=0.1023
    [train] iter 220/4443  loss=0.2116
    [train] iter 240/4443  loss=0.2376
    [train] iter 260/4443  loss=0.2153
    [train] iter 280/4443  loss=0.2272
    [train] iter 300/4443  loss=0.1551
    [train] iter 320/4443  loss=0.1276
    [train] iter 340/4443  loss=0.1258
    [train] iter 360/4443  loss=0.1074
    [train] iter 380/4443  loss=0.2690
    [train] iter 400/4443  loss=0.1688
    [train] iter 420/4443  loss=0.0895
    [train] iter 440/4443  loss=0.1425
    [train] iter 460/4443  loss=0.1342
    [train] iter 480/4443  loss=0.1921
    [train] iter 500/4443  loss=0.1636
    [train] iter 520/4443  loss=0.1104
    [train] iter 540/4443  loss=0.1826
    [train] iter 560/4443  loss=0.1953
    [train] iter 580/4443  loss=0.1231
    [train] iter 600/4443  loss=0.2869
    [train] iter 620/4443  loss=0.1866
    [train] iter 640/4443  loss=0.1724
    [train] iter 660/4443  loss=0.1411
    [train] iter 680/4443  loss=0.2013
    [train] iter 700/4443  loss=0.2110
    [train] iter 720/4443  loss=0.2161
    [train] iter 740/4443  loss=0.1108
    [train] iter 760/4443  loss=0.2055
    [train] iter 780/4443  loss=0.2018
    [train] iter 800/4443  loss=0.1291
    [train] iter 820/4443  loss=0.1128
    [train] iter 840/4443  loss=0.1685
    [train] iter 860/4443  loss=0.1483
    [train] iter 880/4443  loss=0.1271
    [train] iter 900/4443  loss=0.1599
    [train] iter 920/4443  loss=0.2053
    [train] iter 940/4443  loss=0.1384
    [train] iter 960/4443  loss=0.1759
    [train] iter 980/4443  loss=0.1740
    [train] iter 1000/4443  loss=0.1112
    [train] iter 1020/4443  loss=0.1254
    [train] iter 1040/4443  loss=0.1826
    [train] iter 1060/4443  loss=0.0915
    [train] iter 1080/4443  loss=0.1682
    [train] iter 1100/4443  loss=0.1163
    [train] iter 1120/4443  loss=0.2748
    [train] iter 1140/4443  loss=0.2040
    [train] iter 1160/4443  loss=0.1293
    [train] iter 1180/4443  loss=0.1333
    [train] iter 1200/4443  loss=0.1015
    [train] iter 1220/4443  loss=0.1792
    [train] iter 1240/4443  loss=0.1310
    [train] iter 1260/4443  loss=0.2315
    [train] iter 1280/4443  loss=0.1433
    [train] iter 1300/4443  loss=0.1037
    [train] iter 1320/4443  loss=0.2227
    [train] iter 1340/4443  loss=0.1484
    [train] iter 1360/4443  loss=0.1621
    [train] iter 1380/4443  loss=0.1907
    [train] iter 1400/4443  loss=0.1777
    [train] iter 1420/4443  loss=0.1413
    [train] iter 1440/4443  loss=0.2278
    [train] iter 1460/4443  loss=0.0933
    [train] iter 1480/4443  loss=0.1206
    [train] iter 1500/4443  loss=0.2433
    [train] iter 1520/4443  loss=0.1254
    [train] iter 1540/4443  loss=0.2196
    [train] iter 1560/4443  loss=0.1948
    [train] iter 1580/4443  loss=0.2151
    [train] iter 1600/4443  loss=0.1762
    [train] iter 1620/4443  loss=0.1850
    [train] iter 1640/4443  loss=0.1667
    [train] iter 1660/4443  loss=0.1367
    [train] iter 1680/4443  loss=0.2639
    [train] iter 1700/4443  loss=0.1202
    [train] iter 1720/4443  loss=0.0918
    [train] iter 1740/4443  loss=0.1614
    [train] iter 1760/4443  loss=0.0970
    [train] iter 1780/4443  loss=0.2250
    [train] iter 1800/4443  loss=0.1957
    [train] iter 1820/4443  loss=0.0736
    [train] iter 1840/4443  loss=0.1846
    [train] iter 1860/4443  loss=0.1794
    [train] iter 1880/4443  loss=0.1842
    [train] iter 1900/4443  loss=0.2280
    [train] iter 1920/4443  loss=0.2093
    [train] iter 1940/4443  loss=0.1536
    [train] iter 1960/4443  loss=0.2104
    [train] iter 1980/4443  loss=0.2261
    [train] iter 2000/4443  loss=0.1180
    [train] iter 2020/4443  loss=0.1928
    [train] iter 2040/4443  loss=0.1161
    [train] iter 2060/4443  loss=0.1979
    [train] iter 2080/4443  loss=0.1501
    [train] iter 2100/4443  loss=0.2536
    [train] iter 2120/4443  loss=0.1911
    [train] iter 2140/4443  loss=0.1632
    [train] iter 2160/4443  loss=0.1486
    [train] iter 2180/4443  loss=0.1685
    [train] iter 2200/4443  loss=0.1799
    [train] iter 2220/4443  loss=0.0984
    [train] iter 2240/4443  loss=0.1583
    [train] iter 2260/4443  loss=0.1606
    [train] iter 2280/4443  loss=0.2723
    [train] iter 2300/4443  loss=0.1135
    [train] iter 2320/4443  loss=0.1997
    [train] iter 2340/4443  loss=0.1661
    [train] iter 2360/4443  loss=0.0910
    [train] iter 2380/4443  loss=0.0973
    [train] iter 2400/4443  loss=0.2605
    [train] iter 2420/4443  loss=0.2518
    [train] iter 2440/4443  loss=0.1668
    [train] iter 2460/4443  loss=0.2026
    [train] iter 2480/4443  loss=0.2124
    [train] iter 2500/4443  loss=0.1956
    [train] iter 2520/4443  loss=0.1184
    [train] iter 2540/4443  loss=0.3806
    [train] iter 2560/4443  loss=0.1425
    [train] iter 2580/4443  loss=0.2104
    [train] iter 2600/4443  loss=0.2791
    [train] iter 2620/4443  loss=0.1355
    [train] iter 2640/4443  loss=0.1688
    [train] iter 2660/4443  loss=0.2436
    [train] iter 2680/4443  loss=0.1340
    [train] iter 2700/4443  loss=0.1064
    [train] iter 2720/4443  loss=0.1186
    [train] iter 2740/4443  loss=0.2208
    [train] iter 2760/4443  loss=0.2269
    [train] iter 2780/4443  loss=0.1273
    [train] iter 2800/4443  loss=0.1525
    [train] iter 2820/4443  loss=0.0906
    [train] iter 2840/4443  loss=0.1554
    [train] iter 2860/4443  loss=0.2282
    [train] iter 2880/4443  loss=0.1682
    [train] iter 2900/4443  loss=0.1934
    [train] iter 2920/4443  loss=0.1188
    [train] iter 2940/4443  loss=0.1617
    [train] iter 2960/4443  loss=0.2576
    [train] iter 2980/4443  loss=0.1763
    [train] iter 3000/4443  loss=0.0896
    [train] iter 3020/4443  loss=0.1633
    [train] iter 3040/4443  loss=0.3067
    [train] iter 3060/4443  loss=0.3205
    [train] iter 3080/4443  loss=0.2571
    [train] iter 3100/4443  loss=0.0896
    [train] iter 3120/4443  loss=0.2323
    [train] iter 3140/4443  loss=0.1427
    [train] iter 3160/4443  loss=0.1200
    [train] iter 3180/4443  loss=0.1643
    [train] iter 3200/4443  loss=0.2187
    [train] iter 3220/4443  loss=0.2605
    [train] iter 3240/4443  loss=0.1789
    [train] iter 3260/4443  loss=0.1180
    [train] iter 3280/4443  loss=0.1262
    [train] iter 3300/4443  loss=0.1134
    [train] iter 3320/4443  loss=0.1426
    [train] iter 3340/4443  loss=0.1581
    [train] iter 3360/4443  loss=0.1450
    [train] iter 3380/4443  loss=0.3183
    [train] iter 3400/4443  loss=0.1114
    [train] iter 3420/4443  loss=0.1493
    [train] iter 3440/4443  loss=0.1044
    [train] iter 3460/4443  loss=0.0932
    [train] iter 3480/4443  loss=0.1887
    [train] iter 3500/4443  loss=0.1357
    [train] iter 3520/4443  loss=0.1355
    [train] iter 3540/4443  loss=0.0991
    [train] iter 3560/4443  loss=0.3154
    [train] iter 3580/4443  loss=0.2273
    [train] iter 3600/4443  loss=0.1310
    [train] iter 3620/4443  loss=0.1498
    [train] iter 3640/4443  loss=0.1287
    [train] iter 3660/4443  loss=0.2090
    [train] iter 3680/4443  loss=0.2271
    [train] iter 3700/4443  loss=0.1481
    [train] iter 3720/4443  loss=0.0747
    [train] iter 3740/4443  loss=0.2702
    [train] iter 3760/4443  loss=0.1458
    [train] iter 3780/4443  loss=0.2471
    [train] iter 3800/4443  loss=0.2897
    [train] iter 3820/4443  loss=0.1635
    [train] iter 3840/4443  loss=0.1929
    [train] iter 3860/4443  loss=0.0961
    [train] iter 3880/4443  loss=0.1256
    [train] iter 3900/4443  loss=0.1345
    [train] iter 3920/4443  loss=0.1719
    [train] iter 3940/4443  loss=0.0738
    [train] iter 3960/4443  loss=0.1265
    [train] iter 3980/4443  loss=0.2497
    [train] iter 4000/4443  loss=0.1150
    [train] iter 4020/4443  loss=0.0927
    [train] iter 4040/4443  loss=0.1418
    [train] iter 4060/4443  loss=0.0843
    [train] iter 4080/4443  loss=0.1288
    [train] iter 4100/4443  loss=0.0982
    [train] iter 4120/4443  loss=0.1395
    [train] iter 4140/4443  loss=0.1538
    [train] iter 4160/4443  loss=0.1393
    [train] iter 4180/4443  loss=0.1942
    [train] iter 4200/4443  loss=0.0924
    [train] iter 4220/4443  loss=0.1554
    [train] iter 4240/4443  loss=0.0786
    [train] iter 4260/4443  loss=0.1529
    [train] iter 4280/4443  loss=0.1372
    [train] iter 4300/4443  loss=0.2313
    [train] iter 4320/4443  loss=0.1788
    [train] iter 4340/4443  loss=0.1627
    [train] iter 4360/4443  loss=0.2051
    [train] iter 4380/4443  loss=0.1529
    [train] iter 4400/4443  loss=0.1934
    [train] iter 4420/4443  loss=0.1040
    [train] iter 4440/4443  loss=0.0855
  train_loss=0.1689  val_loss=0.1794  val_dice=0.7939

--- Epoch 31/100 (lr=2.38e-04) ---
    [train] iter 20/4443  loss=0.1311
    [train] iter 40/4443  loss=0.1727
    [train] iter 60/4443  loss=0.2054
    [train] iter 80/4443  loss=0.2355
    [train] iter 100/4443  loss=0.1364
    [train] iter 120/4443  loss=0.1180
    [train] iter 140/4443  loss=0.1342
    [train] iter 160/4443  loss=0.1989
    [train] iter 180/4443  loss=0.2043
    [train] iter 200/4443  loss=0.0924
    [train] iter 220/4443  loss=0.0926
    [train] iter 240/4443  loss=0.0928
    [train] iter 260/4443  loss=0.1434
    [train] iter 280/4443  loss=0.2988
    [train] iter 300/4443  loss=0.1068
    [train] iter 320/4443  loss=0.2393
    [train] iter 340/4443  loss=0.1749
    [train] iter 360/4443  loss=0.1293
    [train] iter 380/4443  loss=0.1252
    [train] iter 400/4443  loss=0.1335
    [train] iter 420/4443  loss=0.1169
    [train] iter 440/4443  loss=0.1942
    [train] iter 460/4443  loss=0.1804
    [train] iter 480/4443  loss=0.2078
    [train] iter 500/4443  loss=0.1346
    [train] iter 520/4443  loss=0.1696
    [train] iter 540/4443  loss=0.1072
    [train] iter 560/4443  loss=0.3327
    [train] iter 580/4443  loss=0.1648
    [train] iter 600/4443  loss=0.2445
    [train] iter 620/4443  loss=0.1114
    [train] iter 640/4443  loss=0.1648
    [train] iter 660/4443  loss=0.1486
    [train] iter 680/4443  loss=0.1128
    [train] iter 700/4443  loss=0.1092
    [train] iter 720/4443  loss=0.3676
    [train] iter 740/4443  loss=0.2132
    [train] iter 760/4443  loss=0.2085
    [train] iter 780/4443  loss=0.1420
    [train] iter 800/4443  loss=0.1274
    [train] iter 820/4443  loss=0.2590
    [train] iter 840/4443  loss=0.1574
    [train] iter 860/4443  loss=0.0711
    [train] iter 880/4443  loss=0.2741
    [train] iter 900/4443  loss=0.1231
    [train] iter 920/4443  loss=0.1509
    [train] iter 940/4443  loss=0.1995
    [train] iter 960/4443  loss=0.2629
    [train] iter 980/4443  loss=0.2043
    [train] iter 1000/4443  loss=0.1152
    [train] iter 1020/4443  loss=0.1701
    [train] iter 1040/4443  loss=0.1322
    [train] iter 1060/4443  loss=0.1412
    [train] iter 1080/4443  loss=0.1621
    [train] iter 1100/4443  loss=0.2272
    [train] iter 1120/4443  loss=0.1141
    [train] iter 1140/4443  loss=0.1764
    [train] iter 1160/4443  loss=0.1797
    [train] iter 1180/4443  loss=0.1469
    [train] iter 1200/4443  loss=0.0855
    [train] iter 1220/4443  loss=0.2236
    [train] iter 1240/4443  loss=0.1631
    [train] iter 1260/4443  loss=0.1443
    [train] iter 1280/4443  loss=0.1474
    [train] iter 1300/4443  loss=0.2087
    [train] iter 1320/4443  loss=0.0936
    [train] iter 1340/4443  loss=0.1260
    [train] iter 1360/4443  loss=0.2141
    [train] iter 1380/4443  loss=0.2908
    [train] iter 1400/4443  loss=0.2166
    [train] iter 1420/4443  loss=0.1481
    [train] iter 1440/4443  loss=0.1808
    [train] iter 1460/4443  loss=0.1139
    [train] iter 1480/4443  loss=0.3514
    [train] iter 1500/4443  loss=0.1834
    [train] iter 1520/4443  loss=0.1735
    [train] iter 1540/4443  loss=0.1022
    [train] iter 1560/4443  loss=0.1284
    [train] iter 1580/4443  loss=0.1528
    [train] iter 1600/4443  loss=0.1240
    [train] iter 1620/4443  loss=0.1587
    [train] iter 1640/4443  loss=0.1520
    [train] iter 1660/4443  loss=0.1188
    [train] iter 1680/4443  loss=0.1688
    [train] iter 1700/4443  loss=0.1794
    [train] iter 1720/4443  loss=0.0774
    [train] iter 1740/4443  loss=0.1684
    [train] iter 1760/4443  loss=0.2420
    [train] iter 1780/4443  loss=0.1907
    [train] iter 1800/4443  loss=0.2085
    [train] iter 1820/4443  loss=0.1705
    [train] iter 1840/4443  loss=0.1278
    [train] iter 1860/4443  loss=0.1902
    [train] iter 1880/4443  loss=0.1856
    [train] iter 1900/4443  loss=0.0935
    [train] iter 1920/4443  loss=0.2430
    [train] iter 1940/4443  loss=0.4055
    [train] iter 1960/4443  loss=0.2229
    [train] iter 1980/4443  loss=0.1268
    [train] iter 2000/4443  loss=0.1453
    [train] iter 2020/4443  loss=0.1032
    [train] iter 2040/4443  loss=0.1654
    [train] iter 2060/4443  loss=0.1391
    [train] iter 2080/4443  loss=0.2582
    [train] iter 2100/4443  loss=0.1752
    [train] iter 2120/4443  loss=0.1200
    [train] iter 2140/4443  loss=0.1734
    [train] iter 2160/4443  loss=0.1831
    [train] iter 2180/4443  loss=0.2999
    [train] iter 2200/4443  loss=0.1970
    [train] iter 2220/4443  loss=0.1096
    [train] iter 2240/4443  loss=0.1461
    [train] iter 2260/4443  loss=0.1581
    [train] iter 2280/4443  loss=0.2403
    [train] iter 2300/4443  loss=0.1890
    [train] iter 2320/4443  loss=0.2247
    [train] iter 2340/4443  loss=0.1481
    [train] iter 2360/4443  loss=0.1163
    [train] iter 2380/4443  loss=0.1456
    [train] iter 2400/4443  loss=0.1093
    [train] iter 2420/4443  loss=0.2402
    [train] iter 2440/4443  loss=0.1506
    [train] iter 2460/4443  loss=0.2921
    [train] iter 2480/4443  loss=0.1425
    [train] iter 2500/4443  loss=0.1759
    [train] iter 2520/4443  loss=0.1221
    [train] iter 2540/4443  loss=0.2252
    [train] iter 2560/4443  loss=0.1538
    [train] iter 2580/4443  loss=0.1999
    [train] iter 2600/4443  loss=0.1257
    [train] iter 2620/4443  loss=0.1856
    [train] iter 2640/4443  loss=0.1356
    [train] iter 2660/4443  loss=0.1841
    [train] iter 2680/4443  loss=0.1527
    [train] iter 2700/4443  loss=0.1338
    [train] iter 2720/4443  loss=0.1838
    [train] iter 2740/4443  loss=0.1011
    [train] iter 2760/4443  loss=0.2396
    [train] iter 2780/4443  loss=0.1666
    [train] iter 2800/4443  loss=0.1786
    [train] iter 2820/4443  loss=0.1473
    [train] iter 2840/4443  loss=0.1404
    [train] iter 2860/4443  loss=0.1335
    [train] iter 2880/4443  loss=0.1374
    [train] iter 2900/4443  loss=0.1385
    [train] iter 2920/4443  loss=0.1451
    [train] iter 2940/4443  loss=0.1495
    [train] iter 2960/4443  loss=0.0970
    [train] iter 2980/4443  loss=0.1968
    [train] iter 3000/4443  loss=0.1025
    [train] iter 3020/4443  loss=0.1631
    [train] iter 3040/4443  loss=0.1567
    [train] iter 3060/4443  loss=0.1771
    [train] iter 3080/4443  loss=0.3017
    [train] iter 3100/4443  loss=0.1277
    [train] iter 3120/4443  loss=0.1071
    [train] iter 3140/4443  loss=0.1616
    [train] iter 3160/4443  loss=0.1210
    [train] iter 3180/4443  loss=0.2184
    [train] iter 3200/4443  loss=0.2129
    [train] iter 3220/4443  loss=0.2272
    [train] iter 3240/4443  loss=0.1668
    [train] iter 3260/4443  loss=0.2336
    [train] iter 3280/4443  loss=0.2705
    [train] iter 3300/4443  loss=0.1506
    [train] iter 3320/4443  loss=0.0787
    [train] iter 3340/4443  loss=0.1721
    [train] iter 3360/4443  loss=0.1339
    [train] iter 3380/4443  loss=0.0914
    [train] iter 3400/4443  loss=0.2171
    [train] iter 3420/4443  loss=0.1187
    [train] iter 3440/4443  loss=0.1337
    [train] iter 3460/4443  loss=0.1157
    [train] iter 3480/4443  loss=0.0714
    [train] iter 3500/4443  loss=0.1127
    [train] iter 3520/4443  loss=0.2139
    [train] iter 3540/4443  loss=0.1289
    [train] iter 3560/4443  loss=0.1340
    [train] iter 3580/4443  loss=0.0758
    [train] iter 3600/4443  loss=0.2228
    [train] iter 3620/4443  loss=0.1389
    [train] iter 3640/4443  loss=0.1922
    [train] iter 3660/4443  loss=0.1897
    [train] iter 3680/4443  loss=0.1960
    [train] iter 3700/4443  loss=0.1808
    [train] iter 3720/4443  loss=0.1476
    [train] iter 3740/4443  loss=0.1100
    [train] iter 3760/4443  loss=0.1587
    [train] iter 3780/4443  loss=0.1664
    [train] iter 3800/4443  loss=0.1717
    [train] iter 3820/4443  loss=0.1476
    [train] iter 3840/4443  loss=0.1964
    [train] iter 3860/4443  loss=0.1089
    [train] iter 3880/4443  loss=0.0949
    [train] iter 3900/4443  loss=0.2120
    [train] iter 3920/4443  loss=0.1360
    [train] iter 3940/4443  loss=0.1443
    [train] iter 3960/4443  loss=0.1934
    [train] iter 3980/4443  loss=0.1708
    [train] iter 4000/4443  loss=0.1006
    [train] iter 4020/4443  loss=0.1563
    [train] iter 4040/4443  loss=0.1957
    [train] iter 4060/4443  loss=0.1079
    [train] iter 4080/4443  loss=0.2499
    [train] iter 4100/4443  loss=0.2231
    [train] iter 4120/4443  loss=0.1101
    [train] iter 4140/4443  loss=0.2032
    [train] iter 4160/4443  loss=0.1627
    [train] iter 4180/4443  loss=0.1428
    [train] iter 4200/4443  loss=0.1124
    [train] iter 4220/4443  loss=0.1661
    [train] iter 4240/4443  loss=0.1634
    [train] iter 4260/4443  loss=0.1565
    [train] iter 4280/4443  loss=0.0749
    [train] iter 4300/4443  loss=0.2525
    [train] iter 4320/4443  loss=0.1199
    [train] iter 4340/4443  loss=0.2507
    [train] iter 4360/4443  loss=0.1574
    [train] iter 4380/4443  loss=0.0795
    [train] iter 4400/4443  loss=0.1315
    [train] iter 4420/4443  loss=0.1709
    [train] iter 4440/4443  loss=0.2445
  train_loss=0.1674  val_loss=0.1835  val_dice=0.7899

--- Epoch 32/100 (lr=2.34e-04) ---
    [train] iter 20/4443  loss=0.2461
    [train] iter 40/4443  loss=0.1555
    [train] iter 60/4443  loss=0.1997
    [train] iter 80/4443  loss=0.2402
    [train] iter 100/4443  loss=0.1501
    [train] iter 120/4443  loss=0.2003
    [train] iter 140/4443  loss=0.2030
    [train] iter 160/4443  loss=0.0997
    [train] iter 180/4443  loss=0.1768
    [train] iter 200/4443  loss=0.1877
    [train] iter 220/4443  loss=0.1627
    [train] iter 240/4443  loss=0.1196
    [train] iter 260/4443  loss=0.1092
    [train] iter 280/4443  loss=0.2023
    [train] iter 300/4443  loss=0.1777
    [train] iter 320/4443  loss=0.2345
    [train] iter 340/4443  loss=0.1148
    [train] iter 360/4443  loss=0.1747
    [train] iter 380/4443  loss=0.2039
    [train] iter 400/4443  loss=0.1888
    [train] iter 420/4443  loss=0.0688
    [train] iter 440/4443  loss=0.2540
    [train] iter 460/4443  loss=0.1144
    [train] iter 480/4443  loss=0.1599
    [train] iter 500/4443  loss=0.2025
    [train] iter 520/4443  loss=0.1987
    [train] iter 540/4443  loss=0.1721
    [train] iter 560/4443  loss=0.1453
    [train] iter 580/4443  loss=0.1926
    [train] iter 600/4443  loss=0.1714
    [train] iter 620/4443  loss=0.1555
    [train] iter 640/4443  loss=0.2917
    [train] iter 660/4443  loss=0.1442
    [train] iter 680/4443  loss=0.1931
    [train] iter 700/4443  loss=0.1697
    [train] iter 720/4443  loss=0.1266
    [train] iter 740/4443  loss=0.0875
    [train] iter 760/4443  loss=0.0937
    [train] iter 780/4443  loss=0.1397
    [train] iter 800/4443  loss=0.2022
    [train] iter 820/4443  loss=0.3338
    [train] iter 840/4443  loss=0.1248
    [train] iter 860/4443  loss=0.1164
    [train] iter 880/4443  loss=0.2409
    [train] iter 900/4443  loss=0.1618
    [train] iter 920/4443  loss=0.1048
    [train] iter 940/4443  loss=0.0918
    [train] iter 960/4443  loss=0.1588
    [train] iter 980/4443  loss=0.1125
    [train] iter 1000/4443  loss=0.1275
    [train] iter 1020/4443  loss=0.2010
    [train] iter 1040/4443  loss=0.1070
    [train] iter 1060/4443  loss=0.1769
    [train] iter 1080/4443  loss=0.1356
    [train] iter 1100/4443  loss=0.1983
    [train] iter 1120/4443  loss=0.2100
    [train] iter 1140/4443  loss=0.0925
    [train] iter 1160/4443  loss=0.2185
    [train] iter 1180/4443  loss=0.2159
    [train] iter 1200/4443  loss=0.1994
    [train] iter 1220/4443  loss=0.1098
    [train] iter 1240/4443  loss=0.2112
    [train] iter 1260/4443  loss=0.1821
    [train] iter 1280/4443  loss=0.1825
    [train] iter 1300/4443  loss=0.1086
    [train] iter 1320/4443  loss=0.2114
    [train] iter 1340/4443  loss=0.1191
    [train] iter 1360/4443  loss=0.1485
    [train] iter 1380/4443  loss=0.1024
    [train] iter 1400/4443  loss=0.3360
    [train] iter 1420/4443  loss=0.1525
    [train] iter 1440/4443  loss=0.2133
    [train] iter 1460/4443  loss=0.1313
    [train] iter 1480/4443  loss=0.1657
    [train] iter 1500/4443  loss=0.2750
    [train] iter 1520/4443  loss=0.2794
    [train] iter 1540/4443  loss=0.0745
    [train] iter 1560/4443  loss=0.1503
    [train] iter 1580/4443  loss=0.2047
    [train] iter 1600/4443  loss=0.2435
    [train] iter 1620/4443  loss=0.2269
    [train] iter 1640/4443  loss=0.1542
    [train] iter 1660/4443  loss=0.1182
    [train] iter 1680/4443  loss=0.1748
    [train] iter 1700/4443  loss=0.2013
    [train] iter 1720/4443  loss=0.1826
    [train] iter 1740/4443  loss=0.1277
    [train] iter 1760/4443  loss=0.1595
    [train] iter 1780/4443  loss=0.1469
    [train] iter 1800/4443  loss=0.1588
    [train] iter 1820/4443  loss=0.1399
    [train] iter 1840/4443  loss=0.1654
    [train] iter 1860/4443  loss=0.0986
    [train] iter 1880/4443  loss=0.1979
    [train] iter 1900/4443  loss=0.2564
    [train] iter 1920/4443  loss=0.2769
    [train] iter 1940/4443  loss=0.1107
    [train] iter 1960/4443  loss=0.1257
    [train] iter 1980/4443  loss=0.1089
    [train] iter 2000/4443  loss=0.2194
    [train] iter 2020/4443  loss=0.2691
    [train] iter 2040/4443  loss=0.1063
    [train] iter 2060/4443  loss=0.1053
    [train] iter 2080/4443  loss=0.1887
    [train] iter 2100/4443  loss=0.1397
    [train] iter 2120/4443  loss=0.1976
    [train] iter 2140/4443  loss=0.2438
    [train] iter 2160/4443  loss=0.1320
    [train] iter 2180/4443  loss=0.1064
    [train] iter 2200/4443  loss=0.1709
    [train] iter 2220/4443  loss=0.1245
    [train] iter 2240/4443  loss=0.1676
    [train] iter 2260/4443  loss=0.1049
    [train] iter 2280/4443  loss=0.2199
    [train] iter 2300/4443  loss=0.3204
    [train] iter 2320/4443  loss=0.2010
    [train] iter 2340/4443  loss=0.1781
    [train] iter 2360/4443  loss=0.1699
    [train] iter 2380/4443  loss=0.1967
    [train] iter 2400/4443  loss=0.1475
    [train] iter 2420/4443  loss=0.2273
    [train] iter 2440/4443  loss=0.2488
    [train] iter 2460/4443  loss=0.1088
    [train] iter 2480/4443  loss=0.2359
    [train] iter 2500/4443  loss=0.2330
    [train] iter 2520/4443  loss=0.1423
    [train] iter 2540/4443  loss=0.1178
    [train] iter 2560/4443  loss=0.1423
    [train] iter 2580/4443  loss=0.2084
    [train] iter 2600/4443  loss=0.1009
    [train] iter 2620/4443  loss=0.1737
    [train] iter 2640/4443  loss=0.1771
    [train] iter 2660/4443  loss=0.1605
    [train] iter 2680/4443  loss=0.0866
    [train] iter 2700/4443  loss=0.1498
    [train] iter 2720/4443  loss=0.1659
    [train] iter 2740/4443  loss=0.1898
    [train] iter 2760/4443  loss=0.1398
    [train] iter 2780/4443  loss=0.0831
    [train] iter 2800/4443  loss=0.1969
    [train] iter 2820/4443  loss=0.1507
    [train] iter 2840/4443  loss=0.1640
    [train] iter 2860/4443  loss=0.1101
    [train] iter 2880/4443  loss=0.1591
    [train] iter 2900/4443  loss=0.1342
    [train] iter 2920/4443  loss=0.1283
    [train] iter 2940/4443  loss=0.1355
    [train] iter 2960/4443  loss=0.1436
    [train] iter 2980/4443  loss=0.2549
    [train] iter 3000/4443  loss=0.1438
    [train] iter 3020/4443  loss=0.1302
    [train] iter 3040/4443  loss=0.1228
    [train] iter 3060/4443  loss=0.1750
    [train] iter 3080/4443  loss=0.1144
    [train] iter 3100/4443  loss=0.1259
    [train] iter 3120/4443  loss=0.1062
    [train] iter 3140/4443  loss=0.2524
    [train] iter 3160/4443  loss=0.1480
    [train] iter 3180/4443  loss=0.1591
    [train] iter 3200/4443  loss=0.2934
    [train] iter 3220/4443  loss=0.1655
    [train] iter 3240/4443  loss=0.3147
    [train] iter 3260/4443  loss=0.3058
    [train] iter 3280/4443  loss=0.1724
    [train] iter 3300/4443  loss=0.1003
    [train] iter 3320/4443  loss=0.2131
    [train] iter 3340/4443  loss=0.1445
    [train] iter 3360/4443  loss=0.1875
    [train] iter 3380/4443  loss=0.1069
    [train] iter 3400/4443  loss=0.1228
    [train] iter 3420/4443  loss=0.0820
    [train] iter 3440/4443  loss=0.1266
    [train] iter 3460/4443  loss=0.1470
    [train] iter 3480/4443  loss=0.1617
    [train] iter 3500/4443  loss=0.1091
    [train] iter 3520/4443  loss=0.1064
    [train] iter 3540/4443  loss=0.2540
    [train] iter 3560/4443  loss=0.2295
    [train] iter 3580/4443  loss=0.1495
    [train] iter 3600/4443  loss=0.1967
    [train] iter 3620/4443  loss=0.0905
    [train] iter 3640/4443  loss=0.1391
    [train] iter 3660/4443  loss=0.1095
    [train] iter 3680/4443  loss=0.0992
    [train] iter 3700/4443  loss=0.1281
    [train] iter 3720/4443  loss=0.3210
    [train] iter 3740/4443  loss=0.1075
    [train] iter 3760/4443  loss=0.1810
    [train] iter 3780/4443  loss=0.2399
    [train] iter 3800/4443  loss=0.1273
    [train] iter 3820/4443  loss=0.1245
    [train] iter 3840/4443  loss=0.2022
    [train] iter 3860/4443  loss=0.1926
    [train] iter 3880/4443  loss=0.1541
    [train] iter 3900/4443  loss=0.2074
    [train] iter 3920/4443  loss=0.1471
    [train] iter 3940/4443  loss=0.2914
    [train] iter 3960/4443  loss=0.1861
    [train] iter 3980/4443  loss=0.1533
    [train] iter 4000/4443  loss=0.1292
    [train] iter 4020/4443  loss=0.2399
    [train] iter 4040/4443  loss=0.1343
    [train] iter 4060/4443  loss=0.0970
    [train] iter 4080/4443  loss=0.1741
    [train] iter 4100/4443  loss=0.0716
    [train] iter 4120/4443  loss=0.1603
    [train] iter 4140/4443  loss=0.1956
    [train] iter 4160/4443  loss=0.1257
    [train] iter 4180/4443  loss=0.1026
    [train] iter 4200/4443  loss=0.1650
    [train] iter 4220/4443  loss=0.1978
    [train] iter 4240/4443  loss=0.1823
    [train] iter 4260/4443  loss=0.1865
    [train] iter 4280/4443  loss=0.1542
    [train] iter 4300/4443  loss=0.0891
    [train] iter 4320/4443  loss=0.1688
    [train] iter 4340/4443  loss=0.3278
    [train] iter 4360/4443  loss=0.1943
    [train] iter 4380/4443  loss=0.2266
    [train] iter 4400/4443  loss=0.1724
    [train] iter 4420/4443  loss=0.1635
    [train] iter 4440/4443  loss=0.1263
  train_loss=0.1663  val_loss=0.1734  val_dice=0.7987
  [best] val_dice=0.7987 已保存

--- Epoch 33/100 (lr=2.30e-04) ---
    [train] iter 20/4443  loss=0.1797
    [train] iter 40/4443  loss=0.0915
    [train] iter 60/4443  loss=0.0722
    [train] iter 80/4443  loss=0.1749
    [train] iter 100/4443  loss=0.1015
    [train] iter 120/4443  loss=0.1160
    [train] iter 140/4443  loss=0.1377
    [train] iter 160/4443  loss=0.1851
    [train] iter 180/4443  loss=0.1737
    [train] iter 200/4443  loss=0.1953
    [train] iter 220/4443  loss=0.1699
    [train] iter 240/4443  loss=0.1147
    [train] iter 260/4443  loss=0.1210
    [train] iter 280/4443  loss=0.1172
    [train] iter 300/4443  loss=0.1340
    [train] iter 320/4443  loss=0.1350
    [train] iter 340/4443  loss=0.1020
    [train] iter 360/4443  loss=0.1905
    [train] iter 380/4443  loss=0.2052
    [train] iter 400/4443  loss=0.2065
    [train] iter 420/4443  loss=0.2094
    [train] iter 440/4443  loss=0.1277
    [train] iter 460/4443  loss=0.0883
    [train] iter 480/4443  loss=0.1314
    [train] iter 500/4443  loss=0.2140
    [train] iter 520/4443  loss=0.1870
    [train] iter 540/4443  loss=0.1083
    [train] iter 560/4443  loss=0.1870
    [train] iter 580/4443  loss=0.2505
    [train] iter 600/4443  loss=0.1340
    [train] iter 620/4443  loss=0.1200
    [train] iter 640/4443  loss=0.1383
    [train] iter 660/4443  loss=0.1292
    [train] iter 680/4443  loss=0.1922
    [train] iter 700/4443  loss=0.1358
    [train] iter 720/4443  loss=0.1213
    [train] iter 740/4443  loss=0.0545
    [train] iter 760/4443  loss=0.1391
    [train] iter 780/4443  loss=0.1319
    [train] iter 800/4443  loss=0.1112
    [train] iter 820/4443  loss=0.1506
    [train] iter 840/4443  loss=0.1388
    [train] iter 860/4443  loss=0.3000
    [train] iter 880/4443  loss=0.2595
    [train] iter 900/4443  loss=0.1122
    [train] iter 920/4443  loss=0.1116
    [train] iter 940/4443  loss=0.1787
    [train] iter 960/4443  loss=0.1477
    [train] iter 980/4443  loss=0.2154
    [train] iter 1000/4443  loss=0.2116
    [train] iter 1020/4443  loss=0.1587
    [train] iter 1040/4443  loss=0.1957
    [train] iter 1060/4443  loss=0.1580
    [train] iter 1080/4443  loss=0.0924
    [train] iter 1100/4443  loss=0.2293
    [train] iter 1120/4443  loss=0.1672
    [train] iter 1140/4443  loss=0.0981
    [train] iter 1160/4443  loss=0.1786
    [train] iter 1180/4443  loss=0.2059
    [train] iter 1200/4443  loss=0.2042
    [train] iter 1220/4443  loss=0.2174
    [train] iter 1240/4443  loss=0.2052
    [train] iter 1260/4443  loss=0.3051
    [train] iter 1280/4443  loss=0.1555
    [train] iter 1300/4443  loss=0.1140
    [train] iter 1320/4443  loss=0.1501
    [train] iter 1340/4443  loss=0.0931
    [train] iter 1360/4443  loss=0.1344
    [train] iter 1380/4443  loss=0.1620
    [train] iter 1400/4443  loss=0.1794
    [train] iter 1420/4443  loss=0.1860
    [train] iter 1440/4443  loss=0.1135
    [train] iter 1460/4443  loss=0.2764
    [train] iter 1480/4443  loss=0.1329
    [train] iter 1500/4443  loss=0.2123
    [train] iter 1520/4443  loss=0.1668
    [train] iter 1540/4443  loss=0.1020
    [train] iter 1560/4443  loss=0.0938
    [train] iter 1580/4443  loss=0.1096
    [train] iter 1600/4443  loss=0.0965
    [train] iter 1620/4443  loss=0.1501
    [train] iter 1640/4443  loss=0.1041
    [train] iter 1660/4443  loss=0.1869
    [train] iter 1680/4443  loss=0.0929
    [train] iter 1700/4443  loss=0.0901
    [train] iter 1720/4443  loss=0.1792
    [train] iter 1740/4443  loss=0.0950
    [train] iter 1760/4443  loss=0.1941
    [train] iter 1780/4443  loss=0.0739
    [train] iter 1800/4443  loss=0.2969
    [train] iter 1820/4443  loss=0.1197
    [train] iter 1840/4443  loss=0.1427
    [train] iter 1860/4443  loss=0.1250
    [train] iter 1880/4443  loss=0.1632
    [train] iter 1900/4443  loss=0.1781
    [train] iter 1920/4443  loss=0.1978
    [train] iter 1940/4443  loss=0.0961
    [train] iter 1960/4443  loss=0.1469
    [train] iter 1980/4443  loss=0.1813
    [train] iter 2000/4443  loss=0.1145
    [train] iter 2020/4443  loss=0.1031
    [train] iter 2040/4443  loss=0.3132
    [train] iter 2060/4443  loss=0.2175
    [train] iter 2080/4443  loss=0.0915
    [train] iter 2100/4443  loss=0.1174
    [train] iter 2120/4443  loss=0.1257
    [train] iter 2140/4443  loss=0.2038
    [train] iter 2160/4443  loss=0.1010
    [train] iter 2180/4443  loss=0.2446
    [train] iter 2200/4443  loss=0.1051
    [train] iter 2220/4443  loss=0.1340
    [train] iter 2240/4443  loss=0.2162
    [train] iter 2260/4443  loss=0.1361
    [train] iter 2280/4443  loss=0.1184
    [train] iter 2300/4443  loss=0.0994
    [train] iter 2320/4443  loss=0.1670
    [train] iter 2340/4443  loss=0.0985
    [train] iter 2360/4443  loss=0.0984
    [train] iter 2380/4443  loss=0.1326
    [train] iter 2400/4443  loss=0.1659
    [train] iter 2420/4443  loss=0.1649
    [train] iter 2440/4443  loss=0.1591
    [train] iter 2460/4443  loss=0.1373
    [train] iter 2480/4443  loss=0.1865
    [train] iter 2500/4443  loss=0.2137
    [train] iter 2520/4443  loss=0.1120
    [train] iter 2540/4443  loss=0.1020
    [train] iter 2560/4443  loss=0.1282
    [train] iter 2580/4443  loss=0.1134
    [train] iter 2600/4443  loss=0.1642
    [train] iter 2620/4443  loss=0.1682
    [train] iter 2640/4443  loss=0.1827
    [train] iter 2660/4443  loss=0.1985
    [train] iter 2680/4443  loss=0.1426
    [train] iter 2700/4443  loss=0.0731
    [train] iter 2720/4443  loss=0.2387
    [train] iter 2740/4443  loss=0.1649
    [train] iter 2760/4443  loss=0.1699
    [train] iter 2780/4443  loss=0.1235
    [train] iter 2800/4443  loss=0.1932
    [train] iter 2820/4443  loss=0.1026
    [train] iter 2840/4443  loss=0.1220
    [train] iter 2860/4443  loss=0.1021
    [train] iter 2880/4443  loss=0.1030
    [train] iter 2900/4443  loss=0.0847
    [train] iter 2920/4443  loss=0.1293
    [train] iter 2940/4443  loss=0.1592
    [train] iter 2960/4443  loss=0.0870
    [train] iter 2980/4443  loss=0.2077
    [train] iter 3000/4443  loss=0.2608
    [train] iter 3020/4443  loss=0.2878
    [train] iter 3040/4443  loss=0.2618
    [train] iter 3060/4443  loss=0.0893
    [train] iter 3080/4443  loss=0.0786
    [train] iter 3100/4443  loss=0.1717
    [train] iter 3120/4443  loss=0.0966
    [train] iter 3140/4443  loss=0.1257
    [train] iter 3160/4443  loss=0.1613
    [train] iter 3180/4443  loss=0.1463
    [train] iter 3200/4443  loss=0.1411
    [train] iter 3220/4443  loss=0.1441
    [train] iter 3240/4443  loss=0.1793
    [train] iter 3260/4443  loss=0.1700
    [train] iter 3280/4443  loss=0.3376
    [train] iter 3300/4443  loss=0.1225
    [train] iter 3320/4443  loss=0.1751
    [train] iter 3340/4443  loss=0.1275
    [train] iter 3360/4443  loss=0.1465
    [train] iter 3380/4443  loss=0.2063
    [train] iter 3400/4443  loss=0.2433
    [train] iter 3420/4443  loss=0.1880
    [train] iter 3440/4443  loss=0.1414
    [train] iter 3460/4443  loss=0.1776
    [train] iter 3480/4443  loss=0.2650
    [train] iter 3500/4443  loss=0.1933
    [train] iter 3520/4443  loss=0.1180
    [train] iter 3540/4443  loss=0.1452
    [train] iter 3560/4443  loss=0.1858
    [train] iter 3580/4443  loss=0.2154
    [train] iter 3600/4443  loss=0.0969
    [train] iter 3620/4443  loss=0.2053
    [train] iter 3640/4443  loss=0.1639
    [train] iter 3660/4443  loss=0.1293
    [train] iter 3680/4443  loss=0.1835
    [train] iter 3700/4443  loss=0.1431
    [train] iter 3720/4443  loss=0.1602
    [train] iter 3740/4443  loss=0.0978
    [train] iter 3760/4443  loss=0.1295
    [train] iter 3780/4443  loss=0.0718
    [train] iter 3800/4443  loss=0.1851
    [train] iter 3820/4443  loss=0.2117
    [train] iter 3840/4443  loss=0.2905
    [train] iter 3860/4443  loss=0.1816
    [train] iter 3880/4443  loss=0.2348
    [train] iter 3900/4443  loss=0.1455
    [train] iter 3920/4443  loss=0.2123
    [train] iter 3940/4443  loss=0.1385
    [train] iter 3960/4443  loss=0.0881
    [train] iter 3980/4443  loss=0.2890
    [train] iter 4000/4443  loss=0.1851
    [train] iter 4020/4443  loss=0.1377
    [train] iter 4040/4443  loss=0.1590
    [train] iter 4060/4443  loss=0.2003
    [train] iter 4080/4443  loss=0.1174
    [train] iter 4100/4443  loss=0.1681
    [train] iter 4120/4443  loss=0.1512
    [train] iter 4140/4443  loss=0.2071
    [train] iter 4160/4443  loss=0.1909
    [train] iter 4180/4443  loss=0.1862
    [train] iter 4200/4443  loss=0.1341
    [train] iter 4220/4443  loss=0.1117
    [train] iter 4240/4443  loss=0.1406
    [train] iter 4260/4443  loss=0.0938
    [train] iter 4280/4443  loss=0.2506
    [train] iter 4300/4443  loss=0.1628
    [train] iter 4320/4443  loss=0.2611
    [train] iter 4340/4443  loss=0.2348
    [train] iter 4360/4443  loss=0.1219
    [train] iter 4380/4443  loss=0.1067
    [train] iter 4400/4443  loss=0.1569
    [train] iter 4420/4443  loss=0.1800
    [train] iter 4440/4443  loss=0.2047
  train_loss=0.1657  val_loss=0.1719  val_dice=0.8000
  [best] val_dice=0.8000 已保存

--- Epoch 34/100 (lr=2.26e-04) ---
    [train] iter 20/4443  loss=0.1562
    [train] iter 40/4443  loss=0.1346
    [train] iter 60/4443  loss=0.1669
    [train] iter 80/4443  loss=0.1070
    [train] iter 100/4443  loss=0.1686
    [train] iter 120/4443  loss=0.1714
    [train] iter 140/4443  loss=0.1695
    [train] iter 160/4443  loss=0.1618
    [train] iter 180/4443  loss=0.1227
    [train] iter 200/4443  loss=0.1340
    [train] iter 220/4443  loss=0.1469
    [train] iter 240/4443  loss=0.2117
    [train] iter 260/4443  loss=0.2676
    [train] iter 280/4443  loss=0.1393
    [train] iter 300/4443  loss=0.1522
    [train] iter 320/4443  loss=0.1260
    [train] iter 340/4443  loss=0.0839
    [train] iter 360/4443  loss=0.1161
    [train] iter 380/4443  loss=0.1308
    [train] iter 400/4443  loss=0.0982
    [train] iter 420/4443  loss=0.1263
    [train] iter 440/4443  loss=0.1340
    [train] iter 460/4443  loss=0.1000
    [train] iter 480/4443  loss=0.1578
    [train] iter 500/4443  loss=0.2226
    [train] iter 520/4443  loss=0.1348
    [train] iter 540/4443  loss=0.1789
    [train] iter 560/4443  loss=0.2468
    [train] iter 580/4443  loss=0.2220
    [train] iter 600/4443  loss=0.1422
    [train] iter 620/4443  loss=0.2256
    [train] iter 640/4443  loss=0.2550
    [train] iter 660/4443  loss=0.1188
    [train] iter 680/4443  loss=0.0763
    [train] iter 700/4443  loss=0.0994
    [train] iter 720/4443  loss=0.2410
    [train] iter 740/4443  loss=0.2090
    [train] iter 760/4443  loss=0.1333
    [train] iter 780/4443  loss=0.1709
    [train] iter 800/4443  loss=0.1388
    [train] iter 820/4443  loss=0.0847
    [train] iter 840/4443  loss=0.1112
    [train] iter 860/4443  loss=0.1389
    [train] iter 880/4443  loss=0.1272
    [train] iter 900/4443  loss=0.3772
    [train] iter 920/4443  loss=0.1131
    [train] iter 940/4443  loss=0.1470
    [train] iter 960/4443  loss=0.2211
    [train] iter 980/4443  loss=0.2284
    [train] iter 1000/4443  loss=0.1343
    [train] iter 1020/4443  loss=0.2333
    [train] iter 1040/4443  loss=0.0979
    [train] iter 1060/4443  loss=0.1397
    [train] iter 1080/4443  loss=0.2209
    [train] iter 1100/4443  loss=0.2344
    [train] iter 1120/4443  loss=0.3329
    [train] iter 1140/4443  loss=0.2306
    [train] iter 1160/4443  loss=0.1176
    [train] iter 1180/4443  loss=0.1070
    [train] iter 1200/4443  loss=0.1775
    [train] iter 1220/4443  loss=0.2199
    [train] iter 1240/4443  loss=0.0978
    [train] iter 1260/4443  loss=0.2121
    [train] iter 1280/4443  loss=0.0902
    [train] iter 1300/4443  loss=0.1999
    [train] iter 1320/4443  loss=0.1350
    [train] iter 1340/4443  loss=0.1459
    [train] iter 1360/4443  loss=0.1592
    [train] iter 1380/4443  loss=0.3059
    [train] iter 1400/4443  loss=0.1829
    [train] iter 1420/4443  loss=0.1634
    [train] iter 1440/4443  loss=0.0978
    [train] iter 1460/4443  loss=0.1427
    [train] iter 1480/4443  loss=0.2128
    [train] iter 1500/4443  loss=0.1702
    [train] iter 1520/4443  loss=0.2394
    [train] iter 1540/4443  loss=0.1705
    [train] iter 1560/4443  loss=0.2725
    [train] iter 1580/4443  loss=0.1226
    [train] iter 1600/4443  loss=0.0972
    [train] iter 1620/4443  loss=0.2408
    [train] iter 1640/4443  loss=0.1874
    [train] iter 1660/4443  loss=0.0718
    [train] iter 1680/4443  loss=0.1687
    [train] iter 1700/4443  loss=0.2826
    [train] iter 1720/4443  loss=0.2066
    [train] iter 1740/4443  loss=0.1611
    [train] iter 1760/4443  loss=0.2071
    [train] iter 1780/4443  loss=0.1587
    [train] iter 1800/4443  loss=0.1913
    [train] iter 1820/4443  loss=0.1623
    [train] iter 1840/4443  loss=0.1181
    [train] iter 1860/4443  loss=0.1882
    [train] iter 1880/4443  loss=0.2552
    [train] iter 1900/4443  loss=0.3080
    [train] iter 1920/4443  loss=0.3035
    [train] iter 1940/4443  loss=0.0928
    [train] iter 1960/4443  loss=0.1612
    [train] iter 1980/4443  loss=0.1219
    [train] iter 2000/4443  loss=0.1018
    [train] iter 2020/4443  loss=0.1047
    [train] iter 2040/4443  loss=0.1746
    [train] iter 2060/4443  loss=0.1364
    [train] iter 2080/4443  loss=0.1095
    [train] iter 2100/4443  loss=0.3364
    [train] iter 2120/4443  loss=0.0968
    [train] iter 2140/4443  loss=0.1866
    [train] iter 2160/4443  loss=0.2840
    [train] iter 2180/4443  loss=0.1616
    [train] iter 2200/4443  loss=0.1716
    [train] iter 2220/4443  loss=0.1250
    [train] iter 2240/4443  loss=0.1828
    [train] iter 2260/4443  loss=0.1915
    [train] iter 2280/4443  loss=0.1034
    [train] iter 2300/4443  loss=0.2051
    [train] iter 2320/4443  loss=0.1935
    [train] iter 2340/4443  loss=0.2071
    [train] iter 2360/4443  loss=0.2072
    [train] iter 2380/4443  loss=0.1628
    [train] iter 2400/4443  loss=0.1721
    [train] iter 2420/4443  loss=0.1190
    [train] iter 2440/4443  loss=0.2762
    [train] iter 2460/4443  loss=0.1474
    [train] iter 2480/4443  loss=0.1513
    [train] iter 2500/4443  loss=0.1186
    [train] iter 2520/4443  loss=0.1347
    [train] iter 2540/4443  loss=0.1152
    [train] iter 2560/4443  loss=0.1938
    [train] iter 2580/4443  loss=0.0818
    [train] iter 2600/4443  loss=0.0850
    [train] iter 2620/4443  loss=0.1650
    [train] iter 2640/4443  loss=0.1685
    [train] iter 2660/4443  loss=0.2270
    [train] iter 2680/4443  loss=0.1417
    [train] iter 2700/4443  loss=0.1303
    [train] iter 2720/4443  loss=0.1196
    [train] iter 2740/4443  loss=0.1434
    [train] iter 2760/4443  loss=0.1229
    [train] iter 2780/4443  loss=0.1231
    [train] iter 2800/4443  loss=0.2152
    [train] iter 2820/4443  loss=0.1844
    [train] iter 2840/4443  loss=0.1583
    [train] iter 2860/4443  loss=0.1793
    [train] iter 2880/4443  loss=0.0995
    [train] iter 2900/4443  loss=0.2424
    [train] iter 2920/4443  loss=0.1240
    [train] iter 2940/4443  loss=0.2675
    [train] iter 2960/4443  loss=0.1728
    [train] iter 2980/4443  loss=0.2278
    [train] iter 3000/4443  loss=0.1164
    [train] iter 3020/4443  loss=0.0998
    [train] iter 3040/4443  loss=0.1278
    [train] iter 3060/4443  loss=0.3445
    [train] iter 3080/4443  loss=0.1722
    [train] iter 3100/4443  loss=0.1200
    [train] iter 3120/4443  loss=0.0944
    [train] iter 3140/4443  loss=0.2152
    [train] iter 3160/4443  loss=0.1851
    [train] iter 3180/4443  loss=0.1533
    [train] iter 3200/4443  loss=0.1705
    [train] iter 3220/4443  loss=0.1503
    [train] iter 3240/4443  loss=0.1525
    [train] iter 3260/4443  loss=0.2941
    [train] iter 3280/4443  loss=0.1030
    [train] iter 3300/4443  loss=0.2294
    [train] iter 3320/4443  loss=0.1354
    [train] iter 3340/4443  loss=0.1551
    [train] iter 3360/4443  loss=0.1519
    [train] iter 3380/4443  loss=0.2163
    [train] iter 3400/4443  loss=0.2362
    [train] iter 3420/4443  loss=0.1657
    [train] iter 3440/4443  loss=0.1026
    [train] iter 3460/4443  loss=0.1752
    [train] iter 3480/4443  loss=0.1507
    [train] iter 3500/4443  loss=0.2085
    [train] iter 3520/4443  loss=0.1342
    [train] iter 3540/4443  loss=0.1268
    [train] iter 3560/4443  loss=0.2324
    [train] iter 3580/4443  loss=0.1781
    [train] iter 3600/4443  loss=0.1521
    [train] iter 3620/4443  loss=0.1253
    [train] iter 3640/4443  loss=0.2034
    [train] iter 3660/4443  loss=0.1056
    [train] iter 3680/4443  loss=0.1675
    [train] iter 3700/4443  loss=0.1526
    [train] iter 3720/4443  loss=0.0857
    [train] iter 3740/4443  loss=0.0775
    [train] iter 3760/4443  loss=0.1876
    [train] iter 3780/4443  loss=0.2319
    [train] iter 3800/4443  loss=0.1712
    [train] iter 3820/4443  loss=0.1471
    [train] iter 3840/4443  loss=0.1274
    [train] iter 3860/4443  loss=0.1104
    [train] iter 3880/4443  loss=0.1923
    [train] iter 3900/4443  loss=0.1277
    [train] iter 3920/4443  loss=0.2036
    [train] iter 3940/4443  loss=0.1888
    [train] iter 3960/4443  loss=0.1832
    [train] iter 3980/4443  loss=0.2278
    [train] iter 4000/4443  loss=0.2189
    [train] iter 4020/4443  loss=0.2013
    [train] iter 4040/4443  loss=0.1165
    [train] iter 4060/4443  loss=0.0805
    [train] iter 4080/4443  loss=0.0989
    [train] iter 4100/4443  loss=0.0906
    [train] iter 4120/4443  loss=0.1481
    [train] iter 4140/4443  loss=0.0981
    [train] iter 4160/4443  loss=0.1233
    [train] iter 4180/4443  loss=0.3106
    [train] iter 4200/4443  loss=0.1255
    [train] iter 4220/4443  loss=0.1914
    [train] iter 4240/4443  loss=0.1529
    [train] iter 4260/4443  loss=0.1255
    [train] iter 4280/4443  loss=0.1220
    [train] iter 4300/4443  loss=0.1113
    [train] iter 4320/4443  loss=0.1856
    [train] iter 4340/4443  loss=0.2586
    [train] iter 4360/4443  loss=0.2231
    [train] iter 4380/4443  loss=0.3858
    [train] iter 4400/4443  loss=0.1660
    [train] iter 4420/4443  loss=0.2510
    [train] iter 4440/4443  loss=0.2012
  train_loss=0.1645  val_loss=0.1704  val_dice=0.8014
  [best] val_dice=0.8014 已保存

--- Epoch 35/100 (lr=2.22e-04) ---
    [train] iter 20/4443  loss=0.0883
    [train] iter 40/4443  loss=0.1550
    [train] iter 60/4443  loss=0.2640
    [train] iter 80/4443  loss=0.1503
    [train] iter 100/4443  loss=0.1879
    [train] iter 120/4443  loss=0.2115
    [train] iter 140/4443  loss=0.1978
    [train] iter 160/4443  loss=0.1832
    [train] iter 180/4443  loss=0.3334
    [train] iter 200/4443  loss=0.1078
    [train] iter 220/4443  loss=0.1435
    [train] iter 240/4443  loss=0.1073
    [train] iter 260/4443  loss=0.2292
    [train] iter 280/4443  loss=0.1027
    [train] iter 300/4443  loss=0.2426
    [train] iter 320/4443  loss=0.1955
    [train] iter 340/4443  loss=0.1581
    [train] iter 360/4443  loss=0.1415
    [train] iter 380/4443  loss=0.1829
    [train] iter 400/4443  loss=0.1191
    [train] iter 420/4443  loss=0.1463
    [train] iter 440/4443  loss=0.1732
    [train] iter 460/4443  loss=0.1394
    [train] iter 480/4443  loss=0.2804
    [train] iter 500/4443  loss=0.1140
    [train] iter 520/4443  loss=0.0752
    [train] iter 540/4443  loss=0.1681
    [train] iter 560/4443  loss=0.1040
    [train] iter 580/4443  loss=0.1655
    [train] iter 600/4443  loss=0.2410
    [train] iter 620/4443  loss=0.1240
    [train] iter 640/4443  loss=0.1857
    [train] iter 660/4443  loss=0.1395
    [train] iter 680/4443  loss=0.1677
    [train] iter 700/4443  loss=0.2181
    [train] iter 720/4443  loss=0.1533
    [train] iter 740/4443  loss=0.0992
    [train] iter 760/4443  loss=0.1303
    [train] iter 780/4443  loss=0.1188
    [train] iter 800/4443  loss=0.1597
    [train] iter 820/4443  loss=0.1791
    [train] iter 840/4443  loss=0.1484
    [train] iter 860/4443  loss=0.0997
    [train] iter 880/4443  loss=0.2152
    [train] iter 900/4443  loss=0.0997
    [train] iter 920/4443  loss=0.0889
    [train] iter 940/4443  loss=0.2030
    [train] iter 960/4443  loss=0.0971
    [train] iter 980/4443  loss=0.1696
    [train] iter 1000/4443  loss=0.1258
    [train] iter 1020/4443  loss=0.1781
    [train] iter 1040/4443  loss=0.1347
    [train] iter 1060/4443  loss=0.1314
    [train] iter 1080/4443  loss=0.0711
    [train] iter 1100/4443  loss=0.1989
    [train] iter 1120/4443  loss=0.1747
    [train] iter 1140/4443  loss=0.1916
    [train] iter 1160/4443  loss=0.2483
    [train] iter 1180/4443  loss=0.1740
    [train] iter 1200/4443  loss=0.1795
    [train] iter 1220/4443  loss=0.1091
    [train] iter 1240/4443  loss=0.1567
    [train] iter 1260/4443  loss=0.0864
    [train] iter 1280/4443  loss=0.1631
    [train] iter 1300/4443  loss=0.1989
    [train] iter 1320/4443  loss=0.1168
    [train] iter 1340/4443  loss=0.1307
    [train] iter 1360/4443  loss=0.1240
    [train] iter 1380/4443  loss=0.1816
    [train] iter 1400/4443  loss=0.1706
    [train] iter 1420/4443  loss=0.1976
    [train] iter 1440/4443  loss=0.1519
    [train] iter 1460/4443  loss=0.1379
    [train] iter 1480/4443  loss=0.1942
    [train] iter 1500/4443  loss=0.1520
    [train] iter 1520/4443  loss=0.1688
    [train] iter 1540/4443  loss=0.0996
    [train] iter 1560/4443  loss=0.1656
    [train] iter 1580/4443  loss=0.1809
    [train] iter 1600/4443  loss=0.3052
    [train] iter 1620/4443  loss=0.1004
    [train] iter 1640/4443  loss=0.1003
    [train] iter 1660/4443  loss=0.1649
    [train] iter 1680/4443  loss=0.1640
    [train] iter 1700/4443  loss=0.1631
    [train] iter 1720/4443  loss=0.1413
    [train] iter 1740/4443  loss=0.2028
    [train] iter 1760/4443  loss=0.1521
    [train] iter 1780/4443  loss=0.3067
    [train] iter 1800/4443  loss=0.1397
    [train] iter 1820/4443  loss=0.1871
    [train] iter 1840/4443  loss=0.3069
    [train] iter 1860/4443  loss=0.0901
    [train] iter 1880/4443  loss=0.3006
    [train] iter 1900/4443  loss=0.2415
    [train] iter 1920/4443  loss=0.1784
    [train] iter 1940/4443  loss=0.0975
    [train] iter 1960/4443  loss=0.1150
    [train] iter 1980/4443  loss=0.2702
    [train] iter 2000/4443  loss=0.1053
    [train] iter 2020/4443  loss=0.2131
    [train] iter 2040/4443  loss=0.1739
    [train] iter 2060/4443  loss=0.1694
    [train] iter 2080/4443  loss=0.3034
    [train] iter 2100/4443  loss=0.1819
    [train] iter 2120/4443  loss=0.1152
    [train] iter 2140/4443  loss=0.1869
    [train] iter 2160/4443  loss=0.1668
    [train] iter 2180/4443  loss=0.1154
    [train] iter 2200/4443  loss=0.1650
    [train] iter 2220/4443  loss=0.1265
    [train] iter 2240/4443  loss=0.1302
    [train] iter 2260/4443  loss=0.0703
    [train] iter 2280/4443  loss=0.1481
    [train] iter 2300/4443  loss=0.0852
    [train] iter 2320/4443  loss=0.1279
    [train] iter 2340/4443  loss=0.2069
    [train] iter 2360/4443  loss=0.1641
    [train] iter 2380/4443  loss=0.1907
    [train] iter 2400/4443  loss=0.1617
    [train] iter 2420/4443  loss=0.2078
    [train] iter 2440/4443  loss=0.1953
    [train] iter 2460/4443  loss=0.1630
    [train] iter 2480/4443  loss=0.2975
    [train] iter 2500/4443  loss=0.1064
    [train] iter 2520/4443  loss=0.1269
    [train] iter 2540/4443  loss=0.1876
    [train] iter 2560/4443  loss=0.2266
    [train] iter 2580/4443  loss=0.1287
    [train] iter 2600/4443  loss=0.1629
    [train] iter 2620/4443  loss=0.2134
    [train] iter 2640/4443  loss=0.1224
    [train] iter 2660/4443  loss=0.2589
    [train] iter 2680/4443  loss=0.1135
    [train] iter 2700/4443  loss=0.1218
    [train] iter 2720/4443  loss=0.1779
    [train] iter 2740/4443  loss=0.2470
    [train] iter 2760/4443  loss=0.1253
    [train] iter 2780/4443  loss=0.2225
    [train] iter 2800/4443  loss=0.1154
    [train] iter 2820/4443  loss=0.1285
    [train] iter 2840/4443  loss=0.1312
    [train] iter 2860/4443  loss=0.1642
    [train] iter 2880/4443  loss=0.0892
    [train] iter 2900/4443  loss=0.2364
    [train] iter 2920/4443  loss=0.1710
    [train] iter 2940/4443  loss=0.2536
    [train] iter 2960/4443  loss=0.1821
    [train] iter 2980/4443  loss=0.1705
    [train] iter 3000/4443  loss=0.1032
    [train] iter 3020/4443  loss=0.1304
    [train] iter 3040/4443  loss=0.1751
    [train] iter 3060/4443  loss=0.2481
    [train] iter 3080/4443  loss=0.1410
    [train] iter 3100/4443  loss=0.1804
    [train] iter 3120/4443  loss=0.1407
    [train] iter 3140/4443  loss=0.1402
    [train] iter 3160/4443  loss=0.2661
    [train] iter 3180/4443  loss=0.1274
    [train] iter 3200/4443  loss=0.1495
    [train] iter 3220/4443  loss=0.2357
    [train] iter 3240/4443  loss=0.2024
    [train] iter 3260/4443  loss=0.1146
    [train] iter 3280/4443  loss=0.1264
    [train] iter 3300/4443  loss=0.3161
    [train] iter 3320/4443  loss=0.1212
    [train] iter 3340/4443  loss=0.2309
    [train] iter 3360/4443  loss=0.0977
    [train] iter 3380/4443  loss=0.1500
    [train] iter 3400/4443  loss=0.1646
    [train] iter 3420/4443  loss=0.1992
    [train] iter 3440/4443  loss=0.0539
    [train] iter 3460/4443  loss=0.1752
    [train] iter 3480/4443  loss=0.1577
    [train] iter 3500/4443  loss=0.1748
    [train] iter 3520/4443  loss=0.1413
    [train] iter 3540/4443  loss=0.2255
    [train] iter 3560/4443  loss=0.1598
    [train] iter 3580/4443  loss=0.1762
    [train] iter 3600/4443  loss=0.2282
    [train] iter 3620/4443  loss=0.1202
    [train] iter 3640/4443  loss=0.1207
    [train] iter 3660/4443  loss=0.1073
    [train] iter 3680/4443  loss=0.1053
    [train] iter 3700/4443  loss=0.1557
    [train] iter 3720/4443  loss=0.1074
    [train] iter 3740/4443  loss=0.0866
    [train] iter 3760/4443  loss=0.1189
    [train] iter 3780/4443  loss=0.0953
    [train] iter 3800/4443  loss=0.1396
    [train] iter 3820/4443  loss=0.1049
    [train] iter 3840/4443  loss=0.1066
    [train] iter 3860/4443  loss=0.2200
    [train] iter 3880/4443  loss=0.1833
    [train] iter 3900/4443  loss=0.1614
    [train] iter 3920/4443  loss=0.1556
    [train] iter 3940/4443  loss=0.1698
    [train] iter 3960/4443  loss=0.1723
    [train] iter 3980/4443  loss=0.1039
    [train] iter 4000/4443  loss=0.1404
    [train] iter 4020/4443  loss=0.2111
    [train] iter 4040/4443  loss=0.1395
    [train] iter 4060/4443  loss=0.1933
    [train] iter 4080/4443  loss=0.2882
    [train] iter 4100/4443  loss=0.1428
    [train] iter 4120/4443  loss=0.2932
    [train] iter 4140/4443  loss=0.1336
    [train] iter 4160/4443  loss=0.1727
    [train] iter 4180/4443  loss=0.1340
    [train] iter 4200/4443  loss=0.1916
    [train] iter 4220/4443  loss=0.1076
    [train] iter 4240/4443  loss=0.1822
    [train] iter 4260/4443  loss=0.2500
    [train] iter 4280/4443  loss=0.2073
    [train] iter 4300/4443  loss=0.1136
    [train] iter 4320/4443  loss=0.2415
    [train] iter 4340/4443  loss=0.1606
    [train] iter 4360/4443  loss=0.1081
    [train] iter 4380/4443  loss=0.1424
    [train] iter 4400/4443  loss=0.1122
    [train] iter 4420/4443  loss=0.2313
    [train] iter 4440/4443  loss=0.2247
  train_loss=0.1631  val_loss=0.1769  val_dice=0.7977

--- Epoch 36/100 (lr=2.18e-04) ---
    [train] iter 20/4443  loss=0.2332
    [train] iter 40/4443  loss=0.1138
    [train] iter 60/4443  loss=0.1070
    [train] iter 80/4443  loss=0.1716
    [train] iter 100/4443  loss=0.1314
    [train] iter 120/4443  loss=0.1319
    [train] iter 140/4443  loss=0.1794
    [train] iter 160/4443  loss=0.1534
    [train] iter 180/4443  loss=0.1448
    [train] iter 200/4443  loss=0.1598
    [train] iter 220/4443  loss=0.1251
    [train] iter 240/4443  loss=0.0916
    [train] iter 260/4443  loss=0.0833
    [train] iter 280/4443  loss=0.1338
    [train] iter 300/4443  loss=0.1198
    [train] iter 320/4443  loss=0.1165
    [train] iter 340/4443  loss=0.1640
    [train] iter 360/4443  loss=0.1087
    [train] iter 380/4443  loss=0.2026
    [train] iter 400/4443  loss=0.1544
    [train] iter 420/4443  loss=0.1516
    [train] iter 440/4443  loss=0.1623
    [train] iter 460/4443  loss=0.1150
    [train] iter 480/4443  loss=0.1633
    [train] iter 500/4443  loss=0.1421
    [train] iter 520/4443  loss=0.1643
    [train] iter 540/4443  loss=0.1469
    [train] iter 560/4443  loss=0.1917
    [train] iter 580/4443  loss=0.2599
    [train] iter 600/4443  loss=0.1046
    [train] iter 620/4443  loss=0.1963
    [train] iter 640/4443  loss=0.2142
    [train] iter 660/4443  loss=0.2696
    [train] iter 680/4443  loss=0.1921
    [train] iter 700/4443  loss=0.0890
    [train] iter 720/4443  loss=0.2082
    [train] iter 740/4443  loss=0.1232
    [train] iter 760/4443  loss=0.3299
    [train] iter 780/4443  loss=0.1768
    [train] iter 800/4443  loss=0.1930
    [train] iter 820/4443  loss=0.1411
    [train] iter 840/4443  loss=0.1482
    [train] iter 860/4443  loss=0.2797
    [train] iter 880/4443  loss=0.1335
    [train] iter 900/4443  loss=0.1179
    [train] iter 920/4443  loss=0.1303
    [train] iter 940/4443  loss=0.1434
    [train] iter 960/4443  loss=0.2337
    [train] iter 980/4443  loss=0.1305
    [train] iter 1000/4443  loss=0.1839
    [train] iter 1020/4443  loss=0.1259
    [train] iter 1040/4443  loss=0.1725
    [train] iter 1060/4443  loss=0.1839
    [train] iter 1080/4443  loss=0.1648
    [train] iter 1100/4443  loss=0.0917
    [train] iter 1120/4443  loss=0.2605
    [train] iter 1140/4443  loss=0.1576
    [train] iter 1160/4443  loss=0.1891
    [train] iter 1180/4443  loss=0.1731
    [train] iter 1200/4443  loss=0.2059
    [train] iter 1220/4443  loss=0.2793
    [train] iter 1240/4443  loss=0.1755
    [train] iter 1260/4443  loss=0.1938
    [train] iter 1280/4443  loss=0.1423
    [train] iter 1300/4443  loss=0.1897
    [train] iter 1320/4443  loss=0.2436
    [train] iter 1340/4443  loss=0.1830
    [train] iter 1360/4443  loss=0.2092
    [train] iter 1380/4443  loss=0.1845
    [train] iter 1400/4443  loss=0.3636
    [train] iter 1420/4443  loss=0.0967
    [train] iter 1440/4443  loss=0.0888
    [train] iter 1460/4443  loss=0.2087
    [train] iter 1480/4443  loss=0.2041
    [train] iter 1500/4443  loss=0.1304
    [train] iter 1520/4443  loss=0.2445
    [train] iter 1540/4443  loss=0.1564
    [train] iter 1560/4443  loss=0.1386
    [train] iter 1580/4443  loss=0.2366
    [train] iter 1600/4443  loss=0.0784
    [train] iter 1620/4443  loss=0.1333
    [train] iter 1640/4443  loss=0.2290
    [train] iter 1660/4443  loss=0.0938
    [train] iter 1680/4443  loss=0.0863
    [train] iter 1700/4443  loss=0.1802
    [train] iter 1720/4443  loss=0.1425
    [train] iter 1740/4443  loss=0.1433
    [train] iter 1760/4443  loss=0.0792
    [train] iter 1780/4443  loss=0.1676
    [train] iter 1800/4443  loss=0.1431
    [train] iter 1820/4443  loss=0.1255
    [train] iter 1840/4443  loss=0.1654
    [train] iter 1860/4443  loss=0.1286
    [train] iter 1880/4443  loss=0.1648
    [train] iter 1900/4443  loss=0.1098
    [train] iter 1920/4443  loss=0.1240
    [train] iter 1940/4443  loss=0.1374
    [train] iter 1960/4443  loss=0.1508
    [train] iter 1980/4443  loss=0.1704
    [train] iter 2000/4443  loss=0.1988
    [train] iter 2020/4443  loss=0.1502
    [train] iter 2040/4443  loss=0.1099
    [train] iter 2060/4443  loss=0.0927
    [train] iter 2080/4443  loss=0.0962
    [train] iter 2100/4443  loss=0.1382
    [train] iter 2120/4443  loss=0.1359
    [train] iter 2140/4443  loss=0.0957
    [train] iter 2160/4443  loss=0.3001
    [train] iter 2180/4443  loss=0.2180
    [train] iter 2200/4443  loss=0.1563
    [train] iter 2220/4443  loss=0.1683
    [train] iter 2240/4443  loss=0.1165
    [train] iter 2260/4443  loss=0.1492
    [train] iter 2280/4443  loss=0.1441
    [train] iter 2300/4443  loss=0.2646
    [train] iter 2320/4443  loss=0.1374
    [train] iter 2340/4443  loss=0.1579
    [train] iter 2360/4443  loss=0.3074
    [train] iter 2380/4443  loss=0.1468
    [train] iter 2400/4443  loss=0.1852
    [train] iter 2420/4443  loss=0.0751
    [train] iter 2440/4443  loss=0.1470
    [train] iter 2460/4443  loss=0.1357
    [train] iter 2480/4443  loss=0.2048
    [train] iter 2500/4443  loss=0.1919
    [train] iter 2520/4443  loss=0.1547
    [train] iter 2540/4443  loss=0.1580
    [train] iter 2560/4443  loss=0.2233
    [train] iter 2580/4443  loss=0.2056
    [train] iter 2600/4443  loss=0.1865
    [train] iter 2620/4443  loss=0.1715
    [train] iter 2640/4443  loss=0.1253
    [train] iter 2660/4443  loss=0.1227
    [train] iter 2680/4443  loss=0.1348
    [train] iter 2700/4443  loss=0.0809
    [train] iter 2720/4443  loss=0.2251
    [train] iter 2740/4443  loss=0.1262
    [train] iter 2760/4443  loss=0.1483
    [train] iter 2780/4443  loss=0.1557
    [train] iter 2800/4443  loss=0.1290
    [train] iter 2820/4443  loss=0.1169
    [train] iter 2840/4443  loss=0.1522
    [train] iter 2860/4443  loss=0.1442
    [train] iter 2880/4443  loss=0.1268
    [train] iter 2900/4443  loss=0.1200
    [train] iter 2920/4443  loss=0.2136
    [train] iter 2940/4443  loss=0.2010
    [train] iter 2960/4443  loss=0.1647
    [train] iter 2980/4443  loss=0.1996
    [train] iter 3000/4443  loss=0.1300
    [train] iter 3020/4443  loss=0.1516
    [train] iter 3040/4443  loss=0.1187
    [train] iter 3060/4443  loss=0.1994
    [train] iter 3080/4443  loss=0.0950
    [train] iter 3100/4443  loss=0.1128
    [train] iter 3120/4443  loss=0.2301
    [train] iter 3140/4443  loss=0.1667
    [train] iter 3160/4443  loss=0.1181
    [train] iter 3180/4443  loss=0.1155
    [train] iter 3200/4443  loss=0.1885
    [train] iter 3220/4443  loss=0.1578
    [train] iter 3240/4443  loss=0.1571
    [train] iter 3260/4443  loss=0.1959
    [train] iter 3280/4443  loss=0.1170
    [train] iter 3300/4443  loss=0.1052
    [train] iter 3320/4443  loss=0.1269
    [train] iter 3340/4443  loss=0.1956
    [train] iter 3360/4443  loss=0.2250
    [train] iter 3380/4443  loss=0.1428
    [train] iter 3400/4443  loss=0.1270
    [train] iter 3420/4443  loss=0.1516
    [train] iter 3440/4443  loss=0.2753
    [train] iter 3460/4443  loss=0.4281
    [train] iter 3480/4443  loss=0.2106
    [train] iter 3500/4443  loss=0.1022
    [train] iter 3520/4443  loss=0.1162
    [train] iter 3540/4443  loss=0.1873
    [train] iter 3560/4443  loss=0.1139
    [train] iter 3580/4443  loss=0.2315
    [train] iter 3600/4443  loss=0.1277
    [train] iter 3620/4443  loss=0.1725
    [train] iter 3640/4443  loss=0.1997
    [train] iter 3660/4443  loss=0.2196
    [train] iter 3680/4443  loss=0.1508
    [train] iter 3700/4443  loss=0.0941
    [train] iter 3720/4443  loss=0.2679
    [train] iter 3740/4443  loss=0.1328
    [train] iter 3760/4443  loss=0.1156
    [train] iter 3780/4443  loss=0.0958
    [train] iter 3800/4443  loss=0.2031
    [train] iter 3820/4443  loss=0.1799
    [train] iter 3840/4443  loss=0.1369
    [train] iter 3860/4443  loss=0.2089
    [train] iter 3880/4443  loss=0.1390
    [train] iter 3900/4443  loss=0.0879
    [train] iter 3920/4443  loss=0.1560
    [train] iter 3940/4443  loss=0.1871
    [train] iter 3960/4443  loss=0.1174
    [train] iter 3980/4443  loss=0.1058
    [train] iter 4000/4443  loss=0.1175
    [train] iter 4020/4443  loss=0.2685
    [train] iter 4040/4443  loss=0.2234
    [train] iter 4060/4443  loss=0.1371
    [train] iter 4080/4443  loss=0.1484
    [train] iter 4100/4443  loss=0.1660
    [train] iter 4120/4443  loss=0.1143
    [train] iter 4140/4443  loss=0.1125
    [train] iter 4160/4443  loss=0.2772
    [train] iter 4180/4443  loss=0.1044
    [train] iter 4200/4443  loss=0.1719
    [train] iter 4220/4443  loss=0.1364
    [train] iter 4240/4443  loss=0.1276
    [train] iter 4260/4443  loss=0.0818
    [train] iter 4280/4443  loss=0.1451
    [train] iter 4300/4443  loss=0.1376
    [train] iter 4320/4443  loss=0.0941
    [train] iter 4340/4443  loss=0.1356
    [train] iter 4360/4443  loss=0.2055
    [train] iter 4380/4443  loss=0.2457
    [train] iter 4400/4443  loss=0.0988
    [train] iter 4420/4443  loss=0.1395
    [train] iter 4440/4443  loss=0.1194
  train_loss=0.1627  val_loss=0.1713  val_dice=0.8017
  [best] val_dice=0.8017 已保存

--- Epoch 37/100 (lr=2.14e-04) ---
    [train] iter 20/4443  loss=0.1964
    [train] iter 40/4443  loss=0.1442
    [train] iter 60/4443  loss=0.0804
    [train] iter 80/4443  loss=0.1268
    [train] iter 100/4443  loss=0.0901
    [train] iter 120/4443  loss=0.2343
    [train] iter 140/4443  loss=0.1492
    [train] iter 160/4443  loss=0.1916
    [train] iter 180/4443  loss=0.1291
    [train] iter 200/4443  loss=0.1834
    [train] iter 220/4443  loss=0.1477
    [train] iter 240/4443  loss=0.1301
    [train] iter 260/4443  loss=0.1562
    [train] iter 280/4443  loss=0.1903
    [train] iter 300/4443  loss=0.0949
    [train] iter 320/4443  loss=0.1297
    [train] iter 340/4443  loss=0.1051
    [train] iter 360/4443  loss=0.1809
    [train] iter 380/4443  loss=0.2425
    [train] iter 400/4443  loss=0.1347
    [train] iter 420/4443  loss=0.2479
    [train] iter 440/4443  loss=0.1699
    [train] iter 460/4443  loss=0.0636
    [train] iter 480/4443  loss=0.2457
    [train] iter 500/4443  loss=0.1018
    [train] iter 520/4443  loss=0.1765
    [train] iter 540/4443  loss=0.1869
    [train] iter 560/4443  loss=0.1631
    [train] iter 580/4443  loss=0.1725
    [train] iter 600/4443  loss=0.1326
    [train] iter 620/4443  loss=0.2426
    [train] iter 640/4443  loss=0.1725
    [train] iter 660/4443  loss=0.1620
    [train] iter 680/4443  loss=0.1103
    [train] iter 700/4443  loss=0.1302
    [train] iter 720/4443  loss=0.1132
    [train] iter 740/4443  loss=0.1603
    [train] iter 760/4443  loss=0.1740
    [train] iter 780/4443  loss=0.1753
    [train] iter 800/4443  loss=0.1703
    [train] iter 820/4443  loss=0.1015
    [train] iter 840/4443  loss=0.1369
    [train] iter 860/4443  loss=0.1105
    [train] iter 880/4443  loss=0.1958
    [train] iter 900/4443  loss=0.1107
    [train] iter 920/4443  loss=0.1761
    [train] iter 940/4443  loss=0.2520
    [train] iter 960/4443  loss=0.0832
    [train] iter 980/4443  loss=0.1429
    [train] iter 1000/4443  loss=0.1596
    [train] iter 1020/4443  loss=0.0461
    [train] iter 1040/4443  loss=0.2037
    [train] iter 1060/4443  loss=0.1602
    [train] iter 1080/4443  loss=0.1464
    [train] iter 1100/4443  loss=0.1521
    [train] iter 1120/4443  loss=0.1684
    [train] iter 1140/4443  loss=0.1626
    [train] iter 1160/4443  loss=0.1066
    [train] iter 1180/4443  loss=0.1388
    [train] iter 1200/4443  loss=0.2130
    [train] iter 1220/4443  loss=0.2122
    [train] iter 1240/4443  loss=0.1470
    [train] iter 1260/4443  loss=0.1687
    [train] iter 1280/4443  loss=0.2796
    [train] iter 1300/4443  loss=0.1350
    [train] iter 1320/4443  loss=0.2162
    [train] iter 1340/4443  loss=0.1877
    [train] iter 1360/4443  loss=0.1407
    [train] iter 1380/4443  loss=0.1335
    [train] iter 1400/4443  loss=0.1230
    [train] iter 1420/4443  loss=0.0788
    [train] iter 1440/4443  loss=0.1613
    [train] iter 1460/4443  loss=0.2053
    [train] iter 1480/4443  loss=0.1613
    [train] iter 1500/4443  loss=0.0841
    [train] iter 1520/4443  loss=0.1621
    [train] iter 1540/4443  loss=0.1450
    [train] iter 1560/4443  loss=0.1198
    [train] iter 1580/4443  loss=0.1025
    [train] iter 1600/4443  loss=0.0991
    [train] iter 1620/4443  loss=0.1244
    [train] iter 1640/4443  loss=0.1490
    [train] iter 1660/4443  loss=0.1857
    [train] iter 1680/4443  loss=0.1394
    [train] iter 1700/4443  loss=0.1394
    [train] iter 1720/4443  loss=0.0675
    [train] iter 1740/4443  loss=0.1993
    [train] iter 1760/4443  loss=0.1774
    [train] iter 1780/4443  loss=0.0611
    [train] iter 1800/4443  loss=0.1491
    [train] iter 1820/4443  loss=0.1809
    [train] iter 1840/4443  loss=0.1365
    [train] iter 1860/4443  loss=0.1235
    [train] iter 1880/4443  loss=0.2492
    [train] iter 1900/4443  loss=0.1782
    [train] iter 1920/4443  loss=0.1157
    [train] iter 1940/4443  loss=0.1109
    [train] iter 1960/4443  loss=0.0725
    [train] iter 1980/4443  loss=0.0937
    [train] iter 2000/4443  loss=0.1040
    [train] iter 2020/4443  loss=0.2349
    [train] iter 2040/4443  loss=0.2395
    [train] iter 2060/4443  loss=0.2370
    [train] iter 2080/4443  loss=0.2390
    [train] iter 2100/4443  loss=0.2536
    [train] iter 2120/4443  loss=0.2118
    [train] iter 2140/4443  loss=0.1132
    [train] iter 2160/4443  loss=0.1261
    [train] iter 2180/4443  loss=0.1203
    [train] iter 2200/4443  loss=0.1589
    [train] iter 2220/4443  loss=0.1062
    [train] iter 2240/4443  loss=0.2512
    [train] iter 2260/4443  loss=0.1737
    [train] iter 2280/4443  loss=0.1686
    [train] iter 2300/4443  loss=0.1256
    [train] iter 2320/4443  loss=0.0818
    [train] iter 2340/4443  loss=0.1358
    [train] iter 2360/4443  loss=0.1312
    [train] iter 2380/4443  loss=0.1836
    [train] iter 2400/4443  loss=0.1960
    [train] iter 2420/4443  loss=0.1288
    [train] iter 2440/4443  loss=0.2209
    [train] iter 2460/4443  loss=0.1995
    [train] iter 2480/4443  loss=0.1247
    [train] iter 2500/4443  loss=0.0855
    [train] iter 2520/4443  loss=0.1595
    [train] iter 2540/4443  loss=0.1438
    [train] iter 2560/4443  loss=0.2788
    [train] iter 2580/4443  loss=0.1689
    [train] iter 2600/4443  loss=0.1721
    [train] iter 2620/4443  loss=0.1660
    [train] iter 2640/4443  loss=0.1141
    [train] iter 2660/4443  loss=0.1235
    [train] iter 2680/4443  loss=0.0942
    [train] iter 2700/4443  loss=0.1344
    [train] iter 2720/4443  loss=0.1267
    [train] iter 2740/4443  loss=0.2481
    [train] iter 2760/4443  loss=0.1737
    [train] iter 2780/4443  loss=0.1580
    [train] iter 2800/4443  loss=0.1173
    [train] iter 2820/4443  loss=0.0962
    [train] iter 2840/4443  loss=0.0886
    [train] iter 2860/4443  loss=0.1544
    [train] iter 2880/4443  loss=0.2174
    [train] iter 2900/4443  loss=0.1114
    [train] iter 2920/4443  loss=0.1344
    [train] iter 2940/4443  loss=0.1969
    [train] iter 2960/4443  loss=0.1012
    [train] iter 2980/4443  loss=0.1302
    [train] iter 3000/4443  loss=0.1203
    [train] iter 3020/4443  loss=0.2925
    [train] iter 3040/4443  loss=0.2183
    [train] iter 3060/4443  loss=0.1197
    [train] iter 3080/4443  loss=0.0952
    [train] iter 3100/4443  loss=0.1811
    [train] iter 3120/4443  loss=0.1368
    [train] iter 3140/4443  loss=0.0866
    [train] iter 3160/4443  loss=0.1841
    [train] iter 3180/4443  loss=0.2765
    [train] iter 3200/4443  loss=0.1576
    [train] iter 3220/4443  loss=0.1777
    [train] iter 3240/4443  loss=0.1162
    [train] iter 3260/4443  loss=0.2211
    [train] iter 3280/4443  loss=0.1788
    [train] iter 3300/4443  loss=0.1396
    [train] iter 3320/4443  loss=0.1238
    [train] iter 3340/4443  loss=0.0985
    [train] iter 3360/4443  loss=0.1012
    [train] iter 3380/4443  loss=0.1832
    [train] iter 3400/4443  loss=0.2345
    [train] iter 3420/4443  loss=0.1963
    [train] iter 3440/4443  loss=0.2012
    [train] iter 3460/4443  loss=0.0916
    [train] iter 3480/4443  loss=0.1244
    [train] iter 3500/4443  loss=0.1535
    [train] iter 3520/4443  loss=0.2054
    [train] iter 3540/4443  loss=0.1816
    [train] iter 3560/4443  loss=0.1335
    [train] iter 3580/4443  loss=0.2278
    [train] iter 3600/4443  loss=0.0972
    [train] iter 3620/4443  loss=0.1969
    [train] iter 3640/4443  loss=0.0996
    [train] iter 3660/4443  loss=0.1208
    [train] iter 3680/4443  loss=0.1896
    [train] iter 3700/4443  loss=0.1364
    [train] iter 3720/4443  loss=0.1152
    [train] iter 3740/4443  loss=0.1232
    [train] iter 3760/4443  loss=0.1639
    [train] iter 3780/4443  loss=0.2011
    [train] iter 3800/4443  loss=0.1250
    [train] iter 3820/4443  loss=0.1471
    [train] iter 3840/4443  loss=0.0891
    [train] iter 3860/4443  loss=0.1621
    [train] iter 3880/4443  loss=0.1149
    [train] iter 3900/4443  loss=0.1714
    [train] iter 3920/4443  loss=0.1682
    [train] iter 3940/4443  loss=0.1150
    [train] iter 3960/4443  loss=0.2723
    [train] iter 3980/4443  loss=0.2312
    [train] iter 4000/4443  loss=0.1786
    [train] iter 4020/4443  loss=0.1455
    [train] iter 4040/4443  loss=0.1699
    [train] iter 4060/4443  loss=0.1341
    [train] iter 4080/4443  loss=0.1183
    [train] iter 4100/4443  loss=0.0952
    [train] iter 4120/4443  loss=0.1160
    [train] iter 4140/4443  loss=0.1484
    [train] iter 4160/4443  loss=0.0735
    [train] iter 4180/4443  loss=0.1000
    [train] iter 4200/4443  loss=0.1315
    [train] iter 4220/4443  loss=0.2055
    [train] iter 4240/4443  loss=0.1765
    [train] iter 4260/4443  loss=0.1359
    [train] iter 4280/4443  loss=0.1155
    [train] iter 4300/4443  loss=0.1409
    [train] iter 4320/4443  loss=0.1448
    [train] iter 4340/4443  loss=0.0978
    [train] iter 4360/4443  loss=0.1858
    [train] iter 4380/4443  loss=0.1006
    [train] iter 4400/4443  loss=0.1430
    [train] iter 4420/4443  loss=0.1373
    [train] iter 4440/4443  loss=0.1368
  train_loss=0.1613  val_loss=0.1670  val_dice=0.8064
  [best] val_dice=0.8064 已保存

--- Epoch 38/100 (lr=2.10e-04) ---
    [train] iter 20/4443  loss=0.1411
    [train] iter 40/4443  loss=0.1396
    [train] iter 60/4443  loss=0.1266
    [train] iter 80/4443  loss=0.1504
    [train] iter 100/4443  loss=0.1012
    [train] iter 120/4443  loss=0.1686
    [train] iter 140/4443  loss=0.2232
    [train] iter 160/4443  loss=0.1553
    [train] iter 180/4443  loss=0.1345
    [train] iter 200/4443  loss=0.0831
    [train] iter 220/4443  loss=0.2257
    [train] iter 240/4443  loss=0.2420
    [train] iter 260/4443  loss=0.1712
    [train] iter 280/4443  loss=0.1115
    [train] iter 300/4443  loss=0.2115
    [train] iter 320/4443  loss=0.2123
    [train] iter 340/4443  loss=0.1292
    [train] iter 360/4443  loss=0.2736
    [train] iter 380/4443  loss=0.1167
    [train] iter 400/4443  loss=0.1643
    [train] iter 420/4443  loss=0.2302
    [train] iter 440/4443  loss=0.1847
    [train] iter 460/4443  loss=0.1925
    [train] iter 480/4443  loss=0.1317
    [train] iter 500/4443  loss=0.1414
    [train] iter 520/4443  loss=0.2169
    [train] iter 540/4443  loss=0.1833
    [train] iter 560/4443  loss=0.1303
    [train] iter 580/4443  loss=0.2476
    [train] iter 600/4443  loss=0.1071
    [train] iter 620/4443  loss=0.1078
    [train] iter 640/4443  loss=0.3176
    [train] iter 660/4443  loss=0.1211
    [train] iter 680/4443  loss=0.1162
    [train] iter 700/4443  loss=0.1321
    [train] iter 720/4443  loss=0.1879
    [train] iter 740/4443  loss=0.1583
    [train] iter 760/4443  loss=0.1435
    [train] iter 780/4443  loss=0.1255
    [train] iter 800/4443  loss=0.3631
    [train] iter 820/4443  loss=0.1937
    [train] iter 840/4443  loss=0.1225
    [train] iter 860/4443  loss=0.1591
    [train] iter 880/4443  loss=0.0983
    [train] iter 900/4443  loss=0.1240
    [train] iter 920/4443  loss=0.2122
    [train] iter 940/4443  loss=0.1162
    [train] iter 960/4443  loss=0.1447
    [train] iter 980/4443  loss=0.2187
    [train] iter 1000/4443  loss=0.2546
    [train] iter 1020/4443  loss=0.1005
    [train] iter 1040/4443  loss=0.1301
    [train] iter 1060/4443  loss=0.1442
    [train] iter 1080/4443  loss=0.1363
    [train] iter 1100/4443  loss=0.1449
    [train] iter 1120/4443  loss=0.2336
    [train] iter 1140/4443  loss=0.3660
    [train] iter 1160/4443  loss=0.1505
    [train] iter 1180/4443  loss=0.1595
    [train] iter 1200/4443  loss=0.1091
    [train] iter 1220/4443  loss=0.1958
    [train] iter 1240/4443  loss=0.1573
    [train] iter 1260/4443  loss=0.1486
    [train] iter 1280/4443  loss=0.0884
    [train] iter 1300/4443  loss=0.1172
    [train] iter 1320/4443  loss=0.1057
    [train] iter 1340/4443  loss=0.2004
    [train] iter 1360/4443  loss=0.1609
    [train] iter 1380/4443  loss=0.0659
    [train] iter 1400/4443  loss=0.2198
    [train] iter 1420/4443  loss=0.1100
    [train] iter 1440/4443  loss=0.0816
    [train] iter 1460/4443  loss=0.1655
    [train] iter 1480/4443  loss=0.1026
    [train] iter 1500/4443  loss=0.0899
    [train] iter 1520/4443  loss=0.1032
    [train] iter 1540/4443  loss=0.1812
    [train] iter 1560/4443  loss=0.1614
    [train] iter 1580/4443  loss=0.1345
    [train] iter 1600/4443  loss=0.1661
    [train] iter 1620/4443  loss=0.2044
    [train] iter 1640/4443  loss=0.1065
    [train] iter 1660/4443  loss=0.2333
    [train] iter 1680/4443  loss=0.1393
    [train] iter 1700/4443  loss=0.1747
    [train] iter 1720/4443  loss=0.1002
    [train] iter 1740/4443  loss=0.1905
    [train] iter 1760/4443  loss=0.1085
    [train] iter 1780/4443  loss=0.1912
    [train] iter 1800/4443  loss=0.1875
    [train] iter 1820/4443  loss=0.1380
    [train] iter 1840/4443  loss=0.1787
    [train] iter 1860/4443  loss=0.1882
    [train] iter 1880/4443  loss=0.1719
    [train] iter 1900/4443  loss=0.1247
    [train] iter 1920/4443  loss=0.1461
    [train] iter 1940/4443  loss=0.2391
    [train] iter 1960/4443  loss=0.1325
    [train] iter 1980/4443  loss=0.2165
    [train] iter 2000/4443  loss=0.1964
    [train] iter 2020/4443  loss=0.1825
    [train] iter 2040/4443  loss=0.1694
    [train] iter 2060/4443  loss=0.1706
    [train] iter 2080/4443  loss=0.1460
    [train] iter 2100/4443  loss=0.2154
    [train] iter 2120/4443  loss=0.2058
    [train] iter 2140/4443  loss=0.1731
    [train] iter 2160/4443  loss=0.1182
    [train] iter 2180/4443  loss=0.1079
    [train] iter 2200/4443  loss=0.1403
    [train] iter 2220/4443  loss=0.1683
    [train] iter 2240/4443  loss=0.1275
    [train] iter 2260/4443  loss=0.1222
    [train] iter 2280/4443  loss=0.1934
    [train] iter 2300/4443  loss=0.2392
    [train] iter 2320/4443  loss=0.1991
    [train] iter 2340/4443  loss=0.1682
    [train] iter 2360/4443  loss=0.1027
    [train] iter 2380/4443  loss=0.1289
    [train] iter 2400/4443  loss=0.1711
    [train] iter 2420/4443  loss=0.1617
    [train] iter 2440/4443  loss=0.2103
    [train] iter 2460/4443  loss=0.0765
    [train] iter 2480/4443  loss=0.2164
    [train] iter 2500/4443  loss=0.1260
    [train] iter 2520/4443  loss=0.2213
    [train] iter 2540/4443  loss=0.2015
    [train] iter 2560/4443  loss=0.1439
    [train] iter 2580/4443  loss=0.0596
    [train] iter 2600/4443  loss=0.1613
    [train] iter 2620/4443  loss=0.1561
    [train] iter 2640/4443  loss=0.1107
    [train] iter 2660/4443  loss=0.1295
    [train] iter 2680/4443  loss=0.1109
    [train] iter 2700/4443  loss=0.1515
    [train] iter 2720/4443  loss=0.1479
    [train] iter 2740/4443  loss=0.1593
    [train] iter 2760/4443  loss=0.1127
    [train] iter 2780/4443  loss=0.0809
    [train] iter 2800/4443  loss=0.1375
    [train] iter 2820/4443  loss=0.1329
    [train] iter 2840/4443  loss=0.1172
    [train] iter 2860/4443  loss=0.0716
    [train] iter 2880/4443  loss=0.1417
    [train] iter 2900/4443  loss=0.1813
    [train] iter 2920/4443  loss=0.2025
    [train] iter 2940/4443  loss=0.1438
    [train] iter 2960/4443  loss=0.1875
    [train] iter 2980/4443  loss=0.1188
    [train] iter 3000/4443  loss=0.0823
    [train] iter 3020/4443  loss=0.1721
    [train] iter 3040/4443  loss=0.2382
    [train] iter 3060/4443  loss=0.2309
    [train] iter 3080/4443  loss=0.1154
    [train] iter 3100/4443  loss=0.1266
    [train] iter 3120/4443  loss=0.1458
    [train] iter 3140/4443  loss=0.1239
    [train] iter 3160/4443  loss=0.2182
    [train] iter 3180/4443  loss=0.1079
    [train] iter 3200/4443  loss=0.1582
    [train] iter 3220/4443  loss=0.1002
    [train] iter 3240/4443  loss=0.2105
    [train] iter 3260/4443  loss=0.1450
    [train] iter 3280/4443  loss=0.1346
    [train] iter 3300/4443  loss=0.1785
    [train] iter 3320/4443  loss=0.1490
    [train] iter 3340/4443  loss=0.2195
    [train] iter 3360/4443  loss=0.1723
    [train] iter 3380/4443  loss=0.1286
    [train] iter 3400/4443  loss=0.1665
    [train] iter 3420/4443  loss=0.2084
    [train] iter 3440/4443  loss=0.1079
    [train] iter 3460/4443  loss=0.2608
    [train] iter 3480/4443  loss=0.1933
    [train] iter 3500/4443  loss=0.2736
    [train] iter 3520/4443  loss=0.0892
    [train] iter 3540/4443  loss=0.2049
    [train] iter 3560/4443  loss=0.1374
    [train] iter 3580/4443  loss=0.1087
    [train] iter 3600/4443  loss=0.2146
    [train] iter 3620/4443  loss=0.2272
    [train] iter 3640/4443  loss=0.1704
    [train] iter 3660/4443  loss=0.1181
    [train] iter 3680/4443  loss=0.1663
    [train] iter 3700/4443  loss=0.1883
    [train] iter 3720/4443  loss=0.1660
    [train] iter 3740/4443  loss=0.2198
    [train] iter 3760/4443  loss=0.1136
    [train] iter 3780/4443  loss=0.2052
    [train] iter 3800/4443  loss=0.0843
    [train] iter 3820/4443  loss=0.1099
    [train] iter 3840/4443  loss=0.1833
    [train] iter 3860/4443  loss=0.1684
    [train] iter 3880/4443  loss=0.1079
    [train] iter 3900/4443  loss=0.1258
    [train] iter 3920/4443  loss=0.1289
    [train] iter 3940/4443  loss=0.0933
    [train] iter 3960/4443  loss=0.2111
    [train] iter 3980/4443  loss=0.1228
    [train] iter 4000/4443  loss=0.1346
    [train] iter 4020/4443  loss=0.1448
    [train] iter 4040/4443  loss=0.1202
    [train] iter 4060/4443  loss=0.1010
    [train] iter 4080/4443  loss=0.1325
    [train] iter 4100/4443  loss=0.1650
    [train] iter 4120/4443  loss=0.1530
    [train] iter 4140/4443  loss=0.1555
    [train] iter 4160/4443  loss=0.0813
    [train] iter 4180/4443  loss=0.0866
    [train] iter 4200/4443  loss=0.1463
    [train] iter 4220/4443  loss=0.2825
    [train] iter 4240/4443  loss=0.1595
    [train] iter 4260/4443  loss=0.2064
    [train] iter 4280/4443  loss=0.1888
    [train] iter 4300/4443  loss=0.0803
    [train] iter 4320/4443  loss=0.1596
    [train] iter 4340/4443  loss=0.1545
    [train] iter 4360/4443  loss=0.1153
    [train] iter 4380/4443  loss=0.2134
    [train] iter 4400/4443  loss=0.1146
    [train] iter 4420/4443  loss=0.0707
    [train] iter 4440/4443  loss=0.1270
  train_loss=0.1596  val_loss=0.1839  val_dice=0.7889

--- Epoch 39/100 (lr=2.05e-04) ---
    [train] iter 20/4443  loss=0.0823
    [train] iter 40/4443  loss=0.1225
    [train] iter 60/4443  loss=0.0985
    [train] iter 80/4443  loss=0.1370
    [train] iter 100/4443  loss=0.2378
    [train] iter 120/4443  loss=0.1862
    [train] iter 140/4443  loss=0.1164
    [train] iter 160/4443  loss=0.1486
    [train] iter 180/4443  loss=0.1355
    [train] iter 200/4443  loss=0.2098
    [train] iter 220/4443  loss=0.1606
    [train] iter 240/4443  loss=0.1815
    [train] iter 260/4443  loss=0.2308
    [train] iter 280/4443  loss=0.1777
    [train] iter 300/4443  loss=0.0597
    [train] iter 320/4443  loss=0.1019
    [train] iter 340/4443  loss=0.0765
    [train] iter 360/4443  loss=0.1054
    [train] iter 380/4443  loss=0.1338
    [train] iter 400/4443  loss=0.2340
    [train] iter 420/4443  loss=0.2005
    [train] iter 440/4443  loss=0.3089
    [train] iter 460/4443  loss=0.1483
    [train] iter 480/4443  loss=0.2243
    [train] iter 500/4443  loss=0.1309
    [train] iter 520/4443  loss=0.1181
    [train] iter 540/4443  loss=0.2542
    [train] iter 560/4443  loss=0.1323
    [train] iter 580/4443  loss=0.1330
    [train] iter 600/4443  loss=0.1987
    [train] iter 620/4443  loss=0.0934
    [train] iter 640/4443  loss=0.1003
    [train] iter 660/4443  loss=0.1811
    [train] iter 680/4443  loss=0.1516
    [train] iter 700/4443  loss=0.1115
    [train] iter 720/4443  loss=0.1487
    [train] iter 740/4443  loss=0.1511
    [train] iter 760/4443  loss=0.2388
    [train] iter 780/4443  loss=0.0774
    [train] iter 800/4443  loss=0.0839
    [train] iter 820/4443  loss=0.1482
    [train] iter 840/4443  loss=0.1223
    [train] iter 860/4443  loss=0.2581
    [train] iter 880/4443  loss=0.1542
    [train] iter 900/4443  loss=0.1496
    [train] iter 920/4443  loss=0.1591
    [train] iter 940/4443  loss=0.1489
    [train] iter 960/4443  loss=0.1515
    [train] iter 980/4443  loss=0.1310
    [train] iter 1000/4443  loss=0.1664
    [train] iter 1020/4443  loss=0.2229
    [train] iter 1040/4443  loss=0.1214
    [train] iter 1060/4443  loss=0.1769
    [train] iter 1080/4443  loss=0.1445
    [train] iter 1100/4443  loss=0.1257
    [train] iter 1120/4443  loss=0.1473
    [train] iter 1140/4443  loss=0.1171
    [train] iter 1160/4443  loss=0.1400
    [train] iter 1180/4443  loss=0.0880
    [train] iter 1200/4443  loss=0.1673
    [train] iter 1220/4443  loss=0.2453
    [train] iter 1240/4443  loss=0.1219
    [train] iter 1260/4443  loss=0.2673
    [train] iter 1280/4443  loss=0.0962
    [train] iter 1300/4443  loss=0.1894
    [train] iter 1320/4443  loss=0.1236
    [train] iter 1340/4443  loss=0.1812
    [train] iter 1360/4443  loss=0.1684
    [train] iter 1380/4443  loss=0.1438
    [train] iter 1400/4443  loss=0.1019
    [train] iter 1420/4443  loss=0.1398
    [train] iter 1440/4443  loss=0.1344
    [train] iter 1460/4443  loss=0.1351
    [train] iter 1480/4443  loss=0.1592
    [train] iter 1500/4443  loss=0.1688
    [train] iter 1520/4443  loss=0.1370
    [train] iter 1540/4443  loss=0.1579
    [train] iter 1560/4443  loss=0.1238
    [train] iter 1580/4443  loss=0.1814
    [train] iter 1600/4443  loss=0.2306
    [train] iter 1620/4443  loss=0.1751
    [train] iter 1640/4443  loss=0.1480
    [train] iter 1660/4443  loss=0.1166
    [train] iter 1680/4443  loss=0.1442
    [train] iter 1700/4443  loss=0.1655
    [train] iter 1720/4443  loss=0.2265
    [train] iter 1740/4443  loss=0.2565
    [train] iter 1760/4443  loss=0.1896
    [train] iter 1780/4443  loss=0.1705
    [train] iter 1800/4443  loss=0.2563
    [train] iter 1820/4443  loss=0.2358
    [train] iter 1840/4443  loss=0.0993
    [train] iter 1860/4443  loss=0.1381
    [train] iter 1880/4443  loss=0.0903
    [train] iter 1900/4443  loss=0.1902
    [train] iter 1920/4443  loss=0.1208
    [train] iter 1940/4443  loss=0.1569
    [train] iter 1960/4443  loss=0.1464
    [train] iter 1980/4443  loss=0.0906
    [train] iter 2000/4443  loss=0.1459
    [train] iter 2020/4443  loss=0.1210
    [train] iter 2040/4443  loss=0.1774
    [train] iter 2060/4443  loss=0.0846
    [train] iter 2080/4443  loss=0.1430
    [train] iter 2100/4443  loss=0.1350
    [train] iter 2120/4443  loss=0.0990
    [train] iter 2140/4443  loss=0.1045
    [train] iter 2160/4443  loss=0.1404
    [train] iter 2180/4443  loss=0.0825
    [train] iter 2200/4443  loss=0.0867
    [train] iter 2220/4443  loss=0.2465
    [train] iter 2240/4443  loss=0.2250
    [train] iter 2260/4443  loss=0.1173
    [train] iter 2280/4443  loss=0.2255
    [train] iter 2300/4443  loss=0.1416
    [train] iter 2320/4443  loss=0.1374
    [train] iter 2340/4443  loss=0.2002
    [train] iter 2360/4443  loss=0.0862
    [train] iter 2380/4443  loss=0.3049
    [train] iter 2400/4443  loss=0.2792
    [train] iter 2420/4443  loss=0.1415
    [train] iter 2440/4443  loss=0.0962
    [train] iter 2460/4443  loss=0.3087
    [train] iter 2480/4443  loss=0.2108
    [train] iter 2500/4443  loss=0.1086
    [train] iter 2520/4443  loss=0.1379
    [train] iter 2540/4443  loss=0.1779
    [train] iter 2560/4443  loss=0.2618
    [train] iter 2580/4443  loss=0.1035
    [train] iter 2600/4443  loss=0.2020
    [train] iter 2620/4443  loss=0.2202
    [train] iter 2640/4443  loss=0.1387
    [train] iter 2660/4443  loss=0.2231
    [train] iter 2680/4443  loss=0.0971
    [train] iter 2700/4443  loss=0.2725
    [train] iter 2720/4443  loss=0.1003
    [train] iter 2740/4443  loss=0.1282
    [train] iter 2760/4443  loss=0.1838
    [train] iter 2780/4443  loss=0.2163
    [train] iter 2800/4443  loss=0.1965
    [train] iter 2820/4443  loss=0.0938
    [train] iter 2840/4443  loss=0.1555
    [train] iter 2860/4443  loss=0.2094
    [train] iter 2880/4443  loss=0.2531
    [train] iter 2900/4443  loss=0.1219
    [train] iter 2920/4443  loss=0.1448
    [train] iter 2940/4443  loss=0.1469
    [train] iter 2960/4443  loss=0.1131
    [train] iter 2980/4443  loss=0.2180
    [train] iter 3000/4443  loss=0.0960
    [train] iter 3020/4443  loss=0.2158
    [train] iter 3040/4443  loss=0.1466
    [train] iter 3060/4443  loss=0.1596
    [train] iter 3080/4443  loss=0.1759
    [train] iter 3100/4443  loss=0.1517
    [train] iter 3120/4443  loss=0.0973
    [train] iter 3140/4443  loss=0.1109
    [train] iter 3160/4443  loss=0.1697
    [train] iter 3180/4443  loss=0.0905
    [train] iter 3200/4443  loss=0.2311
    [train] iter 3220/4443  loss=0.1926
    [train] iter 3240/4443  loss=0.1132
    [train] iter 3260/4443  loss=0.1070
    [train] iter 3280/4443  loss=0.2297
    [train] iter 3300/4443  loss=0.2853
    [train] iter 3320/4443  loss=0.1440
    [train] iter 3340/4443  loss=0.1433
    [train] iter 3360/4443  loss=0.1048
    [train] iter 3380/4443  loss=0.0876
    [train] iter 3400/4443  loss=0.1295
    [train] iter 3420/4443  loss=0.1901
    [train] iter 3440/4443  loss=0.1008
    [train] iter 3460/4443  loss=0.1801
    [train] iter 3480/4443  loss=0.1008
    [train] iter 3500/4443  loss=0.1280
    [train] iter 3520/4443  loss=0.2150
    [train] iter 3540/4443  loss=0.1742
    [train] iter 3560/4443  loss=0.0895
    [train] iter 3580/4443  loss=0.1381
    [train] iter 3600/4443  loss=0.1841
    [train] iter 3620/4443  loss=0.1231
    [train] iter 3640/4443  loss=0.0797
    [train] iter 3660/4443  loss=0.2344
    [train] iter 3680/4443  loss=0.1844
    [train] iter 3700/4443  loss=0.3591
    [train] iter 3720/4443  loss=0.2231
    [train] iter 3740/4443  loss=0.1178
    [train] iter 3760/4443  loss=0.1743
    [train] iter 3780/4443  loss=0.1442
    [train] iter 3800/4443  loss=0.1329
    [train] iter 3820/4443  loss=0.1379
    [train] iter 3840/4443  loss=0.2246
    [train] iter 3860/4443  loss=0.0785
    [train] iter 3880/4443  loss=0.2921
    [train] iter 3900/4443  loss=0.1310
    [train] iter 3920/4443  loss=0.1232
    [train] iter 3940/4443  loss=0.1250
    [train] iter 3960/4443  loss=0.2387
    [train] iter 3980/4443  loss=0.2512
    [train] iter 4000/4443  loss=0.1776
    [train] iter 4020/4443  loss=0.1369
    [train] iter 4040/4443  loss=0.1260
    [train] iter 4060/4443  loss=0.1109
    [train] iter 4080/4443  loss=0.2558
    [train] iter 4100/4443  loss=0.1777
    [train] iter 4120/4443  loss=0.0929
    [train] iter 4140/4443  loss=0.1125
    [train] iter 4160/4443  loss=0.1284
    [train] iter 4180/4443  loss=0.1607
    [train] iter 4200/4443  loss=0.1269
    [train] iter 4220/4443  loss=0.1587
    [train] iter 4240/4443  loss=0.1468
    [train] iter 4260/4443  loss=0.1725
    [train] iter 4280/4443  loss=0.1446
    [train] iter 4300/4443  loss=0.1463
    [train] iter 4320/4443  loss=0.0999
    [train] iter 4340/4443  loss=0.1604
    [train] iter 4360/4443  loss=0.1481
    [train] iter 4380/4443  loss=0.1347
    [train] iter 4400/4443  loss=0.0862
    [train] iter 4420/4443  loss=0.1355
    [train] iter 4440/4443  loss=0.1531
  train_loss=0.1588  val_loss=0.1749  val_dice=0.7976

--- Epoch 40/100 (lr=2.01e-04) ---
    [train] iter 20/4443  loss=0.1522
    [train] iter 40/4443  loss=0.1661
    [train] iter 60/4443  loss=0.1238
    [train] iter 80/4443  loss=0.0742
    [train] iter 100/4443  loss=0.1204
    [train] iter 120/4443  loss=0.1186
    [train] iter 140/4443  loss=0.1767
    [train] iter 160/4443  loss=0.1740
    [train] iter 180/4443  loss=0.1633
    [train] iter 200/4443  loss=0.0967
    [train] iter 220/4443  loss=0.2349
    [train] iter 240/4443  loss=0.2336
    [train] iter 260/4443  loss=0.1413
    [train] iter 280/4443  loss=0.1093
    [train] iter 300/4443  loss=0.1820
    [train] iter 320/4443  loss=0.1003
    [train] iter 340/4443  loss=0.1777
    [train] iter 360/4443  loss=0.2251
    [train] iter 380/4443  loss=0.0874
    [train] iter 400/4443  loss=0.1297
    [train] iter 420/4443  loss=0.2231
    [train] iter 440/4443  loss=0.3293
    [train] iter 460/4443  loss=0.1477
    [train] iter 480/4443  loss=0.1063
    [train] iter 500/4443  loss=0.1247
    [train] iter 520/4443  loss=0.1208
    [train] iter 540/4443  loss=0.1505
    [train] iter 560/4443  loss=0.1461
    [train] iter 580/4443  loss=0.1512
    [train] iter 600/4443  loss=0.1885
    [train] iter 620/4443  loss=0.1981
    [train] iter 640/4443  loss=0.1978
    [train] iter 660/4443  loss=0.1788
    [train] iter 680/4443  loss=0.1724
    [train] iter 700/4443  loss=0.1424
    [train] iter 720/4443  loss=0.1654
    [train] iter 740/4443  loss=0.1063
    [train] iter 760/4443  loss=0.2298
    [train] iter 780/4443  loss=0.2307
    [train] iter 800/4443  loss=0.1759
    [train] iter 820/4443  loss=0.1895
    [train] iter 840/4443  loss=0.1260
    [train] iter 860/4443  loss=0.2156
    [train] iter 880/4443  loss=0.1654
    [train] iter 900/4443  loss=0.0691
    [train] iter 920/4443  loss=0.0884
    [train] iter 940/4443  loss=0.0972
    [train] iter 960/4443  loss=0.0861
    [train] iter 980/4443  loss=0.1142
    [train] iter 1000/4443  loss=0.2106
    [train] iter 1020/4443  loss=0.2573
    [train] iter 1040/4443  loss=0.2152
    [train] iter 1060/4443  loss=0.1098
    [train] iter 1080/4443  loss=0.2629
    [train] iter 1100/4443  loss=0.2476
    [train] iter 1120/4443  loss=0.1631
    [train] iter 1140/4443  loss=0.1713
    [train] iter 1160/4443  loss=0.0749
    [train] iter 1180/4443  loss=0.1283
    [train] iter 1200/4443  loss=0.1399
    [train] iter 1220/4443  loss=0.1750
    [train] iter 1240/4443  loss=0.1359
    [train] iter 1260/4443  loss=0.1489
    [train] iter 1280/4443  loss=0.1425
    [train] iter 1300/4443  loss=0.1635
    [train] iter 1320/4443  loss=0.3736
    [train] iter 1340/4443  loss=0.1389
    [train] iter 1360/4443  loss=0.2182
    [train] iter 1380/4443  loss=0.2387
    [train] iter 1400/4443  loss=0.1707
    [train] iter 1420/4443  loss=0.1426
    [train] iter 1440/4443  loss=0.1673
    [train] iter 1460/4443  loss=0.1486
    [train] iter 1480/4443  loss=0.0698
    [train] iter 1500/4443  loss=0.2048
    [train] iter 1520/4443  loss=0.1813
    [train] iter 1540/4443  loss=0.1204
    [train] iter 1560/4443  loss=0.2346
    [train] iter 1580/4443  loss=0.1952
    [train] iter 1600/4443  loss=0.1429
    [train] iter 1620/4443  loss=0.1467
    [train] iter 1640/4443  loss=0.1492
    [train] iter 1660/4443  loss=0.0697
    [train] iter 1680/4443  loss=0.2449
    [train] iter 1700/4443  loss=0.3859
    [train] iter 1720/4443  loss=0.1289
    [train] iter 1740/4443  loss=0.1450
    [train] iter 1760/4443  loss=0.1517
    [train] iter 1780/4443  loss=0.1498
    [train] iter 1800/4443  loss=0.1101
    [train] iter 1820/4443  loss=0.1013
    [train] iter 1840/4443  loss=0.1199
    [train] iter 1860/4443  loss=0.1145
    [train] iter 1880/4443  loss=0.1542
    [train] iter 1900/4443  loss=0.2224
    [train] iter 1920/4443  loss=0.2219
    [train] iter 1940/4443  loss=0.1965
    [train] iter 1960/4443  loss=0.1657
    [train] iter 1980/4443  loss=0.0815
    [train] iter 2000/4443  loss=0.1674
    [train] iter 2020/4443  loss=0.0911
    [train] iter 2040/4443  loss=0.1259
    [train] iter 2060/4443  loss=0.1208
    [train] iter 2080/4443  loss=0.0924
    [train] iter 2100/4443  loss=0.1690
    [train] iter 2120/4443  loss=0.1293
    [train] iter 2140/4443  loss=0.1465
    [train] iter 2160/4443  loss=0.1127
    [train] iter 2180/4443  loss=0.1740
    [train] iter 2200/4443  loss=0.1303
    [train] iter 2220/4443  loss=0.0968
    [train] iter 2240/4443  loss=0.1878
    [train] iter 2260/4443  loss=0.2609
    [train] iter 2280/4443  loss=0.1683
    [train] iter 2300/4443  loss=0.2146
    [train] iter 2320/4443  loss=0.1094
    [train] iter 2340/4443  loss=0.1473
    [train] iter 2360/4443  loss=0.2707
    [train] iter 2380/4443  loss=0.1483
    [train] iter 2400/4443  loss=0.2654
    [train] iter 2420/4443  loss=0.2166
    [train] iter 2440/4443  loss=0.2817
    [train] iter 2460/4443  loss=0.2106
    [train] iter 2480/4443  loss=0.1439
    [train] iter 2500/4443  loss=0.1019
    [train] iter 2520/4443  loss=0.1413
    [train] iter 2540/4443  loss=0.0899
    [train] iter 2560/4443  loss=0.1544
    [train] iter 2580/4443  loss=0.1669
    [train] iter 2600/4443  loss=0.2206
    [train] iter 2620/4443  loss=0.2218
    [train] iter 2640/4443  loss=0.1829
    [train] iter 2660/4443  loss=0.1534
    [train] iter 2680/4443  loss=0.2164
    [train] iter 2700/4443  loss=0.0730
    [train] iter 2720/4443  loss=0.1603
    [train] iter 2740/4443  loss=0.1163
    [train] iter 2760/4443  loss=0.1460
    [train] iter 2780/4443  loss=0.1148
    [train] iter 2800/4443  loss=0.1772
    [train] iter 2820/4443  loss=0.0803
    [train] iter 2840/4443  loss=0.1731
    [train] iter 2860/4443  loss=0.1173
    [train] iter 2880/4443  loss=0.1894
    [train] iter 2900/4443  loss=0.1127
    [train] iter 2920/4443  loss=0.1064
    [train] iter 2940/4443  loss=0.1970
    [train] iter 2960/4443  loss=0.2006
    [train] iter 2980/4443  loss=0.2192
    [train] iter 3000/4443  loss=0.1615
    [train] iter 3020/4443  loss=0.1921
    [train] iter 3040/4443  loss=0.1098
    [train] iter 3060/4443  loss=0.1045
    [train] iter 3080/4443  loss=0.0863
    [train] iter 3100/4443  loss=0.1661
    [train] iter 3120/4443  loss=0.1902
    [train] iter 3140/4443  loss=0.1297
    [train] iter 3160/4443  loss=0.1292
    [train] iter 3180/4443  loss=0.1442
    [train] iter 3200/4443  loss=0.0939
    [train] iter 3220/4443  loss=0.1593
    [train] iter 3240/4443  loss=0.1597
    [train] iter 3260/4443  loss=0.1790
    [train] iter 3280/4443  loss=0.2076
    [train] iter 3300/4443  loss=0.1207
    [train] iter 3320/4443  loss=0.1813
    [train] iter 3340/4443  loss=0.1862
    [train] iter 3360/4443  loss=0.1570
    [train] iter 3380/4443  loss=0.1204
    [train] iter 3400/4443  loss=0.1289
    [train] iter 3420/4443  loss=0.1577
    [train] iter 3440/4443  loss=0.0856
    [train] iter 3460/4443  loss=0.1849
    [train] iter 3480/4443  loss=0.1382
    [train] iter 3500/4443  loss=0.1275
    [train] iter 3520/4443  loss=0.1181
    [train] iter 3540/4443  loss=0.2027
    [train] iter 3560/4443  loss=0.1800
    [train] iter 3580/4443  loss=0.2209
    [train] iter 3600/4443  loss=0.1084
    [train] iter 3620/4443  loss=0.1198
    [train] iter 3640/4443  loss=0.1210
    [train] iter 3660/4443  loss=0.1527
    [train] iter 3680/4443  loss=0.1022
    [train] iter 3700/4443  loss=0.1020
    [train] iter 3720/4443  loss=0.2449
    [train] iter 3740/4443  loss=0.1723
    [train] iter 3760/4443  loss=0.1722
    [train] iter 3780/4443  loss=0.3563
    [train] iter 3800/4443  loss=0.0867
    [train] iter 3820/4443  loss=0.0976
    [train] iter 3840/4443  loss=0.3286
    [train] iter 3860/4443  loss=0.1135
    [train] iter 3880/4443  loss=0.0993
    [train] iter 3900/4443  loss=0.1366
    [train] iter 3920/4443  loss=0.1268
    [train] iter 3940/4443  loss=0.3359
    [train] iter 3960/4443  loss=0.1308
    [train] iter 3980/4443  loss=0.3258
    [train] iter 4000/4443  loss=0.1901
    [train] iter 4020/4443  loss=0.1610
    [train] iter 4040/4443  loss=0.1193
    [train] iter 4060/4443  loss=0.1838
    [train] iter 4080/4443  loss=0.0976
    [train] iter 4100/4443  loss=0.1198
    [train] iter 4120/4443  loss=0.1658
    [train] iter 4140/4443  loss=0.1337
    [train] iter 4160/4443  loss=0.0974
    [train] iter 4180/4443  loss=0.1248
    [train] iter 4200/4443  loss=0.1550
    [train] iter 4220/4443  loss=0.1983
    [train] iter 4240/4443  loss=0.1708
    [train] iter 4260/4443  loss=0.1094
    [train] iter 4280/4443  loss=0.1950
    [train] iter 4300/4443  loss=0.1230
    [train] iter 4320/4443  loss=0.1866
    [train] iter 4340/4443  loss=0.1189
    [train] iter 4360/4443  loss=0.1342
    [train] iter 4380/4443  loss=0.1392
    [train] iter 4400/4443  loss=0.1699
    [train] iter 4420/4443  loss=0.1356
    [train] iter 4440/4443  loss=0.1835
  train_loss=0.1570  val_loss=0.1641  val_dice=0.8097
  [best] val_dice=0.8097 已保存

--- Epoch 41/100 (lr=1.96e-04) ---
    [train] iter 20/4443  loss=0.2547
    [train] iter 40/4443  loss=0.1239
    [train] iter 60/4443  loss=0.0701
    [train] iter 80/4443  loss=0.2129
    [train] iter 100/4443  loss=0.0756
    [train] iter 120/4443  loss=0.0954
    [train] iter 140/4443  loss=0.1067
    [train] iter 160/4443  loss=0.0940
    [train] iter 180/4443  loss=0.1459
    [train] iter 200/4443  loss=0.1748
    [train] iter 220/4443  loss=0.2446
    [train] iter 240/4443  loss=0.1887
    [train] iter 260/4443  loss=0.1074
    [train] iter 280/4443  loss=0.0768
    [train] iter 300/4443  loss=0.1948
    [train] iter 320/4443  loss=0.0941
    [train] iter 340/4443  loss=0.1911
    [train] iter 360/4443  loss=0.1083
    [train] iter 380/4443  loss=0.2190
    [train] iter 400/4443  loss=0.1427
    [train] iter 420/4443  loss=0.1700
    [train] iter 440/4443  loss=0.1539
    [train] iter 460/4443  loss=0.1802
    [train] iter 480/4443  loss=0.2419
    [train] iter 500/4443  loss=0.1103
    [train] iter 520/4443  loss=0.1068
    [train] iter 540/4443  loss=0.1406
    [train] iter 560/4443  loss=0.2157
    [train] iter 580/4443  loss=0.0948
    [train] iter 600/4443  loss=0.1587
    [train] iter 620/4443  loss=0.2458
    [train] iter 640/4443  loss=0.2169
    [train] iter 660/4443  loss=0.2727
    [train] iter 680/4443  loss=0.0877
    [train] iter 700/4443  loss=0.2400
    [train] iter 720/4443  loss=0.1785
    [train] iter 740/4443  loss=0.1708
    [train] iter 760/4443  loss=0.2413
    [train] iter 780/4443  loss=0.3491
    [train] iter 800/4443  loss=0.1087
    [train] iter 820/4443  loss=0.1285
    [train] iter 840/4443  loss=0.1507
    [train] iter 860/4443  loss=0.1878
    [train] iter 880/4443  loss=0.2602
    [train] iter 900/4443  loss=0.2738
    [train] iter 920/4443  loss=0.1379
    [train] iter 940/4443  loss=0.1805
    [train] iter 960/4443  loss=0.1436
    [train] iter 980/4443  loss=0.0975
    [train] iter 1000/4443  loss=0.1466
    [train] iter 1020/4443  loss=0.1058
    [train] iter 1040/4443  loss=0.1721
    [train] iter 1060/4443  loss=0.2259
    [train] iter 1080/4443  loss=0.1386
    [train] iter 1100/4443  loss=0.1638
    [train] iter 1120/4443  loss=0.1094
    [train] iter 1140/4443  loss=0.0876
    [train] iter 1160/4443  loss=0.1783
    [train] iter 1180/4443  loss=0.1435
    [train] iter 1200/4443  loss=0.2552
    [train] iter 1220/4443  loss=0.1552
    [train] iter 1240/4443  loss=0.1363
    [train] iter 1260/4443  loss=0.1245
    [train] iter 1280/4443  loss=0.0984
    [train] iter 1300/4443  loss=0.1674
    [train] iter 1320/4443  loss=0.1655
    [train] iter 1340/4443  loss=0.1216
    [train] iter 1360/4443  loss=0.1570
    [train] iter 1380/4443  loss=0.1322
    [train] iter 1400/4443  loss=0.1189
    [train] iter 1420/4443  loss=0.1486
    [train] iter 1440/4443  loss=0.1237
    [train] iter 1460/4443  loss=0.1555
    [train] iter 1480/4443  loss=0.2906
    [train] iter 1500/4443  loss=0.1284
    [train] iter 1520/4443  loss=0.1576
    [train] iter 1540/4443  loss=0.1594
    [train] iter 1560/4443  loss=0.3477
    [train] iter 1580/4443  loss=0.1152
    [train] iter 1600/4443  loss=0.0980
    [train] iter 1620/4443  loss=0.1184
    [train] iter 1640/4443  loss=0.0893
    [train] iter 1660/4443  loss=0.0992
    [train] iter 1680/4443  loss=0.2359
    [train] iter 1700/4443  loss=0.1410
    [train] iter 1720/4443  loss=0.1321
    [train] iter 1740/4443  loss=0.2007
    [train] iter 1760/4443  loss=0.1131
    [train] iter 1780/4443  loss=0.1936
    [train] iter 1800/4443  loss=0.1438
    [train] iter 1820/4443  loss=0.2549
    [train] iter 1840/4443  loss=0.2235
    [train] iter 1860/4443  loss=0.0773
    [train] iter 1880/4443  loss=0.2149
    [train] iter 1900/4443  loss=0.1950
    [train] iter 1920/4443  loss=0.1272
    [train] iter 1940/4443  loss=0.1351
    [train] iter 1960/4443  loss=0.1937
    [train] iter 1980/4443  loss=0.0859
    [train] iter 2000/4443  loss=0.1564
    [train] iter 2020/4443  loss=0.1195
    [train] iter 2040/4443  loss=0.1213
    [train] iter 2060/4443  loss=0.1017
    [train] iter 2080/4443  loss=0.1399
    [train] iter 2100/4443  loss=0.1285
    [train] iter 2120/4443  loss=0.2439
    [train] iter 2140/4443  loss=0.1804
    [train] iter 2160/4443  loss=0.1651
    [train] iter 2180/4443  loss=0.2349
    [train] iter 2200/4443  loss=0.0942
    [train] iter 2220/4443  loss=0.0610
    [train] iter 2240/4443  loss=0.1553
    [train] iter 2260/4443  loss=0.1714
    [train] iter 2280/4443  loss=0.1944
    [train] iter 2300/4443  loss=0.1220
    [train] iter 2320/4443  loss=0.1369
    [train] iter 2340/4443  loss=0.3047
    [train] iter 2360/4443  loss=0.1149
    [train] iter 2380/4443  loss=0.1753
    [train] iter 2400/4443  loss=0.1646
    [train] iter 2420/4443  loss=0.1250
    [train] iter 2440/4443  loss=0.1414
    [train] iter 2460/4443  loss=0.1706
    [train] iter 2480/4443  loss=0.1558
    [train] iter 2500/4443  loss=0.2177
    [train] iter 2520/4443  loss=0.1140
    [train] iter 2540/4443  loss=0.1337
    [train] iter 2560/4443  loss=0.1439
    [train] iter 2580/4443  loss=0.1899
    [train] iter 2600/4443  loss=0.2098
    [train] iter 2620/4443  loss=0.1700
    [train] iter 2640/4443  loss=0.1248
    [train] iter 2660/4443  loss=0.1795
    [train] iter 2680/4443  loss=0.1377
    [train] iter 2700/4443  loss=0.1459
    [train] iter 2720/4443  loss=0.1739
    [train] iter 2740/4443  loss=0.1437
    [train] iter 2760/4443  loss=0.1090
    [train] iter 2780/4443  loss=0.0729
    [train] iter 2800/4443  loss=0.1258
    [train] iter 2820/4443  loss=0.1402
    [train] iter 2840/4443  loss=0.1253
    [train] iter 2860/4443  loss=0.1613
    [train] iter 2880/4443  loss=0.1597
    [train] iter 2900/4443  loss=0.2047
    [train] iter 2920/4443  loss=0.1480
    [train] iter 2940/4443  loss=0.1091
    [train] iter 2960/4443  loss=0.3078
    [train] iter 2980/4443  loss=0.2017
    [train] iter 3000/4443  loss=0.1778
    [train] iter 3020/4443  loss=0.2420
    [train] iter 3040/4443  loss=0.1975
    [train] iter 3060/4443  loss=0.1709
    [train] iter 3080/4443  loss=0.1777
    [train] iter 3100/4443  loss=0.1078
    [train] iter 3120/4443  loss=0.1619
    [train] iter 3140/4443  loss=0.1494
    [train] iter 3160/4443  loss=0.1079
    [train] iter 3180/4443  loss=0.1481
    [train] iter 3200/4443  loss=0.1503
    [train] iter 3220/4443  loss=0.0946
    [train] iter 3240/4443  loss=0.2024
    [train] iter 3260/4443  loss=0.1622
    [train] iter 3280/4443  loss=0.1508
    [train] iter 3300/4443  loss=0.1137
    [train] iter 3320/4443  loss=0.1541
    [train] iter 3340/4443  loss=0.1006
    [train] iter 3360/4443  loss=0.1095
    [train] iter 3380/4443  loss=0.1741
    [train] iter 3400/4443  loss=0.1073
    [train] iter 3420/4443  loss=0.2508
    [train] iter 3440/4443  loss=0.2184
    [train] iter 3460/4443  loss=0.3360
    [train] iter 3480/4443  loss=0.1369
    [train] iter 3500/4443  loss=0.1622
    [train] iter 3520/4443  loss=0.1501
    [train] iter 3540/4443  loss=0.2633
    [train] iter 3560/4443  loss=0.1421
    [train] iter 3580/4443  loss=0.1237
    [train] iter 3600/4443  loss=0.1212
    [train] iter 3620/4443  loss=0.1234
    [train] iter 3640/4443  loss=0.1305
    [train] iter 3660/4443  loss=0.1227
    [train] iter 3680/4443  loss=0.1600
    [train] iter 3700/4443  loss=0.1334
    [train] iter 3720/4443  loss=0.2635
    [train] iter 3740/4443  loss=0.2645
    [train] iter 3760/4443  loss=0.1351
    [train] iter 3780/4443  loss=0.1112
    [train] iter 3800/4443  loss=0.2378
    [train] iter 3820/4443  loss=0.1115
    [train] iter 3840/4443  loss=0.1011
    [train] iter 3860/4443  loss=0.1551
    [train] iter 3880/4443  loss=0.1660
    [train] iter 3900/4443  loss=0.1726
    [train] iter 3920/4443  loss=0.0887
    [train] iter 3940/4443  loss=0.1247
    [train] iter 3960/4443  loss=0.0894
    [train] iter 3980/4443  loss=0.2092
    [train] iter 4000/4443  loss=0.1245
    [train] iter 4020/4443  loss=0.1106
    [train] iter 4040/4443  loss=0.1423
    [train] iter 4060/4443  loss=0.1392
    [train] iter 4080/4443  loss=0.1599
    [train] iter 4100/4443  loss=0.1433
    [train] iter 4120/4443  loss=0.1400
    [train] iter 4140/4443  loss=0.1085
    [train] iter 4160/4443  loss=0.1914
    [train] iter 4180/4443  loss=0.0795
    [train] iter 4200/4443  loss=0.2839
    [train] iter 4220/4443  loss=0.1401
    [train] iter 4240/4443  loss=0.1410
    [train] iter 4260/4443  loss=0.1246
    [train] iter 4280/4443  loss=0.1355
    [train] iter 4300/4443  loss=0.1176
    [train] iter 4320/4443  loss=0.1608
    [train] iter 4340/4443  loss=0.1128
    [train] iter 4360/4443  loss=0.1542
    [train] iter 4380/4443  loss=0.1665
    [train] iter 4400/4443  loss=0.1269
    [train] iter 4420/4443  loss=0.1168
    [train] iter 4440/4443  loss=0.0955
  train_loss=0.1568  val_loss=0.1685  val_dice=0.8037

--- Epoch 42/100 (lr=1.92e-04) ---
    [train] iter 20/4443  loss=0.0760
    [train] iter 40/4443  loss=0.1393
    [train] iter 60/4443  loss=0.0896
    [train] iter 80/4443  loss=0.0911
    [train] iter 100/4443  loss=0.0938
    [train] iter 120/4443  loss=0.2343
    [train] iter 140/4443  loss=0.1126
    [train] iter 160/4443  loss=0.1734
    [train] iter 180/4443  loss=0.1413
    [train] iter 200/4443  loss=0.1132
    [train] iter 220/4443  loss=0.1086
    [train] iter 240/4443  loss=0.1352
    [train] iter 260/4443  loss=0.2047
    [train] iter 280/4443  loss=0.1595
    [train] iter 300/4443  loss=0.2883
    [train] iter 320/4443  loss=0.2408
    [train] iter 340/4443  loss=0.1649
    [train] iter 360/4443  loss=0.0980
    [train] iter 380/4443  loss=0.0964
    [train] iter 400/4443  loss=0.1692
    [train] iter 420/4443  loss=0.1374
    [train] iter 440/4443  loss=0.2263
    [train] iter 460/4443  loss=0.1490
    [train] iter 480/4443  loss=0.1932
    [train] iter 500/4443  loss=0.1657
    [train] iter 520/4443  loss=0.2005
    [train] iter 540/4443  loss=0.1184
    [train] iter 560/4443  loss=0.0915
    [train] iter 580/4443  loss=0.2391
    [train] iter 600/4443  loss=0.1646
    [train] iter 620/4443  loss=0.1174
    [train] iter 640/4443  loss=0.1427
    [train] iter 660/4443  loss=0.1537
    [train] iter 680/4443  loss=0.1099
    [train] iter 700/4443  loss=0.1998
    [train] iter 720/4443  loss=0.1679
    [train] iter 740/4443  loss=0.2738
    [train] iter 760/4443  loss=0.1726
    [train] iter 780/4443  loss=0.1137
    [train] iter 800/4443  loss=0.1842
    [train] iter 820/4443  loss=0.2317
    [train] iter 840/4443  loss=0.2336
    [train] iter 860/4443  loss=0.2365
    [train] iter 880/4443  loss=0.1761
    [train] iter 900/4443  loss=0.1466
    [train] iter 920/4443  loss=0.1372
    [train] iter 940/4443  loss=0.0902
    [train] iter 960/4443  loss=0.1427
    [train] iter 980/4443  loss=0.1608
    [train] iter 1000/4443  loss=0.1056
    [train] iter 1020/4443  loss=0.1434
    [train] iter 1040/4443  loss=0.1534
    [train] iter 1060/4443  loss=0.2067
    [train] iter 1080/4443  loss=0.1080
    [train] iter 1100/4443  loss=0.1445
    [train] iter 1120/4443  loss=0.1837
    [train] iter 1140/4443  loss=0.1439
    [train] iter 1160/4443  loss=0.1062
    [train] iter 1180/4443  loss=0.1170
    [train] iter 1200/4443  loss=0.1690
    [train] iter 1220/4443  loss=0.0833
    [train] iter 1240/4443  loss=0.1852
    [train] iter 1260/4443  loss=0.1487
    [train] iter 1280/4443  loss=0.1534
    [train] iter 1300/4443  loss=0.1887
    [train] iter 1320/4443  loss=0.1171
    [train] iter 1340/4443  loss=0.1678
    [train] iter 1360/4443  loss=0.1711
    [train] iter 1380/4443  loss=0.1893
    [train] iter 1400/4443  loss=0.1328
    [train] iter 1420/4443  loss=0.1695
    [train] iter 1440/4443  loss=0.0861
    [train] iter 1460/4443  loss=0.2166
    [train] iter 1480/4443  loss=0.1643
    [train] iter 1500/4443  loss=0.2563
    [train] iter 1520/4443  loss=0.1862
    [train] iter 1540/4443  loss=0.2465
    [train] iter 1560/4443  loss=0.2838
    [train] iter 1580/4443  loss=0.1569
    [train] iter 1600/4443  loss=0.1539
    [train] iter 1620/4443  loss=0.1398
    [train] iter 1640/4443  loss=0.1349
    [train] iter 1660/4443  loss=0.2135
    [train] iter 1680/4443  loss=0.2086
    [train] iter 1700/4443  loss=0.1935
    [train] iter 1720/4443  loss=0.1257
    [train] iter 1740/4443  loss=0.0804
    [train] iter 1760/4443  loss=0.1588
    [train] iter 1780/4443  loss=0.2208
    [train] iter 1800/4443  loss=0.1423
    [train] iter 1820/4443  loss=0.3907
    [train] iter 1840/4443  loss=0.1691
    [train] iter 1860/4443  loss=0.1364
    [train] iter 1880/4443  loss=0.2607
    [train] iter 1900/4443  loss=0.1931
    [train] iter 1920/4443  loss=0.1250
    [train] iter 1940/4443  loss=0.2826
    [train] iter 1960/4443  loss=0.2572
    [train] iter 1980/4443  loss=0.1232
    [train] iter 2000/4443  loss=0.2617
    [train] iter 2020/4443  loss=0.1701
    [train] iter 2040/4443  loss=0.1862
    [train] iter 2060/4443  loss=0.1369
    [train] iter 2080/4443  loss=0.1082
    [train] iter 2100/4443  loss=0.1010
    [train] iter 2120/4443  loss=0.1510
    [train] iter 2140/4443  loss=0.1168
    [train] iter 2160/4443  loss=0.1416
    [train] iter 2180/4443  loss=0.1531
    [train] iter 2200/4443  loss=0.1834
    [train] iter 2220/4443  loss=0.1462
    [train] iter 2240/4443  loss=0.1543
    [train] iter 2260/4443  loss=0.1843
    [train] iter 2280/4443  loss=0.1600
    [train] iter 2300/4443  loss=0.1789
    [train] iter 2320/4443  loss=0.1713
    [train] iter 2340/4443  loss=0.1031
    [train] iter 2360/4443  loss=0.1046
    [train] iter 2380/4443  loss=0.1311
    [train] iter 2400/4443  loss=0.1661
    [train] iter 2420/4443  loss=0.1740
    [train] iter 2440/4443  loss=0.1687
    [train] iter 2460/4443  loss=0.1982
    [train] iter 2480/4443  loss=0.2109
    [train] iter 2500/4443  loss=0.2119
    [train] iter 2520/4443  loss=0.1938
    [train] iter 2540/4443  loss=0.1141
    [train] iter 2560/4443  loss=0.2735
    [train] iter 2580/4443  loss=0.2198
    [train] iter 2600/4443  loss=0.0915
    [train] iter 2620/4443  loss=0.1649
    [train] iter 2640/4443  loss=0.2772
    [train] iter 2660/4443  loss=0.1652
    [train] iter 2680/4443  loss=0.1580
    [train] iter 2700/4443  loss=0.1327
    [train] iter 2720/4443  loss=0.1736
    [train] iter 2740/4443  loss=0.2115
    [train] iter 2760/4443  loss=0.1596
    [train] iter 2780/4443  loss=0.1401
    [train] iter 2800/4443  loss=0.1109
    [train] iter 2820/4443  loss=0.2445
    [train] iter 2840/4443  loss=0.1063
    [train] iter 2860/4443  loss=0.1748
    [train] iter 2880/4443  loss=0.1174
    [train] iter 2900/4443  loss=0.1319
    [train] iter 2920/4443  loss=0.1122
    [train] iter 2940/4443  loss=0.0781
    [train] iter 2960/4443  loss=0.1046
    [train] iter 2980/4443  loss=0.1497
    [train] iter 3000/4443  loss=0.1752
    [train] iter 3020/4443  loss=0.1605
    [train] iter 3040/4443  loss=0.0828
    [train] iter 3060/4443  loss=0.1498
    [train] iter 3080/4443  loss=0.1696
    [train] iter 3100/4443  loss=0.1871
    [train] iter 3120/4443  loss=0.1764
    [train] iter 3140/4443  loss=0.1045
    [train] iter 3160/4443  loss=0.0889
    [train] iter 3180/4443  loss=0.0883
    [train] iter 3200/4443  loss=0.2069
    [train] iter 3220/4443  loss=0.0956
    [train] iter 3240/4443  loss=0.1128
    [train] iter 3260/4443  loss=0.0692
    [train] iter 3280/4443  loss=0.1363
    [train] iter 3300/4443  loss=0.1871
    [train] iter 3320/4443  loss=0.1870
    [train] iter 3340/4443  loss=0.0893
    [train] iter 3360/4443  loss=0.0752
    [train] iter 3380/4443  loss=0.1476
    [train] iter 3400/4443  loss=0.1168
    [train] iter 3420/4443  loss=0.1171
    [train] iter 3440/4443  loss=0.1951
    [train] iter 3460/4443  loss=0.1922
    [train] iter 3480/4443  loss=0.1760
    [train] iter 3500/4443  loss=0.2591
    [train] iter 3520/4443  loss=0.1949
    [train] iter 3540/4443  loss=0.2328
    [train] iter 3560/4443  loss=0.2410
    [train] iter 3580/4443  loss=0.2178
    [train] iter 3600/4443  loss=0.1552
    [train] iter 3620/4443  loss=0.1880
    [train] iter 3640/4443  loss=0.2373
    [train] iter 3660/4443  loss=0.1009
    [train] iter 3680/4443  loss=0.1410
    [train] iter 3700/4443  loss=0.1064
    [train] iter 3720/4443  loss=0.0934
    [train] iter 3740/4443  loss=0.1931
    [train] iter 3760/4443  loss=0.1214
    [train] iter 3780/4443  loss=0.2932
    [train] iter 3800/4443  loss=0.1147
    [train] iter 3820/4443  loss=0.1850
    [train] iter 3840/4443  loss=0.0892
    [train] iter 3860/4443  loss=0.2373
    [train] iter 3880/4443  loss=0.1475
    [train] iter 3900/4443  loss=0.1665
    [train] iter 3920/4443  loss=0.1871
    [train] iter 3940/4443  loss=0.1503
    [train] iter 3960/4443  loss=0.0943
    [train] iter 3980/4443  loss=0.1979
    [train] iter 4000/4443  loss=0.0823
    [train] iter 4020/4443  loss=0.1209
    [train] iter 4040/4443  loss=0.1842
    [train] iter 4060/4443  loss=0.1537
    [train] iter 4080/4443  loss=0.2047
    [train] iter 4100/4443  loss=0.1975
    [train] iter 4120/4443  loss=0.1547
    [train] iter 4140/4443  loss=0.1210
    [train] iter 4160/4443  loss=0.1682
    [train] iter 4180/4443  loss=0.0830
    [train] iter 4200/4443  loss=0.2077
    [train] iter 4220/4443  loss=0.2530
    [train] iter 4240/4443  loss=0.2783
    [train] iter 4260/4443  loss=0.2005
    [train] iter 4280/4443  loss=0.1218
    [train] iter 4300/4443  loss=0.3445
    [train] iter 4320/4443  loss=0.1324
    [train] iter 4340/4443  loss=0.1416
    [train] iter 4360/4443  loss=0.1047
    [train] iter 4380/4443  loss=0.1063
    [train] iter 4400/4443  loss=0.1083
    [train] iter 4420/4443  loss=0.0902
    [train] iter 4440/4443  loss=0.1166
  train_loss=0.1572  val_loss=0.1682  val_dice=0.8051

--- Epoch 43/100 (lr=1.87e-04) ---
    [train] iter 20/4443  loss=0.1153
    [train] iter 40/4443  loss=0.1224
    [train] iter 60/4443  loss=0.2835
    [train] iter 80/4443  loss=0.1472
    [train] iter 100/4443  loss=0.2723
    [train] iter 120/4443  loss=0.1409
    [train] iter 140/4443  loss=0.1636
    [train] iter 160/4443  loss=0.1024
    [train] iter 180/4443  loss=0.0691
    [train] iter 200/4443  loss=0.1667
    [train] iter 220/4443  loss=0.1929
    [train] iter 240/4443  loss=0.1864
    [train] iter 260/4443  loss=0.1080
    [train] iter 280/4443  loss=0.1037
    [train] iter 300/4443  loss=0.0780
    [train] iter 320/4443  loss=0.2157
    [train] iter 340/4443  loss=0.1376
    [train] iter 360/4443  loss=0.2236
    [train] iter 380/4443  loss=0.1880
    [train] iter 400/4443  loss=0.1544
    [train] iter 420/4443  loss=0.1306
    [train] iter 440/4443  loss=0.1710
    [train] iter 460/4443  loss=0.2363
    [train] iter 480/4443  loss=0.1437
    [train] iter 500/4443  loss=0.1207
    [train] iter 520/4443  loss=0.1251
    [train] iter 540/4443  loss=0.1548
    [train] iter 560/4443  loss=0.1721
    [train] iter 580/4443  loss=0.1654
    [train] iter 600/4443  loss=0.1994
    [train] iter 620/4443  loss=0.0661
    [train] iter 640/4443  loss=0.1207
    [train] iter 660/4443  loss=0.1327
    [train] iter 680/4443  loss=0.0945
    [train] iter 700/4443  loss=0.1269
    [train] iter 720/4443  loss=0.1235
    [train] iter 740/4443  loss=0.1734
    [train] iter 760/4443  loss=0.1639
    [train] iter 780/4443  loss=0.2068
    [train] iter 800/4443  loss=0.1835
    [train] iter 820/4443  loss=0.1202
    [train] iter 840/4443  loss=0.1493
    [train] iter 860/4443  loss=0.1537
    [train] iter 880/4443  loss=0.1191
    [train] iter 900/4443  loss=0.1300
    [train] iter 920/4443  loss=0.2215
    [train] iter 940/4443  loss=0.1128
    [train] iter 960/4443  loss=0.0733
    [train] iter 980/4443  loss=0.2373
    [train] iter 1000/4443  loss=0.1207
    [train] iter 1020/4443  loss=0.2055
    [train] iter 1040/4443  loss=0.1394
    [train] iter 1060/4443  loss=0.2193
    [train] iter 1080/4443  loss=0.0942
    [train] iter 1100/4443  loss=0.3872
    [train] iter 1120/4443  loss=0.1738
    [train] iter 1140/4443  loss=0.0860
    [train] iter 1160/4443  loss=0.2361
    [train] iter 1180/4443  loss=0.0846
    [train] iter 1200/4443  loss=0.1799
    [train] iter 1220/4443  loss=0.0981
    [train] iter 1240/4443  loss=0.2117
    [train] iter 1260/4443  loss=0.1459
    [train] iter 1280/4443  loss=0.0978
    [train] iter 1300/4443  loss=0.1085
    [train] iter 1320/4443  loss=0.1612
    [train] iter 1340/4443  loss=0.1233
    [train] iter 1360/4443  loss=0.2078
    [train] iter 1380/4443  loss=0.1199
    [train] iter 1400/4443  loss=0.1624
    [train] iter 1420/4443  loss=0.1208
    [train] iter 1440/4443  loss=0.0901
    [train] iter 1460/4443  loss=0.1113
    [train] iter 1480/4443  loss=0.0598
    [train] iter 1500/4443  loss=0.1894
    [train] iter 1520/4443  loss=0.1228
    [train] iter 1540/4443  loss=0.0885
    [train] iter 1560/4443  loss=0.1536
    [train] iter 1580/4443  loss=0.1054
    [train] iter 1600/4443  loss=0.0838
    [train] iter 1620/4443  loss=0.2984
    [train] iter 1640/4443  loss=0.1795
    [train] iter 1660/4443  loss=0.1272
    [train] iter 1680/4443  loss=0.1539
    [train] iter 1700/4443  loss=0.2204
    [train] iter 1720/4443  loss=0.1748
    [train] iter 1740/4443  loss=0.1765
    [train] iter 1760/4443  loss=0.2205
    [train] iter 1780/4443  loss=0.1941
    [train] iter 1800/4443  loss=0.0751
    [train] iter 1820/4443  loss=0.1882
    [train] iter 1840/4443  loss=0.1109
    [train] iter 1860/4443  loss=0.1052
    [train] iter 1880/4443  loss=0.1509
    [train] iter 1900/4443  loss=0.1054
    [train] iter 1920/4443  loss=0.2347
    [train] iter 1940/4443  loss=0.2350
    [train] iter 1960/4443  loss=0.1100
    [train] iter 1980/4443  loss=0.1391
    [train] iter 2000/4443  loss=0.0724
    [train] iter 2020/4443  loss=0.1425
    [train] iter 2040/4443  loss=0.1918
    [train] iter 2060/4443  loss=0.1175
    [train] iter 2080/4443  loss=0.2006
    [train] iter 2100/4443  loss=0.2257
    [train] iter 2120/4443  loss=0.2089
    [train] iter 2140/4443  loss=0.1706
    [train] iter 2160/4443  loss=0.1754
    [train] iter 2180/4443  loss=0.1907
    [train] iter 2200/4443  loss=0.1786
    [train] iter 2220/4443  loss=0.0983
    [train] iter 2240/4443  loss=0.1797
    [train] iter 2260/4443  loss=0.1599
    [train] iter 2280/4443  loss=0.2796
    [train] iter 2300/4443  loss=0.1607
    [train] iter 2320/4443  loss=0.1496
    [train] iter 2340/4443  loss=0.2040
    [train] iter 2360/4443  loss=0.2232
    [train] iter 2380/4443  loss=0.1314
    [train] iter 2400/4443  loss=0.1430
    [train] iter 2420/4443  loss=0.1236
    [train] iter 2440/4443  loss=0.2082
    [train] iter 2460/4443  loss=0.1501
    [train] iter 2480/4443  loss=0.1241
    [train] iter 2500/4443  loss=0.0841
    [train] iter 2520/4443  loss=0.1795
    [train] iter 2540/4443  loss=0.2750
    [train] iter 2560/4443  loss=0.1457
    [train] iter 2580/4443  loss=0.1724
    [train] iter 2600/4443  loss=0.0819
    [train] iter 2620/4443  loss=0.2044
    [train] iter 2640/4443  loss=0.1734
    [train] iter 2660/4443  loss=0.1630
    [train] iter 2680/4443  loss=0.1992
    [train] iter 2700/4443  loss=0.2770
    [train] iter 2720/4443  loss=0.1613
    [train] iter 2740/4443  loss=0.1469
    [train] iter 2760/4443  loss=0.1381
    [train] iter 2780/4443  loss=0.1535
    [train] iter 2800/4443  loss=0.0669
    [train] iter 2820/4443  loss=0.1238
    [train] iter 2840/4443  loss=0.0772
    [train] iter 2860/4443  loss=0.0812
    [train] iter 2880/4443  loss=0.1298
    [train] iter 2900/4443  loss=0.1763
    [train] iter 2920/4443  loss=0.1239
    [train] iter 2940/4443  loss=0.1331
    [train] iter 2960/4443  loss=0.1733
    [train] iter 2980/4443  loss=0.1397
    [train] iter 3000/4443  loss=0.1325
    [train] iter 3020/4443  loss=0.1121
    [train] iter 3040/4443  loss=0.0810
    [train] iter 3060/4443  loss=0.0844
    [train] iter 3080/4443  loss=0.2614
    [train] iter 3100/4443  loss=0.0853
    [train] iter 3120/4443  loss=0.1627
    [train] iter 3140/4443  loss=0.1078
    [train] iter 3160/4443  loss=0.1880
    [train] iter 3180/4443  loss=0.1520
    [train] iter 3200/4443  loss=0.0905
    [train] iter 3220/4443  loss=0.0973
    [train] iter 3240/4443  loss=0.1960
    [train] iter 3260/4443  loss=0.1033
    [train] iter 3280/4443  loss=0.1007
    [train] iter 3300/4443  loss=0.1947
    [train] iter 3320/4443  loss=0.1920
    [train] iter 3340/4443  loss=0.1310
    [train] iter 3360/4443  loss=0.2959
    [train] iter 3380/4443  loss=0.1427
    [train] iter 3400/4443  loss=0.1701
    [train] iter 3420/4443  loss=0.1698
    [train] iter 3440/4443  loss=0.2110
    [train] iter 3460/4443  loss=0.1337
    [train] iter 3480/4443  loss=0.0962
    [train] iter 3500/4443  loss=0.1599
    [train] iter 3520/4443  loss=0.1197
    [train] iter 3540/4443  loss=0.1156
    [train] iter 3560/4443  loss=0.1134
    [train] iter 3580/4443  loss=0.1492
    [train] iter 3600/4443  loss=0.1183
    [train] iter 3620/4443  loss=0.0856
    [train] iter 3640/4443  loss=0.1824
    [train] iter 3660/4443  loss=0.1295
    [train] iter 3680/4443  loss=0.1562
    [train] iter 3700/4443  loss=0.2220
    [train] iter 3720/4443  loss=0.1861
    [train] iter 3740/4443  loss=0.1000
    [train] iter 3760/4443  loss=0.2058
    [train] iter 3780/4443  loss=0.2407
    [train] iter 3800/4443  loss=0.0996
    [train] iter 3820/4443  loss=0.1485
    [train] iter 3840/4443  loss=0.2286
    [train] iter 3860/4443  loss=0.0929
    [train] iter 3880/4443  loss=0.1465
    [train] iter 3900/4443  loss=0.0718
    [train] iter 3920/4443  loss=0.0838
    [train] iter 3940/4443  loss=0.2364
    [train] iter 3960/4443  loss=0.1868
    [train] iter 3980/4443  loss=0.2622
    [train] iter 4000/4443  loss=0.1659
    [train] iter 4020/4443  loss=0.1736
    [train] iter 4040/4443  loss=0.1146
    [train] iter 4060/4443  loss=0.1434
    [train] iter 4080/4443  loss=0.1422
    [train] iter 4100/4443  loss=0.1411
    [train] iter 4120/4443  loss=0.1294
    [train] iter 4140/4443  loss=0.1886
    [train] iter 4160/4443  loss=0.1885
    [train] iter 4180/4443  loss=0.1754
    [train] iter 4200/4443  loss=0.2653
    [train] iter 4220/4443  loss=0.1414
    [train] iter 4240/4443  loss=0.2219
    [train] iter 4260/4443  loss=0.1681
    [train] iter 4280/4443  loss=0.1435
    [train] iter 4300/4443  loss=0.1932
    [train] iter 4320/4443  loss=0.1451
    [train] iter 4340/4443  loss=0.2787
    [train] iter 4360/4443  loss=0.2220
    [train] iter 4380/4443  loss=0.1078
    [train] iter 4400/4443  loss=0.1162
    [train] iter 4420/4443  loss=0.1394
    [train] iter 4440/4443  loss=0.2357
  train_loss=0.1569  val_loss=0.1672  val_dice=0.8061

--- Epoch 44/100 (lr=1.83e-04) ---
    [train] iter 20/4443  loss=0.2764
    [train] iter 40/4443  loss=0.1692
    [train] iter 60/4443  loss=0.1604
    [train] iter 80/4443  loss=0.1063
    [train] iter 100/4443  loss=0.1439
    [train] iter 120/4443  loss=0.2067
    [train] iter 140/4443  loss=0.0854
    [train] iter 160/4443  loss=0.1999
    [train] iter 180/4443  loss=0.0987
    [train] iter 200/4443  loss=0.1904
    [train] iter 220/4443  loss=0.1340
    [train] iter 240/4443  loss=0.1221
    [train] iter 260/4443  loss=0.1989
    [train] iter 280/4443  loss=0.1170
    [train] iter 300/4443  loss=0.1132
    [train] iter 320/4443  loss=0.0780
    [train] iter 340/4443  loss=0.1543
    [train] iter 360/4443  loss=0.2411
    [train] iter 380/4443  loss=0.1170
    [train] iter 400/4443  loss=0.2536
    [train] iter 420/4443  loss=0.1776
    [train] iter 440/4443  loss=0.1245
    [train] iter 460/4443  loss=0.2292
    [train] iter 480/4443  loss=0.2761
    [train] iter 500/4443  loss=0.2359
    [train] iter 520/4443  loss=0.1322
    [train] iter 540/4443  loss=0.1756
    [train] iter 560/4443  loss=0.1414
    [train] iter 580/4443  loss=0.1973
    [train] iter 600/4443  loss=0.1826
    [train] iter 620/4443  loss=0.1193
    [train] iter 640/4443  loss=0.1632
    [train] iter 660/4443  loss=0.1682
    [train] iter 680/4443  loss=0.1875
    [train] iter 700/4443  loss=0.1062
    [train] iter 720/4443  loss=0.1003
    [train] iter 740/4443  loss=0.1945
    [train] iter 760/4443  loss=0.2291
    [train] iter 780/4443  loss=0.1683
    [train] iter 800/4443  loss=0.0855
    [train] iter 820/4443  loss=0.1261
    [train] iter 840/4443  loss=0.1585
    [train] iter 860/4443  loss=0.1450
    [train] iter 880/4443  loss=0.1730
    [train] iter 900/4443  loss=0.1318
    [train] iter 920/4443  loss=0.2498
    [train] iter 940/4443  loss=0.1588
    [train] iter 960/4443  loss=0.1689
    [train] iter 980/4443  loss=0.1373
    [train] iter 1000/4443  loss=0.1383
    [train] iter 1020/4443  loss=0.0728
    [train] iter 1040/4443  loss=0.1803
    [train] iter 1060/4443  loss=0.1592
    [train] iter 1080/4443  loss=0.1476
    [train] iter 1100/4443  loss=0.0812
    [train] iter 1120/4443  loss=0.2737
    [train] iter 1140/4443  loss=0.2034
    [train] iter 1160/4443  loss=0.1542
    [train] iter 1180/4443  loss=0.1630
    [train] iter 1200/4443  loss=0.1906
    [train] iter 1220/4443  loss=0.2012
    [train] iter 1240/4443  loss=0.1476
    [train] iter 1260/4443  loss=0.1276
    [train] iter 1280/4443  loss=0.1660
    [train] iter 1300/4443  loss=0.2093
    [train] iter 1320/4443  loss=0.1651
    [train] iter 1340/4443  loss=0.2294
    [train] iter 1360/4443  loss=0.1729
    [train] iter 1380/4443  loss=0.0991
    [train] iter 1400/4443  loss=0.1323
    [train] iter 1420/4443  loss=0.1351
    [train] iter 1440/4443  loss=0.2419
    [train] iter 1460/4443  loss=0.2176
    [train] iter 1480/4443  loss=0.1194
    [train] iter 1500/4443  loss=0.1309
    [train] iter 1520/4443  loss=0.1055
    [train] iter 1540/4443  loss=0.1981
    [train] iter 1560/4443  loss=0.3386
    [train] iter 1580/4443  loss=0.1282
    [train] iter 1600/4443  loss=0.1359
    [train] iter 1620/4443  loss=0.1133
    [train] iter 1640/4443  loss=0.1163
    [train] iter 1660/4443  loss=0.0810
    [train] iter 1680/4443  loss=0.2044
    [train] iter 1700/4443  loss=0.0948
    [train] iter 1720/4443  loss=0.1129
    [train] iter 1740/4443  loss=0.1634
    [train] iter 1760/4443  loss=0.1059
    [train] iter 1780/4443  loss=0.0573
    [train] iter 1800/4443  loss=0.1174
    [train] iter 1820/4443  loss=0.1391
    [train] iter 1840/4443  loss=0.1971
    [train] iter 1860/4443  loss=0.1581
    [train] iter 1880/4443  loss=0.1550
    [train] iter 1900/4443  loss=0.0936
    [train] iter 1920/4443  loss=0.2637
    [train] iter 1940/4443  loss=0.1619
    [train] iter 1960/4443  loss=0.1626
    [train] iter 1980/4443  loss=0.2613
    [train] iter 2000/4443  loss=0.2231
    [train] iter 2020/4443  loss=0.1012
    [train] iter 2040/4443  loss=0.1450
    [train] iter 2060/4443  loss=0.1399
    [train] iter 2080/4443  loss=0.0869
    [train] iter 2100/4443  loss=0.1225
    [train] iter 2120/4443  loss=0.1291
    [train] iter 2140/4443  loss=0.1059
    [train] iter 2160/4443  loss=0.1986
    [train] iter 2180/4443  loss=0.1179
    [train] iter 2200/4443  loss=0.2044
    [train] iter 2220/4443  loss=0.1378
    [train] iter 2240/4443  loss=0.1309
    [train] iter 2260/4443  loss=0.2032
    [train] iter 2280/4443  loss=0.1729
    [train] iter 2300/4443  loss=0.1009
    [train] iter 2320/4443  loss=0.1891
    [train] iter 2340/4443  loss=0.1005
    [train] iter 2360/4443  loss=0.1187
    [train] iter 2380/4443  loss=0.0985
    [train] iter 2400/4443  loss=0.1928
    [train] iter 2420/4443  loss=0.1164
    [train] iter 2440/4443  loss=0.0751
    [train] iter 2460/4443  loss=0.1263
    [train] iter 2480/4443  loss=0.1456
    [train] iter 2500/4443  loss=0.1192
    [train] iter 2520/4443  loss=0.0720
    [train] iter 2540/4443  loss=0.1038
    [train] iter 2560/4443  loss=0.1343
    [train] iter 2580/4443  loss=0.1657
    [train] iter 2600/4443  loss=0.2018
    [train] iter 2620/4443  loss=0.2634
    [train] iter 2640/4443  loss=0.0992
    [train] iter 2660/4443  loss=0.1866
    [train] iter 2680/4443  loss=0.2275
    [train] iter 2700/4443  loss=0.0874
    [train] iter 2720/4443  loss=0.1182
    [train] iter 2740/4443  loss=0.1013
    [train] iter 2760/4443  loss=0.1624
    [train] iter 2780/4443  loss=0.0721
    [train] iter 2800/4443  loss=0.1834
    [train] iter 2820/4443  loss=0.1580
    [train] iter 2840/4443  loss=0.0862
    [train] iter 2860/4443  loss=0.1191
    [train] iter 2880/4443  loss=0.2998
    [train] iter 2900/4443  loss=0.2832
    [train] iter 2920/4443  loss=0.0877
    [train] iter 2940/4443  loss=0.0525
    [train] iter 2960/4443  loss=0.1925
    [train] iter 2980/4443  loss=0.2596
    [train] iter 3000/4443  loss=0.1177
    [train] iter 3020/4443  loss=0.1409
    [train] iter 3040/4443  loss=0.1678
    [train] iter 3060/4443  loss=0.1238
    [train] iter 3080/4443  loss=0.1623
    [train] iter 3100/4443  loss=0.1189
    [train] iter 3120/4443  loss=0.1844
    [train] iter 3140/4443  loss=0.1714
    [train] iter 3160/4443  loss=0.1476
    [train] iter 3180/4443  loss=0.1294
    [train] iter 3200/4443  loss=0.0924
    [train] iter 3220/4443  loss=0.1137
    [train] iter 3240/4443  loss=0.1958
    [train] iter 3260/4443  loss=0.1428
    [train] iter 3280/4443  loss=0.1396
    [train] iter 3300/4443  loss=0.1645
    [train] iter 3320/4443  loss=0.2605
    [train] iter 3340/4443  loss=0.1965
    [train] iter 3360/4443  loss=0.1277
    [train] iter 3380/4443  loss=0.1877
    [train] iter 3400/4443  loss=0.1584
    [train] iter 3420/4443  loss=0.0935
    [train] iter 3440/4443  loss=0.1871
    [train] iter 3460/4443  loss=0.2274
    [train] iter 3480/4443  loss=0.1323
    [train] iter 3500/4443  loss=0.1390
    [train] iter 3520/4443  loss=0.1038
    [train] iter 3540/4443  loss=0.1765
    [train] iter 3560/4443  loss=0.2499
    [train] iter 3580/4443  loss=0.1951
    [train] iter 3600/4443  loss=0.1363
    [train] iter 3620/4443  loss=0.1608
    [train] iter 3640/4443  loss=0.0944
    [train] iter 3660/4443  loss=0.2327
    [train] iter 3680/4443  loss=0.2606
    [train] iter 3700/4443  loss=0.1033
    [train] iter 3720/4443  loss=0.1384
    [train] iter 3740/4443  loss=0.2233
    [train] iter 3760/4443  loss=0.1195
    [train] iter 3780/4443  loss=0.1445
    [train] iter 3800/4443  loss=0.1487
    [train] iter 3820/4443  loss=0.1062
    [train] iter 3840/4443  loss=0.1722
    [train] iter 3860/4443  loss=0.1566
    [train] iter 3880/4443  loss=0.1729
    [train] iter 3900/4443  loss=0.1460
    [train] iter 3920/4443  loss=0.1129
    [train] iter 3940/4443  loss=0.0932
    [train] iter 3960/4443  loss=0.1635
    [train] iter 3980/4443  loss=0.1045
    [train] iter 4000/4443  loss=0.1404
    [train] iter 4020/4443  loss=0.1610
    [train] iter 4040/4443  loss=0.1289
    [train] iter 4060/4443  loss=0.1779
    [train] iter 4080/4443  loss=0.0858
    [train] iter 4100/4443  loss=0.1503
    [train] iter 4120/4443  loss=0.1841
    [train] iter 4140/4443  loss=0.1611
    [train] iter 4160/4443  loss=0.1584
    [train] iter 4180/4443  loss=0.1780
    [train] iter 4200/4443  loss=0.2243
    [train] iter 4220/4443  loss=0.1190
    [train] iter 4240/4443  loss=0.1491
    [train] iter 4260/4443  loss=0.2069
    [train] iter 4280/4443  loss=0.1300
    [train] iter 4300/4443  loss=0.1243
    [train] iter 4320/4443  loss=0.2023
    [train] iter 4340/4443  loss=0.2292
    [train] iter 4360/4443  loss=0.2001
    [train] iter 4380/4443  loss=0.1140
    [train] iter 4400/4443  loss=0.2582
    [train] iter 4420/4443  loss=0.2270
    [train] iter 4440/4443  loss=0.1894
  train_loss=0.1562  val_loss=0.1701  val_dice=0.8036

--- Epoch 45/100 (lr=1.78e-04) ---
    [train] iter 20/4443  loss=0.0817
    [train] iter 40/4443  loss=0.1770
    [train] iter 60/4443  loss=0.1465
    [train] iter 80/4443  loss=0.1540
    [train] iter 100/4443  loss=0.0930
    [train] iter 120/4443  loss=0.1352
    [train] iter 140/4443  loss=0.1577
    [train] iter 160/4443  loss=0.1271
    [train] iter 180/4443  loss=0.1064
    [train] iter 200/4443  loss=0.1794
    [train] iter 220/4443  loss=0.1577
    [train] iter 240/4443  loss=0.1415
    [train] iter 260/4443  loss=0.1123
    [train] iter 280/4443  loss=0.2255
    [train] iter 300/4443  loss=0.1105
    [train] iter 320/4443  loss=0.0938
    [train] iter 340/4443  loss=0.2980
    [train] iter 360/4443  loss=0.0959
    [train] iter 380/4443  loss=0.2757
    [train] iter 400/4443  loss=0.1385
    [train] iter 420/4443  loss=0.1497
    [train] iter 440/4443  loss=0.2519
    [train] iter 460/4443  loss=0.1658
    [train] iter 480/4443  loss=0.1111
    [train] iter 500/4443  loss=0.1151
    [train] iter 520/4443  loss=0.0793
    [train] iter 540/4443  loss=0.0823
    [train] iter 560/4443  loss=0.1223
    [train] iter 580/4443  loss=0.1775
    [train] iter 600/4443  loss=0.3096
    [train] iter 620/4443  loss=0.2095
    [train] iter 640/4443  loss=0.1255
    [train] iter 660/4443  loss=0.0942
    [train] iter 680/4443  loss=0.1225
    [train] iter 700/4443  loss=0.1426
    [train] iter 720/4443  loss=0.1093
    [train] iter 740/4443  loss=0.1303
    [train] iter 760/4443  loss=0.1200
    [train] iter 780/4443  loss=0.1818
    [train] iter 800/4443  loss=0.2283
    [train] iter 820/4443  loss=0.1635
    [train] iter 840/4443  loss=0.1971
    [train] iter 860/4443  loss=0.1991
    [train] iter 880/4443  loss=0.1756
    [train] iter 900/4443  loss=0.2425
    [train] iter 920/4443  loss=0.2400
    [train] iter 940/4443  loss=0.2059
    [train] iter 960/4443  loss=0.1547
    [train] iter 980/4443  loss=0.1357
    [train] iter 1000/4443  loss=0.0952
    [train] iter 1020/4443  loss=0.1569
    [train] iter 1040/4443  loss=0.1111
    [train] iter 1060/4443  loss=0.1105
    [train] iter 1080/4443  loss=0.1836
    [train] iter 1100/4443  loss=0.1558
    [train] iter 1120/4443  loss=0.1449
    [train] iter 1140/4443  loss=0.1711
    [train] iter 1160/4443  loss=0.1911
    [train] iter 1180/4443  loss=0.1320
    [train] iter 1200/4443  loss=0.1242
    [train] iter 1220/4443  loss=0.0895
    [train] iter 1240/4443  loss=0.1806
    [train] iter 1260/4443  loss=0.1131
    [train] iter 1280/4443  loss=0.2674
    [train] iter 1300/4443  loss=0.1724
    [train] iter 1320/4443  loss=0.2017
    [train] iter 1340/4443  loss=0.0960
    [train] iter 1360/4443  loss=0.1935
    [train] iter 1380/4443  loss=0.1307
    [train] iter 1400/4443  loss=0.2040
    [train] iter 1420/4443  loss=0.1712
    [train] iter 1440/4443  loss=0.1848
    [train] iter 1460/4443  loss=0.0929
    [train] iter 1480/4443  loss=0.2186
    [train] iter 1500/4443  loss=0.1770
    [train] iter 1520/4443  loss=0.2338
    [train] iter 1540/4443  loss=0.1626
    [train] iter 1560/4443  loss=0.1341
    [train] iter 1580/4443  loss=0.1013
    [train] iter 1600/4443  loss=0.1430
    [train] iter 1620/4443  loss=0.1193
    [train] iter 1640/4443  loss=0.1677
    [train] iter 1660/4443  loss=0.1020
    [train] iter 1680/4443  loss=0.1139
    [train] iter 1700/4443  loss=0.0717
    [train] iter 1720/4443  loss=0.0930
    [train] iter 1740/4443  loss=0.0993
    [train] iter 1760/4443  loss=0.1632
    [train] iter 1780/4443  loss=0.2227
    [train] iter 1800/4443  loss=0.1778
    [train] iter 1820/4443  loss=0.0809
    [train] iter 1840/4443  loss=0.1488
    [train] iter 1860/4443  loss=0.1921
    [train] iter 1880/4443  loss=0.1061
    [train] iter 1900/4443  loss=0.1506
    [train] iter 1920/4443  loss=0.1884
    [train] iter 1940/4443  loss=0.1277
    [train] iter 1960/4443  loss=0.1375
    [train] iter 1980/4443  loss=0.2281
    [train] iter 2000/4443  loss=0.1936
    [train] iter 2020/4443  loss=0.1193
    [train] iter 2040/4443  loss=0.0868
    [train] iter 2060/4443  loss=0.1032
    [train] iter 2080/4443  loss=0.1755
    [train] iter 2100/4443  loss=0.1631
    [train] iter 2120/4443  loss=0.1949
    [train] iter 2140/4443  loss=0.1517
    [train] iter 2160/4443  loss=0.1978
    [train] iter 2180/4443  loss=0.2001
    [train] iter 2200/4443  loss=0.2275
    [train] iter 2220/4443  loss=0.1894
    [train] iter 2240/4443  loss=0.1020
    [train] iter 2260/4443  loss=0.0846
    [train] iter 2280/4443  loss=0.1158
    [train] iter 2300/4443  loss=0.0853
    [train] iter 2320/4443  loss=0.1656
    [train] iter 2340/4443  loss=0.0944
    [train] iter 2360/4443  loss=0.1969
    [train] iter 2380/4443  loss=0.1184
    [train] iter 2400/4443  loss=0.1543
    [train] iter 2420/4443  loss=0.1273
    [train] iter 2440/4443  loss=0.1809
    [train] iter 2460/4443  loss=0.1332
    [train] iter 2480/4443  loss=0.1530
    [train] iter 2500/4443  loss=0.1853
    [train] iter 2520/4443  loss=0.0523
    [train] iter 2540/4443  loss=0.1646
    [train] iter 2560/4443  loss=0.1189
    [train] iter 2580/4443  loss=0.1734
    [train] iter 2600/4443  loss=0.1387
    [train] iter 2620/4443  loss=0.2659
    [train] iter 2640/4443  loss=0.1521
    [train] iter 2660/4443  loss=0.1512
    [train] iter 2680/4443  loss=0.1349
    [train] iter 2700/4443  loss=0.1259
    [train] iter 2720/4443  loss=0.1478
    [train] iter 2740/4443  loss=0.1596
    [train] iter 2760/4443  loss=0.1071
    [train] iter 2780/4443  loss=0.3997
    [train] iter 2800/4443  loss=0.1328
    [train] iter 2820/4443  loss=0.1702
    [train] iter 2840/4443  loss=0.2510
    [train] iter 2860/4443  loss=0.1833
    [train] iter 2880/4443  loss=0.2926
    [train] iter 2900/4443  loss=0.0890
    [train] iter 2920/4443  loss=0.0821
    [train] iter 2940/4443  loss=0.0992
    [train] iter 2960/4443  loss=0.1418
    [train] iter 2980/4443  loss=0.2105
    [train] iter 3000/4443  loss=0.1377
    [train] iter 3020/4443  loss=0.1874
    [train] iter 3040/4443  loss=0.1625
    [train] iter 3060/4443  loss=0.1803
    [train] iter 3080/4443  loss=0.1472
    [train] iter 3100/4443  loss=0.1491
    [train] iter 3120/4443  loss=0.1266
    [train] iter 3140/4443  loss=0.1418
    [train] iter 3160/4443  loss=0.1002
    [train] iter 3180/4443  loss=0.1317
    [train] iter 3200/4443  loss=0.1173
    [train] iter 3220/4443  loss=0.1251
    [train] iter 3240/4443  loss=0.1051
    [train] iter 3260/4443  loss=0.0968
    [train] iter 3280/4443  loss=0.1457
    [train] iter 3300/4443  loss=0.1694
    [train] iter 3320/4443  loss=0.0707
    [train] iter 3340/4443  loss=0.1090
    [train] iter 3360/4443  loss=0.1573
    [train] iter 3380/4443  loss=0.1265
    [train] iter 3400/4443  loss=0.1808
    [train] iter 3420/4443  loss=0.1770
    [train] iter 3440/4443  loss=0.2117
    [train] iter 3460/4443  loss=0.2788
    [train] iter 3480/4443  loss=0.1792
    [train] iter 3500/4443  loss=0.1833
    [train] iter 3520/4443  loss=0.1608
    [train] iter 3540/4443  loss=0.1682
    [train] iter 3560/4443  loss=0.3259
    [train] iter 3580/4443  loss=0.1011
    [train] iter 3600/4443  loss=0.1809
    [train] iter 3620/4443  loss=0.1104
    [train] iter 3640/4443  loss=0.1936
    [train] iter 3660/4443  loss=0.2302
    [train] iter 3680/4443  loss=0.0926
    [train] iter 3700/4443  loss=0.1604
    [train] iter 3720/4443  loss=0.0933
    [train] iter 3740/4443  loss=0.1073
    [train] iter 3760/4443  loss=0.1577
    [train] iter 3780/4443  loss=0.1299
    [train] iter 3800/4443  loss=0.1966
    [train] iter 3820/4443  loss=0.2992
    [train] iter 3840/4443  loss=0.1807
    [train] iter 3860/4443  loss=0.3360
    [train] iter 3880/4443  loss=0.2255
    [train] iter 3900/4443  loss=0.1587
    [train] iter 3920/4443  loss=0.3238
    [train] iter 3940/4443  loss=0.1110
    [train] iter 3960/4443  loss=0.1843
    [train] iter 3980/4443  loss=0.0867
    [train] iter 4000/4443  loss=0.1668
    [train] iter 4020/4443  loss=0.1393
    [train] iter 4040/4443  loss=0.1528
    [train] iter 4060/4443  loss=0.2683
    [train] iter 4080/4443  loss=0.1135
    [train] iter 4100/4443  loss=0.0894
    [train] iter 4120/4443  loss=0.0737
    [train] iter 4140/4443  loss=0.1126
    [train] iter 4160/4443  loss=0.1926
    [train] iter 4180/4443  loss=0.1149
    [train] iter 4200/4443  loss=0.1459
    [train] iter 4220/4443  loss=0.1248
    [train] iter 4240/4443  loss=0.0750
    [train] iter 4260/4443  loss=0.1678
    [train] iter 4280/4443  loss=0.1388
    [train] iter 4300/4443  loss=0.1436
    [train] iter 4320/4443  loss=0.2476
    [train] iter 4340/4443  loss=0.2087
    [train] iter 4360/4443  loss=0.2090
    [train] iter 4380/4443  loss=0.1188
    [train] iter 4400/4443  loss=0.1851
    [train] iter 4420/4443  loss=0.1677
    [train] iter 4440/4443  loss=0.0884
  train_loss=0.1549  val_loss=0.1672  val_dice=0.8065

--- Epoch 46/100 (lr=1.73e-04) ---
    [train] iter 20/4443  loss=0.2264
    [train] iter 40/4443  loss=0.1004
    [train] iter 60/4443  loss=0.0855
    [train] iter 80/4443  loss=0.1825
    [train] iter 100/4443  loss=0.1464
    [train] iter 120/4443  loss=0.1739
    [train] iter 140/4443  loss=0.1349
    [train] iter 160/4443  loss=0.1138
    [train] iter 180/4443  loss=0.1476
    [train] iter 200/4443  loss=0.1366
    [train] iter 220/4443  loss=0.2059
    [train] iter 240/4443  loss=0.1102
    [train] iter 260/4443  loss=0.0892
    [train] iter 280/4443  loss=0.0940
    [train] iter 300/4443  loss=0.1133
    [train] iter 320/4443  loss=0.1126
    [train] iter 340/4443  loss=0.1010
    [train] iter 360/4443  loss=0.2236
    [train] iter 380/4443  loss=0.0897
    [train] iter 400/4443  loss=0.1667
    [train] iter 420/4443  loss=0.1956
    [train] iter 440/4443  loss=0.0841
    [train] iter 460/4443  loss=0.1249
    [train] iter 480/4443  loss=0.1108
    [train] iter 500/4443  loss=0.0941
    [train] iter 520/4443  loss=0.1092
    [train] iter 540/4443  loss=0.1658
    [train] iter 560/4443  loss=0.1828
    [train] iter 580/4443  loss=0.1466
    [train] iter 600/4443  loss=0.0836
    [train] iter 620/4443  loss=0.1839
    [train] iter 640/4443  loss=0.1301
    [train] iter 660/4443  loss=0.2514
    [train] iter 680/4443  loss=0.1757
    [train] iter 700/4443  loss=0.1351
    [train] iter 720/4443  loss=0.1130
    [train] iter 740/4443  loss=0.1970
    [train] iter 760/4443  loss=0.2640
    [train] iter 780/4443  loss=0.1161
    [train] iter 800/4443  loss=0.1754
    [train] iter 820/4443  loss=0.1503
    [train] iter 840/4443  loss=0.1263
    [train] iter 860/4443  loss=0.1865
    [train] iter 880/4443  loss=0.1499
    [train] iter 900/4443  loss=0.1041
    [train] iter 920/4443  loss=0.1437
    [train] iter 940/4443  loss=0.2505
    [train] iter 960/4443  loss=0.1404
    [train] iter 980/4443  loss=0.1655
    [train] iter 1000/4443  loss=0.1840
    [train] iter 1020/4443  loss=0.1221
    [train] iter 1040/4443  loss=0.1473
    [train] iter 1060/4443  loss=0.1273
    [train] iter 1080/4443  loss=0.1705
    [train] iter 1100/4443  loss=0.1697
    [train] iter 1120/4443  loss=0.0771
    [train] iter 1140/4443  loss=0.0841
    [train] iter 1160/4443  loss=0.0941
    [train] iter 1180/4443  loss=0.1464
    [train] iter 1200/4443  loss=0.1551
    [train] iter 1220/4443  loss=0.1351
    [train] iter 1240/4443  loss=0.0924
    [train] iter 1260/4443  loss=0.1159
    [train] iter 1280/4443  loss=0.1351
    [train] iter 1300/4443  loss=0.0835
    [train] iter 1320/4443  loss=0.1100
    [train] iter 1340/4443  loss=0.1968
    [train] iter 1360/4443  loss=0.1021
    [train] iter 1380/4443  loss=0.1400
    [train] iter 1400/4443  loss=0.1168
    [train] iter 1420/4443  loss=0.1098
    [train] iter 1440/4443  loss=0.1603
    [train] iter 1460/4443  loss=0.1103
    [train] iter 1480/4443  loss=0.1993
    [train] iter 1500/4443  loss=0.1976
    [train] iter 1520/4443  loss=0.1072
    [train] iter 1540/4443  loss=0.2168
    [train] iter 1560/4443  loss=0.1465
    [train] iter 1580/4443  loss=0.0805
    [train] iter 1600/4443  loss=0.1095
    [train] iter 1620/4443  loss=0.2184
    [train] iter 1640/4443  loss=0.1649
    [train] iter 1660/4443  loss=0.1934
    [train] iter 1680/4443  loss=0.0926
    [train] iter 1700/4443  loss=0.1176
    [train] iter 1720/4443  loss=0.1673
    [train] iter 1740/4443  loss=0.2156
    [train] iter 1760/4443  loss=0.2657
    [train] iter 1780/4443  loss=0.1453
    [train] iter 1800/4443  loss=0.1524
    [train] iter 1820/4443  loss=0.0969
    [train] iter 1840/4443  loss=0.2528
    [train] iter 1860/4443  loss=0.1842
    [train] iter 1880/4443  loss=0.1453
    [train] iter 1900/4443  loss=0.2090
    [train] iter 1920/4443  loss=0.0659
    [train] iter 1940/4443  loss=0.2407
    [train] iter 1960/4443  loss=0.1237
    [train] iter 1980/4443  loss=0.1658
    [train] iter 2000/4443  loss=0.1935
    [train] iter 2020/4443  loss=0.1106
    [train] iter 2040/4443  loss=0.1794
    [train] iter 2060/4443  loss=0.2458
    [train] iter 2080/4443  loss=0.2209
    [train] iter 2100/4443  loss=0.1077
    [train] iter 2120/4443  loss=0.1548
    [train] iter 2140/4443  loss=0.1341
    [train] iter 2160/4443  loss=0.1858
    [train] iter 2180/4443  loss=0.2040
    [train] iter 2200/4443  loss=0.1889
    [train] iter 2220/4443  loss=0.1583
    [train] iter 2240/4443  loss=0.2409
    [train] iter 2260/4443  loss=0.3001
    [train] iter 2280/4443  loss=0.1469
    [train] iter 2300/4443  loss=0.1387
    [train] iter 2320/4443  loss=0.3630
    [train] iter 2340/4443  loss=0.1229
    [train] iter 2360/4443  loss=0.1041
    [train] iter 2380/4443  loss=0.2073
    [train] iter 2400/4443  loss=0.1681
    [train] iter 2420/4443  loss=0.0969
    [train] iter 2440/4443  loss=0.1264
    [train] iter 2460/4443  loss=0.0966
    [train] iter 2480/4443  loss=0.0897
    [train] iter 2500/4443  loss=0.1181
    [train] iter 2520/4443  loss=0.1805
    [train] iter 2540/4443  loss=0.1317
    [train] iter 2560/4443  loss=0.1213
    [train] iter 2580/4443  loss=0.1620
    [train] iter 2600/4443  loss=0.1166
    [train] iter 2620/4443  loss=0.0773
    [train] iter 2640/4443  loss=0.1645
    [train] iter 2660/4443  loss=0.0832
    [train] iter 2680/4443  loss=0.1476
    [train] iter 2700/4443  loss=0.1622
    [train] iter 2720/4443  loss=0.1898
    [train] iter 2740/4443  loss=0.1209
    [train] iter 2760/4443  loss=0.1105
    [train] iter 2780/4443  loss=0.0718
    [train] iter 2800/4443  loss=0.2607
    [train] iter 2820/4443  loss=0.1316
    [train] iter 2840/4443  loss=0.2616
    [train] iter 2860/4443  loss=0.2087
    [train] iter 2880/4443  loss=0.1696
    [train] iter 2900/4443  loss=0.2364
    [train] iter 2920/4443  loss=0.1758
    [train] iter 2940/4443  loss=0.3073
    [train] iter 2960/4443  loss=0.1527
    [train] iter 2980/4443  loss=0.1752
    [train] iter 3000/4443  loss=0.1214
    [train] iter 3020/4443  loss=0.3427
    [train] iter 3040/4443  loss=0.1575
    [train] iter 3060/4443  loss=0.1618
    [train] iter 3080/4443  loss=0.2197
    [train] iter 3100/4443  loss=0.2534
    [train] iter 3120/4443  loss=0.1139
    [train] iter 3140/4443  loss=0.1282
    [train] iter 3160/4443  loss=0.1995
    [train] iter 3180/4443  loss=0.1907
    [train] iter 3200/4443  loss=0.2088
    [train] iter 3220/4443  loss=0.1448
    [train] iter 3240/4443  loss=0.0780
    [train] iter 3260/4443  loss=0.1245
    [train] iter 3280/4443  loss=0.2299
    [train] iter 3300/4443  loss=0.0975
    [train] iter 3320/4443  loss=0.1068
    [train] iter 3340/4443  loss=0.1752
    [train] iter 3360/4443  loss=0.1984
    [train] iter 3380/4443  loss=0.2267
    [train] iter 3400/4443  loss=0.2809
    [train] iter 3420/4443  loss=0.1581
    [train] iter 3440/4443  loss=0.1280
    [train] iter 3460/4443  loss=0.1605
    [train] iter 3480/4443  loss=0.1649
    [train] iter 3500/4443  loss=0.1614
    [train] iter 3520/4443  loss=0.1080
    [train] iter 3540/4443  loss=0.1816
    [train] iter 3560/4443  loss=0.2063
    [train] iter 3580/4443  loss=0.2754
    [train] iter 3600/4443  loss=0.1945
    [train] iter 3620/4443  loss=0.1733
    [train] iter 3640/4443  loss=0.1218
    [train] iter 3660/4443  loss=0.1336
    [train] iter 3680/4443  loss=0.0545
    [train] iter 3700/4443  loss=0.1448
    [train] iter 3720/4443  loss=0.1390
    [train] iter 3740/4443  loss=0.1373
    [train] iter 3760/4443  loss=0.2074
    [train] iter 3780/4443  loss=0.1528
    [train] iter 3800/4443  loss=0.1491
    [train] iter 3820/4443  loss=0.1138
    [train] iter 3840/4443  loss=0.1214
    [train] iter 3860/4443  loss=0.2228
    [train] iter 3880/4443  loss=0.1493
    [train] iter 3900/4443  loss=0.1503
    [train] iter 3920/4443  loss=0.1062
    [train] iter 3940/4443  loss=0.2247
    [train] iter 3960/4443  loss=0.1382
    [train] iter 3980/4443  loss=0.2667
    [train] iter 4000/4443  loss=0.1888
    [train] iter 4020/4443  loss=0.1782
    [train] iter 4040/4443  loss=0.2238
    [train] iter 4060/4443  loss=0.2022
    [train] iter 4080/4443  loss=0.2553
    [train] iter 4100/4443  loss=0.1595
    [train] iter 4120/4443  loss=0.1746
    [train] iter 4140/4443  loss=0.2244
    [train] iter 4160/4443  loss=0.0771
    [train] iter 4180/4443  loss=0.1841
    [train] iter 4200/4443  loss=0.0875
    [train] iter 4220/4443  loss=0.1416
    [train] iter 4240/4443  loss=0.1488
    [train] iter 4260/4443  loss=0.1969
    [train] iter 4280/4443  loss=0.1305
    [train] iter 4300/4443  loss=0.1556
    [train] iter 4320/4443  loss=0.1542
    [train] iter 4340/4443  loss=0.1793
    [train] iter 4360/4443  loss=0.1146
    [train] iter 4380/4443  loss=0.0919
    [train] iter 4400/4443  loss=0.3157
    [train] iter 4420/4443  loss=0.1189
    [train] iter 4440/4443  loss=0.1432
  train_loss=0.1542  val_loss=0.1679  val_dice=0.8039

--- Epoch 47/100 (lr=1.69e-04) ---
    [train] iter 20/4443  loss=0.1123
    [train] iter 40/4443  loss=0.1244
    [train] iter 60/4443  loss=0.1787
    [train] iter 80/4443  loss=0.1368
    [train] iter 100/4443  loss=0.1619
    [train] iter 120/4443  loss=0.0612
    [train] iter 140/4443  loss=0.0902
    [train] iter 160/4443  loss=0.1203
    [train] iter 180/4443  loss=0.2410
    [train] iter 200/4443  loss=0.1054
    [train] iter 220/4443  loss=0.2142
    [train] iter 240/4443  loss=0.2154
    [train] iter 260/4443  loss=0.1605
    [train] iter 280/4443  loss=0.1372
    [train] iter 300/4443  loss=0.1343
    [train] iter 320/4443  loss=0.2918
    [train] iter 340/4443  loss=0.1428
    [train] iter 360/4443  loss=0.1968
    [train] iter 380/4443  loss=0.1599
    [train] iter 400/4443  loss=0.1090
    [train] iter 420/4443  loss=0.1364
    [train] iter 440/4443  loss=0.1664
    [train] iter 460/4443  loss=0.1646
    [train] iter 480/4443  loss=0.0878
    [train] iter 500/4443  loss=0.1437
    [train] iter 520/4443  loss=0.1465
    [train] iter 540/4443  loss=0.1468
    [train] iter 560/4443  loss=0.2707
    [train] iter 580/4443  loss=0.1169
    [train] iter 600/4443  loss=0.2025
    [train] iter 620/4443  loss=0.1048
    [train] iter 640/4443  loss=0.1997
    [train] iter 660/4443  loss=0.1321
    [train] iter 680/4443  loss=0.0969
    [train] iter 700/4443  loss=0.1876
    [train] iter 720/4443  loss=0.1404
    [train] iter 740/4443  loss=0.1503
    [train] iter 760/4443  loss=0.1323
    [train] iter 780/4443  loss=0.0914
    [train] iter 800/4443  loss=0.1707
    [train] iter 820/4443  loss=0.1046
    [train] iter 840/4443  loss=0.1148
    [train] iter 860/4443  loss=0.0868
    [train] iter 880/4443  loss=0.2488
    [train] iter 900/4443  loss=0.1700
    [train] iter 920/4443  loss=0.0966
    [train] iter 940/4443  loss=0.1230
    [train] iter 960/4443  loss=0.1590
    [train] iter 980/4443  loss=0.2069
    [train] iter 1000/4443  loss=0.1725
    [train] iter 1020/4443  loss=0.2299
    [train] iter 1040/4443  loss=0.1846
    [train] iter 1060/4443  loss=0.1048
    [train] iter 1080/4443  loss=0.1799
    [train] iter 1100/4443  loss=0.0813
    [train] iter 1120/4443  loss=0.1173
    [train] iter 1140/4443  loss=0.1763
    [train] iter 1160/4443  loss=0.2371
    [train] iter 1180/4443  loss=0.1468
    [train] iter 1200/4443  loss=0.1099
    [train] iter 1220/4443  loss=0.2564
    [train] iter 1240/4443  loss=0.0873
    [train] iter 1260/4443  loss=0.1566
    [train] iter 1280/4443  loss=0.1367
    [train] iter 1300/4443  loss=0.2473
    [train] iter 1320/4443  loss=0.2727
    [train] iter 1340/4443  loss=0.2136
    [train] iter 1360/4443  loss=0.1984
    [train] iter 1380/4443  loss=0.1188
    [train] iter 1400/4443  loss=0.1541
    [train] iter 1420/4443  loss=0.1875
    [train] iter 1440/4443  loss=0.1787
    [train] iter 1460/4443  loss=0.1514
    [train] iter 1480/4443  loss=0.1816
    [train] iter 1500/4443  loss=0.1377
    [train] iter 1520/4443  loss=0.1582
    [train] iter 1540/4443  loss=0.2250
    [train] iter 1560/4443  loss=0.1785
    [train] iter 1580/4443  loss=0.1843
    [train] iter 1600/4443  loss=0.1701
    [train] iter 1620/4443  loss=0.1392
    [train] iter 1640/4443  loss=0.1061
    [train] iter 1660/4443  loss=0.1224
    [train] iter 1680/4443  loss=0.1953
    [train] iter 1700/4443  loss=0.1509
    [train] iter 1720/4443  loss=0.1606
    [train] iter 1740/4443  loss=0.1171
    [train] iter 1760/4443  loss=0.1053
    [train] iter 1780/4443  loss=0.1870
    [train] iter 1800/4443  loss=0.0791
    [train] iter 1820/4443  loss=0.1236
    [train] iter 1840/4443  loss=0.1409
    [train] iter 1860/4443  loss=0.1905
    [train] iter 1880/4443  loss=0.2030
    [train] iter 1900/4443  loss=0.0711
    [train] iter 1920/4443  loss=0.1231
    [train] iter 1940/4443  loss=0.1010
    [train] iter 1960/4443  loss=0.1476
    [train] iter 1980/4443  loss=0.1469
    [train] iter 2000/4443  loss=0.1860
    [train] iter 2020/4443  loss=0.2116
    [train] iter 2040/4443  loss=0.2773
    [train] iter 2060/4443  loss=0.2514
    [train] iter 2080/4443  loss=0.1481
    [train] iter 2100/4443  loss=0.1374
    [train] iter 2120/4443  loss=0.1577
    [train] iter 2140/4443  loss=0.0862
    [train] iter 2160/4443  loss=0.1873
    [train] iter 2180/4443  loss=0.1770
    [train] iter 2200/4443  loss=0.0795
    [train] iter 2220/4443  loss=0.0915
    [train] iter 2240/4443  loss=0.1568
    [train] iter 2260/4443  loss=0.1654
    [train] iter 2280/4443  loss=0.1839
    [train] iter 2300/4443  loss=0.1279
    [train] iter 2320/4443  loss=0.1413
    [train] iter 2340/4443  loss=0.1817
    [train] iter 2360/4443  loss=0.1171
    [train] iter 2380/4443  loss=0.1625
    [train] iter 2400/4443  loss=0.0777
    [train] iter 2420/4443  loss=0.1090
    [train] iter 2440/4443  loss=0.1567
    [train] iter 2460/4443  loss=0.2306
    [train] iter 2480/4443  loss=0.1268
    [train] iter 2500/4443  loss=0.1623
    [train] iter 2520/4443  loss=0.1041
    [train] iter 2540/4443  loss=0.1044
    [train] iter 2560/4443  loss=0.2008
    [train] iter 2580/4443  loss=0.2220
    [train] iter 2600/4443  loss=0.1808
    [train] iter 2620/4443  loss=0.1483
    [train] iter 2640/4443  loss=0.1839
    [train] iter 2660/4443  loss=0.1533
    [train] iter 2680/4443  loss=0.1160
    [train] iter 2700/4443  loss=0.2416
    [train] iter 2720/4443  loss=0.2459
    [train] iter 2740/4443  loss=0.1230
    [train] iter 2760/4443  loss=0.1793
    [train] iter 2780/4443  loss=0.1047
    [train] iter 2800/4443  loss=0.1006
    [train] iter 2820/4443  loss=0.1681
    [train] iter 2840/4443  loss=0.1249
    [train] iter 2860/4443  loss=0.0839
    [train] iter 2880/4443  loss=0.1109
    [train] iter 2900/4443  loss=0.1894
    [train] iter 2920/4443  loss=0.2180
    [train] iter 2940/4443  loss=0.1106
    [train] iter 2960/4443  loss=0.1225
    [train] iter 2980/4443  loss=0.1505
    [train] iter 3000/4443  loss=0.1259
    [train] iter 3020/4443  loss=0.1188
    [train] iter 3040/4443  loss=0.2156
    [train] iter 3060/4443  loss=0.2073
    [train] iter 3080/4443  loss=0.2026
    [train] iter 3100/4443  loss=0.1130
    [train] iter 3120/4443  loss=0.1567
    [train] iter 3140/4443  loss=0.1456
    [train] iter 3160/4443  loss=0.1187
    [train] iter 3180/4443  loss=0.1160
    [train] iter 3200/4443  loss=0.1436
    [train] iter 3220/4443  loss=0.1386
    [train] iter 3240/4443  loss=0.1294
    [train] iter 3260/4443  loss=0.1269
    [train] iter 3280/4443  loss=0.1305
    [train] iter 3300/4443  loss=0.1081
    [train] iter 3320/4443  loss=0.0910
    [train] iter 3340/4443  loss=0.1622
    [train] iter 3360/4443  loss=0.1000
    [train] iter 3380/4443  loss=0.1575
    [train] iter 3400/4443  loss=0.1008
    [train] iter 3420/4443  loss=0.1490
    [train] iter 3440/4443  loss=0.0893
    [train] iter 3460/4443  loss=0.1299
    [train] iter 3480/4443  loss=0.1516
    [train] iter 3500/4443  loss=0.1227
    [train] iter 3520/4443  loss=0.2615
    [train] iter 3540/4443  loss=0.1262
    [train] iter 3560/4443  loss=0.1063
    [train] iter 3580/4443  loss=0.1063
    [train] iter 3600/4443  loss=0.1506
    [train] iter 3620/4443  loss=0.1367
    [train] iter 3640/4443  loss=0.1099
    [train] iter 3660/4443  loss=0.1447
    [train] iter 3680/4443  loss=0.1274
    [train] iter 3700/4443  loss=0.1730
    [train] iter 3720/4443  loss=0.1454
    [train] iter 3740/4443  loss=0.1272
    [train] iter 3760/4443  loss=0.0925
    [train] iter 3780/4443  loss=0.1771
    [train] iter 3800/4443  loss=0.2272
    [train] iter 3820/4443  loss=0.1123
    [train] iter 3840/4443  loss=0.1460
    [train] iter 3860/4443  loss=0.0910
    [train] iter 3880/4443  loss=0.1191
    [train] iter 3900/4443  loss=0.2483
    [train] iter 3920/4443  loss=0.2169
    [train] iter 3940/4443  loss=0.1075
    [train] iter 3960/4443  loss=0.1818
    [train] iter 3980/4443  loss=0.2787
    [train] iter 4000/4443  loss=0.1100
    [train] iter 4020/4443  loss=0.2346
    [train] iter 4040/4443  loss=0.1243
    [train] iter 4060/4443  loss=0.2797
    [train] iter 4080/4443  loss=0.1586
    [train] iter 4100/4443  loss=0.0962
    [train] iter 4120/4443  loss=0.1275
    [train] iter 4140/4443  loss=0.1430
    [train] iter 4160/4443  loss=0.1856
    [train] iter 4180/4443  loss=0.1112
    [train] iter 4200/4443  loss=0.2452
    [train] iter 4220/4443  loss=0.1498
    [train] iter 4240/4443  loss=0.1031
    [train] iter 4260/4443  loss=0.1098
    [train] iter 4280/4443  loss=0.1278
    [train] iter 4300/4443  loss=0.0999
    [train] iter 4320/4443  loss=0.1799
    [train] iter 4340/4443  loss=0.1872
    [train] iter 4360/4443  loss=0.1434
    [train] iter 4380/4443  loss=0.1579
    [train] iter 4400/4443  loss=0.1618
    [train] iter 4420/4443  loss=0.1043
    [train] iter 4440/4443  loss=0.1009
  train_loss=0.1527  val_loss=0.1653  val_dice=0.8086

--- Epoch 48/100 (lr=1.64e-04) ---
    [train] iter 20/4443  loss=0.2283
    [train] iter 40/4443  loss=0.1557
    [train] iter 60/4443  loss=0.1474
    [train] iter 80/4443  loss=0.0883
    [train] iter 100/4443  loss=0.2030
    [train] iter 120/4443  loss=0.0775
    [train] iter 140/4443  loss=0.0964
    [train] iter 160/4443  loss=0.2015
    [train] iter 180/4443  loss=0.3207
    [train] iter 200/4443  loss=0.1049
    [train] iter 220/4443  loss=0.1841
    [train] iter 240/4443  loss=0.1010
    [train] iter 260/4443  loss=0.3526
    [train] iter 280/4443  loss=0.2215
    [train] iter 300/4443  loss=0.1144
    [train] iter 320/4443  loss=0.2028
    [train] iter 340/4443  loss=0.0764
    [train] iter 360/4443  loss=0.1133
    [train] iter 380/4443  loss=0.2994
    [train] iter 400/4443  loss=0.1595
    [train] iter 420/4443  loss=0.1456
    [train] iter 440/4443  loss=0.1369
    [train] iter 460/4443  loss=0.1163
    [train] iter 480/4443  loss=0.2004
    [train] iter 500/4443  loss=0.1903
    [train] iter 520/4443  loss=0.1094
    [train] iter 540/4443  loss=0.1427
    [train] iter 560/4443  loss=0.1614
    [train] iter 580/4443  loss=0.1371
    [train] iter 600/4443  loss=0.1357
    [train] iter 620/4443  loss=0.1638
    [train] iter 640/4443  loss=0.1217
    [train] iter 660/4443  loss=0.1217
    [train] iter 680/4443  loss=0.1924
    [train] iter 700/4443  loss=0.1151
    [train] iter 720/4443  loss=0.1454
    [train] iter 740/4443  loss=0.1974
    [train] iter 760/4443  loss=0.1141
    [train] iter 780/4443  loss=0.1234
    [train] iter 800/4443  loss=0.1294
    [train] iter 820/4443  loss=0.1186
    [train] iter 840/4443  loss=0.1076
    [train] iter 860/4443  loss=0.1252
    [train] iter 880/4443  loss=0.1952
    [train] iter 900/4443  loss=0.1761
    [train] iter 920/4443  loss=0.0844
    [train] iter 940/4443  loss=0.1378
    [train] iter 960/4443  loss=0.1408
    [train] iter 980/4443  loss=0.0795
    [train] iter 1000/4443  loss=0.1117
    [train] iter 1020/4443  loss=0.1237
    [train] iter 1040/4443  loss=0.1951
    [train] iter 1060/4443  loss=0.1540
    [train] iter 1080/4443  loss=0.1208
    [train] iter 1100/4443  loss=0.2469
    [train] iter 1120/4443  loss=0.0808
    [train] iter 1140/4443  loss=0.2951
    [train] iter 1160/4443  loss=0.1694
    [train] iter 1180/4443  loss=0.1069
    [train] iter 1200/4443  loss=0.1357
    [train] iter 1220/4443  loss=0.1166
    [train] iter 1240/4443  loss=0.1126
    [train] iter 1260/4443  loss=0.1320
    [train] iter 1280/4443  loss=0.1017
    [train] iter 1300/4443  loss=0.1189
    [train] iter 1320/4443  loss=0.1571
    [train] iter 1340/4443  loss=0.2139
    [train] iter 1360/4443  loss=0.1490
    [train] iter 1380/4443  loss=0.1786
    [train] iter 1400/4443  loss=0.1141
    [train] iter 1420/4443  loss=0.1415
    [train] iter 1440/4443  loss=0.1764
    [train] iter 1460/4443  loss=0.1488
    [train] iter 1480/4443  loss=0.1283
    [train] iter 1500/4443  loss=0.1184
    [train] iter 1520/4443  loss=0.1150
    [train] iter 1540/4443  loss=0.1108
    [train] iter 1560/4443  loss=0.2354
    [train] iter 1580/4443  loss=0.1102
    [train] iter 1600/4443  loss=0.3126
    [train] iter 1620/4443  loss=0.1270
    [train] iter 1640/4443  loss=0.0980
    [train] iter 1660/4443  loss=0.1016
    [train] iter 1680/4443  loss=0.2319
    [train] iter 1700/4443  loss=0.1039
    [train] iter 1720/4443  loss=0.1662
    [train] iter 1740/4443  loss=0.1163
    [train] iter 1760/4443  loss=0.1643
    [train] iter 1780/4443  loss=0.0993
    [train] iter 1800/4443  loss=0.2288
    [train] iter 1820/4443  loss=0.0970
    [train] iter 1840/4443  loss=0.0713
    [train] iter 1860/4443  loss=0.1538
    [train] iter 1880/4443  loss=0.1653
    [train] iter 1900/4443  loss=0.1495
    [train] iter 1920/4443  loss=0.1176
    [train] iter 1940/4443  loss=0.1548
    [train] iter 1960/4443  loss=0.1366
    [train] iter 1980/4443  loss=0.1693
    [train] iter 2000/4443  loss=0.1080
    [train] iter 2020/4443  loss=0.2074
    [train] iter 2040/4443  loss=0.1160
    [train] iter 2060/4443  loss=0.1296
    [train] iter 2080/4443  loss=0.2400
    [train] iter 2100/4443  loss=0.1443
    [train] iter 2120/4443  loss=0.1844
    [train] iter 2140/4443  loss=0.1062
    [train] iter 2160/4443  loss=0.1856
    [train] iter 2180/4443  loss=0.1265
    [train] iter 2200/4443  loss=0.0815
    [train] iter 2220/4443  loss=0.1160
    [train] iter 2240/4443  loss=0.1970
    [train] iter 2260/4443  loss=0.2862
    [train] iter 2280/4443  loss=0.2303
    [train] iter 2300/4443  loss=0.1629
    [train] iter 2320/4443  loss=0.1785
    [train] iter 2340/4443  loss=0.1907
    [train] iter 2360/4443  loss=0.0899
    [train] iter 2380/4443  loss=0.0901
    [train] iter 2400/4443  loss=0.2010
    [train] iter 2420/4443  loss=0.1327
    [train] iter 2440/4443  loss=0.1288
    [train] iter 2460/4443  loss=0.1375
    [train] iter 2480/4443  loss=0.1358
    [train] iter 2500/4443  loss=0.0892
    [train] iter 2520/4443  loss=0.1232
    [train] iter 2540/4443  loss=0.1300
    [train] iter 2560/4443  loss=0.1050
    [train] iter 2580/4443  loss=0.1296
    [train] iter 2600/4443  loss=0.1935
    [train] iter 2620/4443  loss=0.2384
    [train] iter 2640/4443  loss=0.1356
    [train] iter 2660/4443  loss=0.1183
    [train] iter 2680/4443  loss=0.1641
    [train] iter 2700/4443  loss=0.0803
    [train] iter 2720/4443  loss=0.1950
    [train] iter 2740/4443  loss=0.1990
    [train] iter 2760/4443  loss=0.1130
    [train] iter 2780/4443  loss=0.1298
    [train] iter 2800/4443  loss=0.2037
    [train] iter 2820/4443  loss=0.0663
    [train] iter 2840/4443  loss=0.1005
    [train] iter 2860/4443  loss=0.1124
    [train] iter 2880/4443  loss=0.1159
    [train] iter 2900/4443  loss=0.1839
    [train] iter 2920/4443  loss=0.1243
    [train] iter 2940/4443  loss=0.1977
    [train] iter 2960/4443  loss=0.1634
    [train] iter 2980/4443  loss=0.1018
    [train] iter 3000/4443  loss=0.1552
    [train] iter 3020/4443  loss=0.0983
    [train] iter 3040/4443  loss=0.2767
    [train] iter 3060/4443  loss=0.1376
    [train] iter 3080/4443  loss=0.1124
    [train] iter 3100/4443  loss=0.1531
    [train] iter 3120/4443  loss=0.1170
    [train] iter 3140/4443  loss=0.1761
    [train] iter 3160/4443  loss=0.1941
    [train] iter 3180/4443  loss=0.1471
    [train] iter 3200/4443  loss=0.1075
    [train] iter 3220/4443  loss=0.1186
    [train] iter 3240/4443  loss=0.2118
    [train] iter 3260/4443  loss=0.1570
    [train] iter 3280/4443  loss=0.1260
    [train] iter 3300/4443  loss=0.1345
    [train] iter 3320/4443  loss=0.1360
    [train] iter 3340/4443  loss=0.1751
    [train] iter 3360/4443  loss=0.1074
    [train] iter 3380/4443  loss=0.2886
    [train] iter 3400/4443  loss=0.1894
    [train] iter 3420/4443  loss=0.0863
    [train] iter 3440/4443  loss=0.1273
    [train] iter 3460/4443  loss=0.1264
    [train] iter 3480/4443  loss=0.2536
    [train] iter 3500/4443  loss=0.0971
    [train] iter 3520/4443  loss=0.1391
    [train] iter 3540/4443  loss=0.1947
    [train] iter 3560/4443  loss=0.1035
    [train] iter 3580/4443  loss=0.1881
    [train] iter 3600/4443  loss=0.1627
    [train] iter 3620/4443  loss=0.1087
    [train] iter 3640/4443  loss=0.2037
    [train] iter 3660/4443  loss=0.1286
    [train] iter 3680/4443  loss=0.1725
    [train] iter 3700/4443  loss=0.1137
    [train] iter 3720/4443  loss=0.1260
    [train] iter 3740/4443  loss=0.1020
    [train] iter 3760/4443  loss=0.2061
    [train] iter 3780/4443  loss=0.2064
    [train] iter 3800/4443  loss=0.0721
    [train] iter 3820/4443  loss=0.1974
    [train] iter 3840/4443  loss=0.1024
    [train] iter 3860/4443  loss=0.0943
    [train] iter 3880/4443  loss=0.0959
    [train] iter 3900/4443  loss=0.2378
    [train] iter 3920/4443  loss=0.1482
    [train] iter 3940/4443  loss=0.1849
    [train] iter 3960/4443  loss=0.1375
    [train] iter 3980/4443  loss=0.1602
    [train] iter 4000/4443  loss=0.1609
    [train] iter 4020/4443  loss=0.1340
    [train] iter 4040/4443  loss=0.2288
    [train] iter 4060/4443  loss=0.1466
    [train] iter 4080/4443  loss=0.1928
    [train] iter 4100/4443  loss=0.1324
    [train] iter 4120/4443  loss=0.1277
    [train] iter 4140/4443  loss=0.1573
    [train] iter 4160/4443  loss=0.1495
    [train] iter 4180/4443  loss=0.1403
    [train] iter 4200/4443  loss=0.1484
    [train] iter 4220/4443  loss=0.2694
    [train] iter 4240/4443  loss=0.2659
    [train] iter 4260/4443  loss=0.1384
    [train] iter 4280/4443  loss=0.1239
    [train] iter 4300/4443  loss=0.2555
    [train] iter 4320/4443  loss=0.1052
    [train] iter 4340/4443  loss=0.1041
    [train] iter 4360/4443  loss=0.2960
    [train] iter 4380/4443  loss=0.1143
    [train] iter 4400/4443  loss=0.1686
    [train] iter 4420/4443  loss=0.0999
    [train] iter 4440/4443  loss=0.2603
  train_loss=0.1521  val_loss=0.1713  val_dice=0.8027

--- Epoch 49/100 (lr=1.59e-04) ---
    [train] iter 20/4443  loss=0.1753
    [train] iter 40/4443  loss=0.0765
    [train] iter 60/4443  loss=0.1648
    [train] iter 80/4443  loss=0.1491
    [train] iter 100/4443  loss=0.1563
    [train] iter 120/4443  loss=0.1269
    [train] iter 140/4443  loss=0.0864
    [train] iter 160/4443  loss=0.1276
    [train] iter 180/4443  loss=0.1420
    [train] iter 200/4443  loss=0.0790
    [train] iter 220/4443  loss=0.1247
    [train] iter 240/4443  loss=0.1881
    [train] iter 260/4443  loss=0.1559
    [train] iter 280/4443  loss=0.2016
    [train] iter 300/4443  loss=0.1091
    [train] iter 320/4443  loss=0.1810
    [train] iter 340/4443  loss=0.1489
    [train] iter 360/4443  loss=0.0936
    [train] iter 380/4443  loss=0.1540
    [train] iter 400/4443  loss=0.1611
    [train] iter 420/4443  loss=0.2431
    [train] iter 440/4443  loss=0.1056
    [train] iter 460/4443  loss=0.1431
    [train] iter 480/4443  loss=0.1347
    [train] iter 500/4443  loss=0.1916
    [train] iter 520/4443  loss=0.1341
    [train] iter 540/4443  loss=0.2666
    [train] iter 560/4443  loss=0.1351
    [train] iter 580/4443  loss=0.1055
    [train] iter 600/4443  loss=0.1112
    [train] iter 620/4443  loss=0.1361
    [train] iter 640/4443  loss=0.0980
    [train] iter 660/4443  loss=0.1190
    [train] iter 680/4443  loss=0.2223
    [train] iter 700/4443  loss=0.1204
    [train] iter 720/4443  loss=0.0950
    [train] iter 740/4443  loss=0.1419
    [train] iter 760/4443  loss=0.2594
    [train] iter 780/4443  loss=0.1142
    [train] iter 800/4443  loss=0.2008
    [train] iter 820/4443  loss=0.1075
    [train] iter 840/4443  loss=0.2741
    [train] iter 860/4443  loss=0.1952
    [train] iter 880/4443  loss=0.1285
    [train] iter 900/4443  loss=0.1178
    [train] iter 920/4443  loss=0.1043
    [train] iter 940/4443  loss=0.2348
    [train] iter 960/4443  loss=0.1945
    [train] iter 980/4443  loss=0.1175
    [train] iter 1000/4443  loss=0.1327
    [train] iter 1020/4443  loss=0.1508
    [train] iter 1040/4443  loss=0.1570
    [train] iter 1060/4443  loss=0.1075
    [train] iter 1080/4443  loss=0.0799
    [train] iter 1100/4443  loss=0.1618
    [train] iter 1120/4443  loss=0.0935
    [train] iter 1140/4443  loss=0.2907
    [train] iter 1160/4443  loss=0.1448
    [train] iter 1180/4443  loss=0.1531
    [train] iter 1200/4443  loss=0.1532
    [train] iter 1220/4443  loss=0.1628
    [train] iter 1240/4443  loss=0.1474
    [train] iter 1260/4443  loss=0.1636
    [train] iter 1280/4443  loss=0.0701
    [train] iter 1300/4443  loss=0.1591
    [train] iter 1320/4443  loss=0.0968
    [train] iter 1340/4443  loss=0.1679
    [train] iter 1360/4443  loss=0.0818
    [train] iter 1380/4443  loss=0.0982
    [train] iter 1400/4443  loss=0.0808
    [train] iter 1420/4443  loss=0.1289
    [train] iter 1440/4443  loss=0.1500
    [train] iter 1460/4443  loss=0.1350
    [train] iter 1480/4443  loss=0.1062
    [train] iter 1500/4443  loss=0.1296
    [train] iter 1520/4443  loss=0.1804
    [train] iter 1540/4443  loss=0.0701
    [train] iter 1560/4443  loss=0.1576
    [train] iter 1580/4443  loss=0.2892
    [train] iter 1600/4443  loss=0.0980
    [train] iter 1620/4443  loss=0.1457
    [train] iter 1640/4443  loss=0.2513
    [train] iter 1660/4443  loss=0.1187
    [train] iter 1680/4443  loss=0.2044
    [train] iter 1700/4443  loss=0.1954
    [train] iter 1720/4443  loss=0.2089
    [train] iter 1740/4443  loss=0.1624
    [train] iter 1760/4443  loss=0.1268
    [train] iter 1780/4443  loss=0.1520
    [train] iter 1800/4443  loss=0.1498
    [train] iter 1820/4443  loss=0.1943
    [train] iter 1840/4443  loss=0.1481
    [train] iter 1860/4443  loss=0.1146
    [train] iter 1880/4443  loss=0.1699
    [train] iter 1900/4443  loss=0.1461
    [train] iter 1920/4443  loss=0.1052
    [train] iter 1940/4443  loss=0.3081
    [train] iter 1960/4443  loss=0.2101
    [train] iter 1980/4443  loss=0.1911
    [train] iter 2000/4443  loss=0.0785
    [train] iter 2020/4443  loss=0.1560
    [train] iter 2040/4443  loss=0.2750
    [train] iter 2060/4443  loss=0.0868
    [train] iter 2080/4443  loss=0.1943
    [train] iter 2100/4443  loss=0.2039
    [train] iter 2120/4443  loss=0.1688
    [train] iter 2140/4443  loss=0.1165
    [train] iter 2160/4443  loss=0.2474
    [train] iter 2180/4443  loss=0.0892
    [train] iter 2200/4443  loss=0.1045
    [train] iter 2220/4443  loss=0.1555
    [train] iter 2240/4443  loss=0.1182
    [train] iter 2260/4443  loss=0.2507
    [train] iter 2280/4443  loss=0.1085
    [train] iter 2300/4443  loss=0.2053
    [train] iter 2320/4443  loss=0.1617
    [train] iter 2340/4443  loss=0.1429
    [train] iter 2360/4443  loss=0.2050
    [train] iter 2380/4443  loss=0.0846
    [train] iter 2400/4443  loss=0.0941
    [train] iter 2420/4443  loss=0.2030
    [train] iter 2440/4443  loss=0.1392
    [train] iter 2460/4443  loss=0.1403
    [train] iter 2480/4443  loss=0.0982
    [train] iter 2500/4443  loss=0.1778
    [train] iter 2520/4443  loss=0.1376
    [train] iter 2540/4443  loss=0.0919
    [train] iter 2560/4443  loss=0.1461
    [train] iter 2580/4443  loss=0.1899
    [train] iter 2600/4443  loss=0.1045
    [train] iter 2620/4443  loss=0.2614
    [train] iter 2640/4443  loss=0.0936
    [train] iter 2660/4443  loss=0.1246
    [train] iter 2680/4443  loss=0.1489
    [train] iter 2700/4443  loss=0.0960
    [train] iter 2720/4443  loss=0.0728
    [train] iter 2740/4443  loss=0.1704
    [train] iter 2760/4443  loss=0.2040
    [train] iter 2780/4443  loss=0.1753
    [train] iter 2800/4443  loss=0.1437
    [train] iter 2820/4443  loss=0.1711
    [train] iter 2840/4443  loss=0.1312
    [train] iter 2860/4443  loss=0.2027
    [train] iter 2880/4443  loss=0.1127
    [train] iter 2900/4443  loss=0.1470
    [train] iter 2920/4443  loss=0.1104
    [train] iter 2940/4443  loss=0.0859
    [train] iter 2960/4443  loss=0.1414
    [train] iter 2980/4443  loss=0.1410
    [train] iter 3000/4443  loss=0.1771
    [train] iter 3020/4443  loss=0.1846
    [train] iter 3040/4443  loss=0.0921
    [train] iter 3060/4443  loss=0.1030
    [train] iter 3080/4443  loss=0.1954
    [train] iter 3100/4443  loss=0.1813
    [train] iter 3120/4443  loss=0.1020
    [train] iter 3140/4443  loss=0.1039
    [train] iter 3160/4443  loss=0.1540
    [train] iter 3180/4443  loss=0.1239
    [train] iter 3200/4443  loss=0.1081
    [train] iter 3220/4443  loss=0.1137
    [train] iter 3240/4443  loss=0.1306
    [train] iter 3260/4443  loss=0.0991
    [train] iter 3280/4443  loss=0.1553
    [train] iter 3300/4443  loss=0.1359
    [train] iter 3320/4443  loss=0.2177
    [train] iter 3340/4443  loss=0.0748
    [train] iter 3360/4443  loss=0.1228
    [train] iter 3380/4443  loss=0.1018
    [train] iter 3400/4443  loss=0.1458
    [train] iter 3420/4443  loss=0.1134
    [train] iter 3440/4443  loss=0.1440
    [train] iter 3460/4443  loss=0.1889
    [train] iter 3480/4443  loss=0.1028
    [train] iter 3500/4443  loss=0.2346
    [train] iter 3520/4443  loss=0.1923
    [train] iter 3540/4443  loss=0.1753
    [train] iter 3560/4443  loss=0.1186
    [train] iter 3580/4443  loss=0.1419
    [train] iter 3600/4443  loss=0.1479
    [train] iter 3620/4443  loss=0.1270
    [train] iter 3640/4443  loss=0.0652
    [train] iter 3660/4443  loss=0.1061
    [train] iter 3680/4443  loss=0.1724
    [train] iter 3700/4443  loss=0.1771
    [train] iter 3720/4443  loss=0.1155
    [train] iter 3740/4443  loss=0.1588
    [train] iter 3760/4443  loss=0.1182
    [train] iter 3780/4443  loss=0.1838
    [train] iter 3800/4443  loss=0.1814
    [train] iter 3820/4443  loss=0.2509
    [train] iter 3840/4443  loss=0.1726
    [train] iter 3860/4443  loss=0.1106
    [train] iter 3880/4443  loss=0.0947
    [train] iter 3900/4443  loss=0.1577
    [train] iter 3920/4443  loss=0.1964
    [train] iter 3940/4443  loss=0.1137
    [train] iter 3960/4443  loss=0.1971
    [train] iter 3980/4443  loss=0.1265
    [train] iter 4000/4443  loss=0.0745
    [train] iter 4020/4443  loss=0.1779
    [train] iter 4040/4443  loss=0.0690
    [train] iter 4060/4443  loss=0.1383
    [train] iter 4080/4443  loss=0.1385
    [train] iter 4100/4443  loss=0.1952
    [train] iter 4120/4443  loss=0.1706
    [train] iter 4140/4443  loss=0.2652
    [train] iter 4160/4443  loss=0.2120
    [train] iter 4180/4443  loss=0.1186
    [train] iter 4200/4443  loss=0.2243
    [train] iter 4220/4443  loss=0.1796
    [train] iter 4240/4443  loss=0.1299
    [train] iter 4260/4443  loss=0.1346
    [train] iter 4280/4443  loss=0.1140
    [train] iter 4300/4443  loss=0.1992
    [train] iter 4320/4443  loss=0.0886
    [train] iter 4340/4443  loss=0.2042
    [train] iter 4360/4443  loss=0.2787
    [train] iter 4380/4443  loss=0.2607
    [train] iter 4400/4443  loss=0.1628
    [train] iter 4420/4443  loss=0.1868
    [train] iter 4440/4443  loss=0.2066
  train_loss=0.1500  val_loss=0.1677  val_dice=0.8055

--- Epoch 50/100 (lr=1.55e-04) ---
    [train] iter 20/4443  loss=0.0844
    [train] iter 40/4443  loss=0.1418
    [train] iter 60/4443  loss=0.1298
    [train] iter 80/4443  loss=0.1404
    [train] iter 100/4443  loss=0.1505
    [train] iter 120/4443  loss=0.1787
    [train] iter 140/4443  loss=0.1856
    [train] iter 160/4443  loss=0.1670
    [train] iter 180/4443  loss=0.2918
    [train] iter 200/4443  loss=0.1638
    [train] iter 220/4443  loss=0.0910
    [train] iter 240/4443  loss=0.1702
    [train] iter 260/4443  loss=0.0991
    [train] iter 280/4443  loss=0.1736
    [train] iter 300/4443  loss=0.1582
    [train] iter 320/4443  loss=0.1622
    [train] iter 340/4443  loss=0.1752
    [train] iter 360/4443  loss=0.1923
    [train] iter 380/4443  loss=0.1747
    [train] iter 400/4443  loss=0.1111
    [train] iter 420/4443  loss=0.1264
    [train] iter 440/4443  loss=0.2118
    [train] iter 460/4443  loss=0.0930
    [train] iter 480/4443  loss=0.0797
    [train] iter 500/4443  loss=0.2375
    [train] iter 520/4443  loss=0.2004
    [train] iter 540/4443  loss=0.0862
    [train] iter 560/4443  loss=0.0797
    [train] iter 580/4443  loss=0.0701
    [train] iter 600/4443  loss=0.1085
    [train] iter 620/4443  loss=0.1360
    [train] iter 640/4443  loss=0.1523
    [train] iter 660/4443  loss=0.1921
    [train] iter 680/4443  loss=0.0927
    [train] iter 700/4443  loss=0.1692
    [train] iter 720/4443  loss=0.1238
    [train] iter 740/4443  loss=0.1621
    [train] iter 760/4443  loss=0.1786
    [train] iter 780/4443  loss=0.1175
    [train] iter 800/4443  loss=0.1538
    [train] iter 820/4443  loss=0.1848
    [train] iter 840/4443  loss=0.1006
    [train] iter 860/4443  loss=0.0935
    [train] iter 880/4443  loss=0.1343
    [train] iter 900/4443  loss=0.1184
    [train] iter 920/4443  loss=0.0904
    [train] iter 940/4443  loss=0.1114
    [train] iter 960/4443  loss=0.1375
    [train] iter 980/4443  loss=0.1827
    [train] iter 1000/4443  loss=0.1135
    [train] iter 1020/4443  loss=0.1284
    [train] iter 1040/4443  loss=0.1102
    [train] iter 1060/4443  loss=0.1548
    [train] iter 1080/4443  loss=0.0992
    [train] iter 1100/4443  loss=0.1352
    [train] iter 1120/4443  loss=0.1565
    [train] iter 1140/4443  loss=0.0849
    [train] iter 1160/4443  loss=0.1570
    [train] iter 1180/4443  loss=0.1765
    [train] iter 1200/4443  loss=0.0820
    [train] iter 1220/4443  loss=0.0994
    [train] iter 1240/4443  loss=0.1264
    [train] iter 1260/4443  loss=0.0927
    [train] iter 1280/4443  loss=0.2505
    [train] iter 1300/4443  loss=0.1060
    [train] iter 1320/4443  loss=0.1616
    [train] iter 1340/4443  loss=0.1102
    [train] iter 1360/4443  loss=0.1467
    [train] iter 1380/4443  loss=0.1751
    [train] iter 1400/4443  loss=0.1178
    [train] iter 1420/4443  loss=0.1382
    [train] iter 1440/4443  loss=0.1716
    [train] iter 1460/4443  loss=0.1388
    [train] iter 1480/4443  loss=0.1936
    [train] iter 1500/4443  loss=0.1801
    [train] iter 1520/4443  loss=0.0720
    [train] iter 1540/4443  loss=0.1120
    [train] iter 1560/4443  loss=0.1254
    [train] iter 1580/4443  loss=0.1008
    [train] iter 1600/4443  loss=0.0964
    [train] iter 1620/4443  loss=0.1821
    [train] iter 1640/4443  loss=0.2206
    [train] iter 1660/4443  loss=0.1809
    [train] iter 1680/4443  loss=0.1924
    [train] iter 1700/4443  loss=0.1199
    [train] iter 1720/4443  loss=0.1817
    [train] iter 1740/4443  loss=0.2686
    [train] iter 1760/4443  loss=0.0985
    [train] iter 1780/4443  loss=0.1480
    [train] iter 1800/4443  loss=0.1739
    [train] iter 1820/4443  loss=0.1581
    [train] iter 1840/4443  loss=0.1789
    [train] iter 1860/4443  loss=0.0915
    [train] iter 1880/4443  loss=0.2605
    [train] iter 1900/4443  loss=0.0709
    [train] iter 1920/4443  loss=0.0895
    [train] iter 1940/4443  loss=0.1825
    [train] iter 1960/4443  loss=0.2023
    [train] iter 1980/4443  loss=0.1708
    [train] iter 2000/4443  loss=0.1454
    [train] iter 2020/4443  loss=0.1540
    [train] iter 2040/4443  loss=0.1866
    [train] iter 2060/4443  loss=0.1003
    [train] iter 2080/4443  loss=0.1413
    [train] iter 2100/4443  loss=0.1273
    [train] iter 2120/4443  loss=0.2679
    [train] iter 2140/4443  loss=0.2096
    [train] iter 2160/4443  loss=0.0952
    [train] iter 2180/4443  loss=0.2644
    [train] iter 2200/4443  loss=0.1471
    [train] iter 2220/4443  loss=0.1121
    [train] iter 2240/4443  loss=0.1182
    [train] iter 2260/4443  loss=0.2278
    [train] iter 2280/4443  loss=0.2506
    [train] iter 2300/4443  loss=0.1266
    [train] iter 2320/4443  loss=0.0876
    [train] iter 2340/4443  loss=0.2139
    [train] iter 2360/4443  loss=0.1888
    [train] iter 2380/4443  loss=0.0841
    [train] iter 2400/4443  loss=0.1724
    [train] iter 2420/4443  loss=0.1514
    [train] iter 2440/4443  loss=0.1186
    [train] iter 2460/4443  loss=0.2509
    [train] iter 2480/4443  loss=0.1176
    [train] iter 2500/4443  loss=0.1381
    [train] iter 2520/4443  loss=0.2142
    [train] iter 2540/4443  loss=0.1442
    [train] iter 2560/4443  loss=0.1051
    [train] iter 2580/4443  loss=0.0820
    [train] iter 2600/4443  loss=0.1556
    [train] iter 2620/4443  loss=0.1304
    [train] iter 2640/4443  loss=0.1707
    [train] iter 2660/4443  loss=0.1355
    [train] iter 2680/4443  loss=0.1202
    [train] iter 2700/4443  loss=0.2030
    [train] iter 2720/4443  loss=0.1428
    [train] iter 2740/4443  loss=0.1649
    [train] iter 2760/4443  loss=0.1684
    [train] iter 2780/4443  loss=0.0850
    [train] iter 2800/4443  loss=0.0951
    [train] iter 2820/4443  loss=0.2594
    [train] iter 2840/4443  loss=0.1341
    [train] iter 2860/4443  loss=0.1419
    [train] iter 2880/4443  loss=0.1277
    [train] iter 2900/4443  loss=0.0952
    [train] iter 2920/4443  loss=0.0782
    [train] iter 2940/4443  loss=0.2319
    [train] iter 2960/4443  loss=0.1949
    [train] iter 2980/4443  loss=0.1124
    [train] iter 3000/4443  loss=0.1034
    [train] iter 3020/4443  loss=0.1197
    [train] iter 3040/4443  loss=0.0838
    [train] iter 3060/4443  loss=0.1260
    [train] iter 3080/4443  loss=0.1128
    [train] iter 3100/4443  loss=0.1589
    [train] iter 3120/4443  loss=0.1092
    [train] iter 3140/4443  loss=0.1534
    [train] iter 3160/4443  loss=0.1476
    [train] iter 3180/4443  loss=0.0868
    [train] iter 3200/4443  loss=0.1589
    [train] iter 3220/4443  loss=0.1213
    [train] iter 3240/4443  loss=0.1579
    [train] iter 3260/4443  loss=0.1223
    [train] iter 3280/4443  loss=0.1207
    [train] iter 3300/4443  loss=0.2509
    [train] iter 3320/4443  loss=0.1376
    [train] iter 3340/4443  loss=0.1586
    [train] iter 3360/4443  loss=0.1681
    [train] iter 3380/4443  loss=0.1097
    [train] iter 3400/4443  loss=0.1289
    [train] iter 3420/4443  loss=0.1165
    [train] iter 3440/4443  loss=0.1414
    [train] iter 3460/4443  loss=0.0819
    [train] iter 3480/4443  loss=0.1288
    [train] iter 3500/4443  loss=0.1104
    [train] iter 3520/4443  loss=0.1572
    [train] iter 3540/4443  loss=0.1014
    [train] iter 3560/4443  loss=0.1974
    [train] iter 3580/4443  loss=0.0821
    [train] iter 3600/4443  loss=0.0869
    [train] iter 3620/4443  loss=0.1794
    [train] iter 3640/4443  loss=0.0767
    [train] iter 3660/4443  loss=0.1419
    [train] iter 3680/4443  loss=0.1015
    [train] iter 3700/4443  loss=0.1802
    [train] iter 3720/4443  loss=0.1757
    [train] iter 3740/4443  loss=0.1134
    [train] iter 3760/4443  loss=0.1780
    [train] iter 3780/4443  loss=0.2448
    [train] iter 3800/4443  loss=0.1550
    [train] iter 3820/4443  loss=0.1166
    [train] iter 3840/4443  loss=0.1687
    [train] iter 3860/4443  loss=0.2054
    [train] iter 3880/4443  loss=0.1153
    [train] iter 3900/4443  loss=0.0606
    [train] iter 3920/4443  loss=0.0815
    [train] iter 3940/4443  loss=0.0928
    [train] iter 3960/4443  loss=0.1627
    [train] iter 3980/4443  loss=0.1175
    [train] iter 4000/4443  loss=0.1366
    [train] iter 4020/4443  loss=0.2068
    [train] iter 4040/4443  loss=0.1797
    [train] iter 4060/4443  loss=0.1255
    [train] iter 4080/4443  loss=0.1034
    [train] iter 4100/4443  loss=0.1934
    [train] iter 4120/4443  loss=0.1163
    [train] iter 4140/4443  loss=0.2074
    [train] iter 4160/4443  loss=0.1414
    [train] iter 4180/4443  loss=0.1744
    [train] iter 4200/4443  loss=0.0774
    [train] iter 4220/4443  loss=0.1317
    [train] iter 4240/4443  loss=0.1913
    [train] iter 4260/4443  loss=0.1729
    [train] iter 4280/4443  loss=0.1575
    [train] iter 4300/4443  loss=0.4040
    [train] iter 4320/4443  loss=0.1487
    [train] iter 4340/4443  loss=0.1737
    [train] iter 4360/4443  loss=0.1959
    [train] iter 4380/4443  loss=0.0951
    [train] iter 4400/4443  loss=0.1112
    [train] iter 4420/4443  loss=0.1669
    [train] iter 4440/4443  loss=0.1586
  train_loss=0.1489  val_loss=0.1674  val_dice=0.8050

--- Epoch 51/100 (lr=1.50e-04) ---
    [train] iter 20/4443  loss=0.3064
    [train] iter 40/4443  loss=0.1687
    [train] iter 60/4443  loss=0.0802
    [train] iter 80/4443  loss=0.0772
    [train] iter 100/4443  loss=0.2437
    [train] iter 120/4443  loss=0.2059
    [train] iter 140/4443  loss=0.1421
    [train] iter 160/4443  loss=0.1833
    [train] iter 180/4443  loss=0.1208
    [train] iter 200/4443  loss=0.1520
    [train] iter 220/4443  loss=0.2476
    [train] iter 240/4443  loss=0.1901
    [train] iter 260/4443  loss=0.1946
    [train] iter 280/4443  loss=0.0968
    [train] iter 300/4443  loss=0.1746
    [train] iter 320/4443  loss=0.1368
    [train] iter 340/4443  loss=0.1011
    [train] iter 360/4443  loss=0.2232
    [train] iter 380/4443  loss=0.1451
    [train] iter 400/4443  loss=0.1244
    [train] iter 420/4443  loss=0.1765
    [train] iter 440/4443  loss=0.1532
    [train] iter 460/4443  loss=0.1090
    [train] iter 480/4443  loss=0.1120
    [train] iter 500/4443  loss=0.1382
    [train] iter 520/4443  loss=0.1362
    [train] iter 540/4443  loss=0.0848
    [train] iter 560/4443  loss=0.2627
    [train] iter 580/4443  loss=0.1669
    [train] iter 600/4443  loss=0.0719
    [train] iter 620/4443  loss=0.1419
    [train] iter 640/4443  loss=0.1060
    [train] iter 660/4443  loss=0.1522
    [train] iter 680/4443  loss=0.0999
    [train] iter 700/4443  loss=0.1217
    [train] iter 720/4443  loss=0.1455
    [train] iter 740/4443  loss=0.2092
    [train] iter 760/4443  loss=0.1829
    [train] iter 780/4443  loss=0.0992
    [train] iter 800/4443  loss=0.1309
    [train] iter 820/4443  loss=0.2379
    [train] iter 840/4443  loss=0.0780
    [train] iter 860/4443  loss=0.1269
    [train] iter 880/4443  loss=0.1015
    [train] iter 900/4443  loss=0.0739
    [train] iter 920/4443  loss=0.1466
    [train] iter 940/4443  loss=0.1862
    [train] iter 960/4443  loss=0.1404
    [train] iter 980/4443  loss=0.0731
    [train] iter 1000/4443  loss=0.2124
    [train] iter 1020/4443  loss=0.2088
    [train] iter 1040/4443  loss=0.1207
    [train] iter 1060/4443  loss=0.1404
    [train] iter 1080/4443  loss=0.1164
    [train] iter 1100/4443  loss=0.3595
    [train] iter 1120/4443  loss=0.2351
    [train] iter 1140/4443  loss=0.0989
    [train] iter 1160/4443  loss=0.0756
    [train] iter 1180/4443  loss=0.1264
    [train] iter 1200/4443  loss=0.2165
    [train] iter 1220/4443  loss=0.1222
    [train] iter 1240/4443  loss=0.0971
    [train] iter 1260/4443  loss=0.2198
    [train] iter 1280/4443  loss=0.1480
    [train] iter 1300/4443  loss=0.1434
    [train] iter 1320/4443  loss=0.0919
    [train] iter 1340/4443  loss=0.2891
    [train] iter 1360/4443  loss=0.3232
    [train] iter 1380/4443  loss=0.1574
    [train] iter 1400/4443  loss=0.1599
    [train] iter 1420/4443  loss=0.1557
    [train] iter 1440/4443  loss=0.1103
    [train] iter 1460/4443  loss=0.1838
    [train] iter 1480/4443  loss=0.1861
    [train] iter 1500/4443  loss=0.2103
    [train] iter 1520/4443  loss=0.1522
    [train] iter 1540/4443  loss=0.1523
    [train] iter 1560/4443  loss=0.1320
    [train] iter 1580/4443  loss=0.1644
    [train] iter 1600/4443  loss=0.0789
    [train] iter 1620/4443  loss=0.1410
    [train] iter 1640/4443  loss=0.1528
    [train] iter 1660/4443  loss=0.1374
    [train] iter 1680/4443  loss=0.1601
    [train] iter 1700/4443  loss=0.1106
    [train] iter 1720/4443  loss=0.1181
    [train] iter 1740/4443  loss=0.2124
    [train] iter 1760/4443  loss=0.1024
    [train] iter 1780/4443  loss=0.1341
    [train] iter 1800/4443  loss=0.1537
    [train] iter 1820/4443  loss=0.1211
    [train] iter 1840/4443  loss=0.3092
    [train] iter 1860/4443  loss=0.0704
    [train] iter 1880/4443  loss=0.1091
    [train] iter 1900/4443  loss=0.0866
    [train] iter 1920/4443  loss=0.1720
    [train] iter 1940/4443  loss=0.1953
    [train] iter 1960/4443  loss=0.1068
    [train] iter 1980/4443  loss=0.1204
    [train] iter 2000/4443  loss=0.1083
    [train] iter 2020/4443  loss=0.1547
    [train] iter 2040/4443  loss=0.1393
    [train] iter 2060/4443  loss=0.1097
    [train] iter 2080/4443  loss=0.1448
    [train] iter 2100/4443  loss=0.1557
    [train] iter 2120/4443  loss=0.0864
    [train] iter 2140/4443  loss=0.2160
    [train] iter 2160/4443  loss=0.1353
    [train] iter 2180/4443  loss=0.1444
    [train] iter 2200/4443  loss=0.0979
    [train] iter 2220/4443  loss=0.1253
    [train] iter 2240/4443  loss=0.1443
    [train] iter 2260/4443  loss=0.0829
    [train] iter 2280/4443  loss=0.2090
    [train] iter 2300/4443  loss=0.1484
    [train] iter 2320/4443  loss=0.1220
    [train] iter 2340/4443  loss=0.1280
    [train] iter 2360/4443  loss=0.1542
    [train] iter 2380/4443  loss=0.1412
    [train] iter 2400/4443  loss=0.1433
    [train] iter 2420/4443  loss=0.1166
    [train] iter 2440/4443  loss=0.1403
    [train] iter 2460/4443  loss=0.1556
    [train] iter 2480/4443  loss=0.0895
    [train] iter 2500/4443  loss=0.1893
    [train] iter 2520/4443  loss=0.2581
    [train] iter 2540/4443  loss=0.1433
    [train] iter 2560/4443  loss=0.1722
    [train] iter 2580/4443  loss=0.1083
    [train] iter 2600/4443  loss=0.1313
    [train] iter 2620/4443  loss=0.0987
    [train] iter 2640/4443  loss=0.0741
    [train] iter 2660/4443  loss=0.1957
    [train] iter 2680/4443  loss=0.1873
    [train] iter 2700/4443  loss=0.1357
    [train] iter 2720/4443  loss=0.1659
    [train] iter 2740/4443  loss=0.1035
    [train] iter 2760/4443  loss=0.2054
    [train] iter 2780/4443  loss=0.1072
    [train] iter 2800/4443  loss=0.1044
    [train] iter 2820/4443  loss=0.0707
    [train] iter 2840/4443  loss=0.0887
    [train] iter 2860/4443  loss=0.1120
    [train] iter 2880/4443  loss=0.1013
    [train] iter 2900/4443  loss=0.0869
    [train] iter 2920/4443  loss=0.1851
    [train] iter 2940/4443  loss=0.1384
    [train] iter 2960/4443  loss=0.1178
    [train] iter 2980/4443  loss=0.1350
    [train] iter 3000/4443  loss=0.1218
    [train] iter 3020/4443  loss=0.1719
    [train] iter 3040/4443  loss=0.2247
    [train] iter 3060/4443  loss=0.1052
    [train] iter 3080/4443  loss=0.1080
    [train] iter 3100/4443  loss=0.1617
    [train] iter 3120/4443  loss=0.1634
    [train] iter 3140/4443  loss=0.2301
    [train] iter 3160/4443  loss=0.2200
    [train] iter 3180/4443  loss=0.0900
    [train] iter 3200/4443  loss=0.1707
    [train] iter 3220/4443  loss=0.1321
    [train] iter 3240/4443  loss=0.1762
    [train] iter 3260/4443  loss=0.1675
    [train] iter 3280/4443  loss=0.1736
    [train] iter 3300/4443  loss=0.0868
    [train] iter 3320/4443  loss=0.1890
    [train] iter 3340/4443  loss=0.1202
    [train] iter 3360/4443  loss=0.1233
    [train] iter 3380/4443  loss=0.1102
    [train] iter 3400/4443  loss=0.1458
    [train] iter 3420/4443  loss=0.1453
    [train] iter 3440/4443  loss=0.1982
    [train] iter 3460/4443  loss=0.1455
    [train] iter 3480/4443  loss=0.1660
    [train] iter 3500/4443  loss=0.1181
    [train] iter 3520/4443  loss=0.0962
    [train] iter 3540/4443  loss=0.1615
    [train] iter 3560/4443  loss=0.1451
    [train] iter 3580/4443  loss=0.2036
    [train] iter 3600/4443  loss=0.1530
    [train] iter 3620/4443  loss=0.0737
    [train] iter 3640/4443  loss=0.1822
    [train] iter 3660/4443  loss=0.0904
    [train] iter 3680/4443  loss=0.2636
    [train] iter 3700/4443  loss=0.1196
    [train] iter 3720/4443  loss=0.1782
    [train] iter 3740/4443  loss=0.0890
    [train] iter 3760/4443  loss=0.1243
    [train] iter 3780/4443  loss=0.1234
    [train] iter 3800/4443  loss=0.1501
    [train] iter 3820/4443  loss=0.1939
    [train] iter 3840/4443  loss=0.1655
    [train] iter 3860/4443  loss=0.0783
    [train] iter 3880/4443  loss=0.2519
    [train] iter 3900/4443  loss=0.1212
    [train] iter 3920/4443  loss=0.1447
    [train] iter 3940/4443  loss=0.1181
    [train] iter 3960/4443  loss=0.1471
    [train] iter 3980/4443  loss=0.1216
    [train] iter 4000/4443  loss=0.1507
    [train] iter 4020/4443  loss=0.1138
    [train] iter 4040/4443  loss=0.1273
    [train] iter 4060/4443  loss=0.2189
    [train] iter 4080/4443  loss=0.1809
    [train] iter 4100/4443  loss=0.1471
    [train] iter 4120/4443  loss=0.1449
    [train] iter 4140/4443  loss=0.1582
    [train] iter 4160/4443  loss=0.2119
    [train] iter 4180/4443  loss=0.0711
    [train] iter 4200/4443  loss=0.1111
    [train] iter 4220/4443  loss=0.2120
    [train] iter 4240/4443  loss=0.1169
    [train] iter 4260/4443  loss=0.1776
    [train] iter 4280/4443  loss=0.1327
    [train] iter 4300/4443  loss=0.1337
    [train] iter 4320/4443  loss=0.1039
    [train] iter 4340/4443  loss=0.2706
    [train] iter 4360/4443  loss=0.1470
    [train] iter 4380/4443  loss=0.1172
    [train] iter 4400/4443  loss=0.1091
    [train] iter 4420/4443  loss=0.1214
    [train] iter 4440/4443  loss=0.2350
  train_loss=0.1483  val_loss=0.1645  val_dice=0.8100
  [best] val_dice=0.8100 已保存

--- Epoch 52/100 (lr=1.45e-04) ---
    [train] iter 20/4443  loss=0.1556
    [train] iter 40/4443  loss=0.0945
    [train] iter 60/4443  loss=0.2055
    [train] iter 80/4443  loss=0.1302
    [train] iter 100/4443  loss=0.1562
    [train] iter 120/4443  loss=0.1907
    [train] iter 140/4443  loss=0.1634
    [train] iter 160/4443  loss=0.2020
    [train] iter 180/4443  loss=0.1229
    [train] iter 200/4443  loss=0.1599
    [train] iter 220/4443  loss=0.1616
    [train] iter 240/4443  loss=0.0855
    [train] iter 260/4443  loss=0.2667
    [train] iter 280/4443  loss=0.1093
    [train] iter 300/4443  loss=0.1687
    [train] iter 320/4443  loss=0.1314
    [train] iter 340/4443  loss=0.1043
    [train] iter 360/4443  loss=0.1459
    [train] iter 380/4443  loss=0.1273
    [train] iter 400/4443  loss=0.1652
    [train] iter 420/4443  loss=0.1902
    [train] iter 440/4443  loss=0.0996
    [train] iter 460/4443  loss=0.0885
    [train] iter 480/4443  loss=0.1508
    [train] iter 500/4443  loss=0.1064
    [train] iter 520/4443  loss=0.1300
    [train] iter 540/4443  loss=0.1129
    [train] iter 560/4443  loss=0.1845
    [train] iter 580/4443  loss=0.1118
    [train] iter 600/4443  loss=0.0974
    [train] iter 620/4443  loss=0.1141
    [train] iter 640/4443  loss=0.1103
    [train] iter 660/4443  loss=0.0981
    [train] iter 680/4443  loss=0.1713
    [train] iter 700/4443  loss=0.1240
    [train] iter 720/4443  loss=0.0918
    [train] iter 740/4443  loss=0.1342
    [train] iter 760/4443  loss=0.1088
    [train] iter 780/4443  loss=0.2196
    [train] iter 800/4443  loss=0.1339
    [train] iter 820/4443  loss=0.1589
    [train] iter 840/4443  loss=0.1108
    [train] iter 860/4443  loss=0.1475
    [train] iter 880/4443  loss=0.1382
    [train] iter 900/4443  loss=0.1094
    [train] iter 920/4443  loss=0.1747
    [train] iter 940/4443  loss=0.1233
    [train] iter 960/4443  loss=0.2589
    [train] iter 980/4443  loss=0.1229
    [train] iter 1000/4443  loss=0.1504
    [train] iter 1020/4443  loss=0.1023
    [train] iter 1040/4443  loss=0.1384
    [train] iter 1060/4443  loss=0.1517
    [train] iter 1080/4443  loss=0.2025
    [train] iter 1100/4443  loss=0.1014
    [train] iter 1120/4443  loss=0.1343
    [train] iter 1140/4443  loss=0.1400
    [train] iter 1160/4443  loss=0.1749
    [train] iter 1180/4443  loss=0.1295
    [train] iter 1200/4443  loss=0.2204
    [train] iter 1220/4443  loss=0.1226
    [train] iter 1240/4443  loss=0.1683
    [train] iter 1260/4443  loss=0.2481
    [train] iter 1280/4443  loss=0.1030
    [train] iter 1300/4443  loss=0.1321
    [train] iter 1320/4443  loss=0.1104
    [train] iter 1340/4443  loss=0.1699
    [train] iter 1360/4443  loss=0.1141
    [train] iter 1380/4443  loss=0.1197
    [train] iter 1400/4443  loss=0.0834
    [train] iter 1420/4443  loss=0.0949
    [train] iter 1440/4443  loss=0.1499
    [train] iter 1460/4443  loss=0.0992
    [train] iter 1480/4443  loss=0.1153
    [train] iter 1500/4443  loss=0.2079
    [train] iter 1520/4443  loss=0.1162
    [train] iter 1540/4443  loss=0.0933
    [train] iter 1560/4443  loss=0.3699
    [train] iter 1580/4443  loss=0.1484
    [train] iter 1600/4443  loss=0.2346
    [train] iter 1620/4443  loss=0.1507
    [train] iter 1640/4443  loss=0.0934
    [train] iter 1660/4443  loss=0.1373
    [train] iter 1680/4443  loss=0.1252
    [train] iter 1700/4443  loss=0.0906
    [train] iter 1720/4443  loss=0.1073
    [train] iter 1740/4443  loss=0.1130
    [train] iter 1760/4443  loss=0.1637
    [train] iter 1780/4443  loss=0.1047
    [train] iter 1800/4443  loss=0.1305
    [train] iter 1820/4443  loss=0.0814
    [train] iter 1840/4443  loss=0.1194
    [train] iter 1860/4443  loss=0.1518
    [train] iter 1880/4443  loss=0.1041
    [train] iter 1900/4443  loss=0.1043
    [train] iter 1920/4443  loss=0.1536
    [train] iter 1940/4443  loss=0.1203
    [train] iter 1960/4443  loss=0.1547
    [train] iter 1980/4443  loss=0.1933
    [train] iter 2000/4443  loss=0.1460
    [train] iter 2020/4443  loss=0.1549
    [train] iter 2040/4443  loss=0.1530
    [train] iter 2060/4443  loss=0.1257
    [train] iter 2080/4443  loss=0.1294
    [train] iter 2100/4443  loss=0.1466
    [train] iter 2120/4443  loss=0.0804
    [train] iter 2140/4443  loss=0.1556
    [train] iter 2160/4443  loss=0.2940
    [train] iter 2180/4443  loss=0.1625
    [train] iter 2200/4443  loss=0.1505
    [train] iter 2220/4443  loss=0.1389
    [train] iter 2240/4443  loss=0.1073
    [train] iter 2260/4443  loss=0.1279
    [train] iter 2280/4443  loss=0.1850
    [train] iter 2300/4443  loss=0.0798
    [train] iter 2320/4443  loss=0.2017
    [train] iter 2340/4443  loss=0.1136
    [train] iter 2360/4443  loss=0.1350
    [train] iter 2380/4443  loss=0.0971
    [train] iter 2400/4443  loss=0.1065
    [train] iter 2420/4443  loss=0.1466
    [train] iter 2440/4443  loss=0.1079
    [train] iter 2460/4443  loss=0.1321
    [train] iter 2480/4443  loss=0.2366
    [train] iter 2500/4443  loss=0.0776
    [train] iter 2520/4443  loss=0.1968
    [train] iter 2540/4443  loss=0.1383
    [train] iter 2560/4443  loss=0.1291
    [train] iter 2580/4443  loss=0.1258
    [train] iter 2600/4443  loss=0.1055
    [train] iter 2620/4443  loss=0.1672
    [train] iter 2640/4443  loss=0.1491
    [train] iter 2660/4443  loss=0.2382
    [train] iter 2680/4443  loss=0.1188
    [train] iter 2700/4443  loss=0.1184
    [train] iter 2720/4443  loss=0.1545
    [train] iter 2740/4443  loss=0.1676
    [train] iter 2760/4443  loss=0.0807
    [train] iter 2780/4443  loss=0.1460
    [train] iter 2800/4443  loss=0.1584
    [train] iter 2820/4443  loss=0.1703
    [train] iter 2840/4443  loss=0.1183
    [train] iter 2860/4443  loss=0.1348
    [train] iter 2880/4443  loss=0.1250
    [train] iter 2900/4443  loss=0.2126
    [train] iter 2920/4443  loss=0.1344
    [train] iter 2940/4443  loss=0.0794
    [train] iter 2960/4443  loss=0.0914
    [train] iter 2980/4443  loss=0.2126
    [train] iter 3000/4443  loss=0.1164
    [train] iter 3020/4443  loss=0.1909
    [train] iter 3040/4443  loss=0.3132
    [train] iter 3060/4443  loss=0.1768
    [train] iter 3080/4443  loss=0.1792
    [train] iter 3100/4443  loss=0.0847
    [train] iter 3120/4443  loss=0.1396
    [train] iter 3140/4443  loss=0.1527
    [train] iter 3160/4443  loss=0.1689
    [train] iter 3180/4443  loss=0.1659
    [train] iter 3200/4443  loss=0.1972
    [train] iter 3220/4443  loss=0.0936
    [train] iter 3240/4443  loss=0.1798
    [train] iter 3260/4443  loss=0.1866
    [train] iter 3280/4443  loss=0.1041
    [train] iter 3300/4443  loss=0.1520
    [train] iter 3320/4443  loss=0.1881
    [train] iter 3340/4443  loss=0.1063
    [train] iter 3360/4443  loss=0.0709
    [train] iter 3380/4443  loss=0.1203
    [train] iter 3400/4443  loss=0.1340
    [train] iter 3420/4443  loss=0.1198
    [train] iter 3440/4443  loss=0.1639
    [train] iter 3460/4443  loss=0.1190
    [train] iter 3480/4443  loss=0.1454
    [train] iter 3500/4443  loss=0.1909
    [train] iter 3520/4443  loss=0.0856
    [train] iter 3540/4443  loss=0.2417
    [train] iter 3560/4443  loss=0.1097
    [train] iter 3580/4443  loss=0.1657
    [train] iter 3600/4443  loss=0.0986
    [train] iter 3620/4443  loss=0.1646
    [train] iter 3640/4443  loss=0.2060
    [train] iter 3660/4443  loss=0.0526
    [train] iter 3680/4443  loss=0.1748
    [train] iter 3700/4443  loss=0.0790
    [train] iter 3720/4443  loss=0.2356
    [train] iter 3740/4443  loss=0.0961
    [train] iter 3760/4443  loss=0.1332
    [train] iter 3780/4443  loss=0.2617
    [train] iter 3800/4443  loss=0.1286
    [train] iter 3820/4443  loss=0.1736
    [train] iter 3840/4443  loss=0.1090
    [train] iter 3860/4443  loss=0.0949
    [train] iter 3880/4443  loss=0.1446
    [train] iter 3900/4443  loss=0.3256
    [train] iter 3920/4443  loss=0.1858
    [train] iter 3940/4443  loss=0.1440
    [train] iter 3960/4443  loss=0.1508
    [train] iter 3980/4443  loss=0.1053
    [train] iter 4000/4443  loss=0.1971
    [train] iter 4020/4443  loss=0.2324
    [train] iter 4040/4443  loss=0.1514
    [train] iter 4060/4443  loss=0.1590
    [train] iter 4080/4443  loss=0.1227
    [train] iter 4100/4443  loss=0.1126
    [train] iter 4120/4443  loss=0.1556
    [train] iter 4140/4443  loss=0.1402
    [train] iter 4160/4443  loss=0.1486
    [train] iter 4180/4443  loss=0.0759
    [train] iter 4200/4443  loss=0.1542
    [train] iter 4220/4443  loss=0.0943
    [train] iter 4240/4443  loss=0.1489
    [train] iter 4260/4443  loss=0.2683
    [train] iter 4280/4443  loss=0.2487
    [train] iter 4300/4443  loss=0.2129
    [train] iter 4320/4443  loss=0.1476
    [train] iter 4340/4443  loss=0.1571
    [train] iter 4360/4443  loss=0.1417
    [train] iter 4380/4443  loss=0.1245
    [train] iter 4400/4443  loss=0.1294
    [train] iter 4420/4443  loss=0.1580
    [train] iter 4440/4443  loss=0.1554
  train_loss=0.1475  val_loss=0.1642  val_dice=0.8096

--- Epoch 53/100 (lr=1.41e-04) ---
    [train] iter 20/4443  loss=0.1807
    [train] iter 40/4443  loss=0.1034
    [train] iter 60/4443  loss=0.1379
    [train] iter 80/4443  loss=0.0968
    [train] iter 100/4443  loss=0.1504
    [train] iter 120/4443  loss=0.1871
    [train] iter 140/4443  loss=0.2309
    [train] iter 160/4443  loss=0.1475
    [train] iter 180/4443  loss=0.1438
    [train] iter 200/4443  loss=0.0788
    [train] iter 220/4443  loss=0.1479
    [train] iter 240/4443  loss=0.1545
    [train] iter 260/4443  loss=0.3432
    [train] iter 280/4443  loss=0.1912
    [train] iter 300/4443  loss=0.1412
    [train] iter 320/4443  loss=0.1173
    [train] iter 340/4443  loss=0.1353
    [train] iter 360/4443  loss=0.1573
    [train] iter 380/4443  loss=0.1707
    [train] iter 400/4443  loss=0.1442
    [train] iter 420/4443  loss=0.0738
    [train] iter 440/4443  loss=0.2210
    [train] iter 460/4443  loss=0.1017
    [train] iter 480/4443  loss=0.1147
    [train] iter 500/4443  loss=0.1614
    [train] iter 520/4443  loss=0.1232
    [train] iter 540/4443  loss=0.0697
    [train] iter 560/4443  loss=0.1356
    [train] iter 580/4443  loss=0.1020
    [train] iter 600/4443  loss=0.0928
    [train] iter 620/4443  loss=0.0796
    [train] iter 640/4443  loss=0.1012
    [train] iter 660/4443  loss=0.0998
    [train] iter 680/4443  loss=0.0811
    [train] iter 700/4443  loss=0.2116
    [train] iter 720/4443  loss=0.2374
    [train] iter 740/4443  loss=0.2072
    [train] iter 760/4443  loss=0.1805
    [train] iter 780/4443  loss=0.1632
    [train] iter 800/4443  loss=0.1643
    [train] iter 820/4443  loss=0.1462
    [train] iter 840/4443  loss=0.2007
    [train] iter 860/4443  loss=0.1357
    [train] iter 880/4443  loss=0.1830
    [train] iter 900/4443  loss=0.1223
    [train] iter 920/4443  loss=0.2088
    [train] iter 940/4443  loss=0.1322
    [train] iter 960/4443  loss=0.2122
    [train] iter 980/4443  loss=0.1816
    [train] iter 1000/4443  loss=0.1375
    [train] iter 1020/4443  loss=0.1596
    [train] iter 1040/4443  loss=0.1035
    [train] iter 1060/4443  loss=0.1309
    [train] iter 1080/4443  loss=0.2276
    [train] iter 1100/4443  loss=0.0852
    [train] iter 1120/4443  loss=0.2626
    [train] iter 1140/4443  loss=0.0972
    [train] iter 1160/4443  loss=0.0779
    [train] iter 1180/4443  loss=0.0959
    [train] iter 1200/4443  loss=0.2103
    [train] iter 1220/4443  loss=0.1143
    [train] iter 1240/4443  loss=0.1940
    [train] iter 1260/4443  loss=0.1377
    [train] iter 1280/4443  loss=0.1941
    [train] iter 1300/4443  loss=0.2380
    [train] iter 1320/4443  loss=0.1269
    [train] iter 1340/4443  loss=0.0971
    [train] iter 1360/4443  loss=0.2150
    [train] iter 1380/4443  loss=0.0740
    [train] iter 1400/4443  loss=0.1504
    [train] iter 1420/4443  loss=0.1233
    [train] iter 1440/4443  loss=0.1167
    [train] iter 1460/4443  loss=0.0775
    [train] iter 1480/4443  loss=0.3287
    [train] iter 1500/4443  loss=0.1194
    [train] iter 1520/4443  loss=0.1175
    [train] iter 1540/4443  loss=0.1026
    [train] iter 1560/4443  loss=0.1293
    [train] iter 1580/4443  loss=0.1514
    [train] iter 1600/4443  loss=0.1335
    [train] iter 1620/4443  loss=0.2542
    [train] iter 1640/4443  loss=0.0994
    [train] iter 1660/4443  loss=0.1347
    [train] iter 1680/4443  loss=0.1149
    [train] iter 1700/4443  loss=0.2610
    [train] iter 1720/4443  loss=0.1981
    [train] iter 1740/4443  loss=0.0594
    [train] iter 1760/4443  loss=0.1450
    [train] iter 1780/4443  loss=0.1313
    [train] iter 1800/4443  loss=0.1053
    [train] iter 1820/4443  loss=0.1727
    [train] iter 1840/4443  loss=0.1136
    [train] iter 1860/4443  loss=0.0945
    [train] iter 1880/4443  loss=0.1640
    [train] iter 1900/4443  loss=0.0834
    [train] iter 1920/4443  loss=0.1534
    [train] iter 1940/4443  loss=0.1766
    [train] iter 1960/4443  loss=0.3380
    [train] iter 1980/4443  loss=0.2126
    [train] iter 2000/4443  loss=0.1427
    [train] iter 2020/4443  loss=0.1790
    [train] iter 2040/4443  loss=0.1570
    [train] iter 2060/4443  loss=0.2763
    [train] iter 2080/4443  loss=0.1496
    [train] iter 2100/4443  loss=0.1322
    [train] iter 2120/4443  loss=0.0855
    [train] iter 2140/4443  loss=0.0956
    [train] iter 2160/4443  loss=0.1534
    [train] iter 2180/4443  loss=0.0764
    [train] iter 2200/4443  loss=0.0934
    [train] iter 2220/4443  loss=0.1311
    [train] iter 2240/4443  loss=0.1427
    [train] iter 2260/4443  loss=0.2487
    [train] iter 2280/4443  loss=0.2569
    [train] iter 2300/4443  loss=0.1139
    [train] iter 2320/4443  loss=0.0835
    [train] iter 2340/4443  loss=0.1307
    [train] iter 2360/4443  loss=0.1379
    [train] iter 2380/4443  loss=0.1388
    [train] iter 2400/4443  loss=0.1458
    [train] iter 2420/4443  loss=0.1225
    [train] iter 2440/4443  loss=0.1075
    [train] iter 2460/4443  loss=0.1002
    [train] iter 2480/4443  loss=0.1507
    [train] iter 2500/4443  loss=0.1177
    [train] iter 2520/4443  loss=0.1358
    [train] iter 2540/4443  loss=0.1356
    [train] iter 2560/4443  loss=0.1850
    [train] iter 2580/4443  loss=0.0872
    [train] iter 2600/4443  loss=0.1448
    [train] iter 2620/4443  loss=0.1670
    [train] iter 2640/4443  loss=0.1908
    [train] iter 2660/4443  loss=0.1401
    [train] iter 2680/4443  loss=0.1534
    [train] iter 2700/4443  loss=0.2854
    [train] iter 2720/4443  loss=0.1768
    [train] iter 2740/4443  loss=0.1175
    [train] iter 2760/4443  loss=0.1633
    [train] iter 2780/4443  loss=0.1874
    [train] iter 2800/4443  loss=0.0886
    [train] iter 2820/4443  loss=0.1761
    [train] iter 2840/4443  loss=0.1176
    [train] iter 2860/4443  loss=0.1108
    [train] iter 2880/4443  loss=0.1793
    [train] iter 2900/4443  loss=0.1287
    [train] iter 2920/4443  loss=0.1197
    [train] iter 2940/4443  loss=0.0891
    [train] iter 2960/4443  loss=0.1699
    [train] iter 2980/4443  loss=0.1806
    [train] iter 3000/4443  loss=0.1209
    [train] iter 3020/4443  loss=0.1749
    [train] iter 3040/4443  loss=0.2181
    [train] iter 3060/4443  loss=0.1118
    [train] iter 3080/4443  loss=0.1263
    [train] iter 3100/4443  loss=0.0754
    [train] iter 3120/4443  loss=0.2021
    [train] iter 3140/4443  loss=0.1338
    [train] iter 3160/4443  loss=0.2666
    [train] iter 3180/4443  loss=0.1764
    [train] iter 3200/4443  loss=0.1120
    [train] iter 3220/4443  loss=0.1229
    [train] iter 3240/4443  loss=0.0721
    [train] iter 3260/4443  loss=0.1050
    [train] iter 3280/4443  loss=0.1363
    [train] iter 3300/4443  loss=0.1556
    [train] iter 3320/4443  loss=0.2063
    [train] iter 3340/4443  loss=0.1830
    [train] iter 3360/4443  loss=0.1339
    [train] iter 3380/4443  loss=0.1777
    [train] iter 3400/4443  loss=0.1243
    [train] iter 3420/4443  loss=0.1929
    [train] iter 3440/4443  loss=0.2902
    [train] iter 3460/4443  loss=0.1812
    [train] iter 3480/4443  loss=0.1148
    [train] iter 3500/4443  loss=0.1446
    [train] iter 3520/4443  loss=0.0777
    [train] iter 3540/4443  loss=0.2256
    [train] iter 3560/4443  loss=0.1111
    [train] iter 3580/4443  loss=0.0782
    [train] iter 3600/4443  loss=0.1849
    [train] iter 3620/4443  loss=0.1620
    [train] iter 3640/4443  loss=0.1081
    [train] iter 3660/4443  loss=0.1882
    [train] iter 3680/4443  loss=0.1173
    [train] iter 3700/4443  loss=0.1114
    [train] iter 3720/4443  loss=0.1093
    [train] iter 3740/4443  loss=0.2153
    [train] iter 3760/4443  loss=0.2706
    [train] iter 3780/4443  loss=0.1268
    [train] iter 3800/4443  loss=0.3401
    [train] iter 3820/4443  loss=0.1661
    [train] iter 3840/4443  loss=0.1194
    [train] iter 3860/4443  loss=0.1752
    [train] iter 3880/4443  loss=0.1537
    [train] iter 3900/4443  loss=0.0946
    [train] iter 3920/4443  loss=0.0691
    [train] iter 3940/4443  loss=0.3058
    [train] iter 3960/4443  loss=0.0664
    [train] iter 3980/4443  loss=0.1052
    [train] iter 4000/4443  loss=0.1976
    [train] iter 4020/4443  loss=0.3033
    [train] iter 4040/4443  loss=0.1382
    [train] iter 4060/4443  loss=0.1107
    [train] iter 4080/4443  loss=0.1139
    [train] iter 4100/4443  loss=0.0650
    [train] iter 4120/4443  loss=0.1207
    [train] iter 4140/4443  loss=0.1095
    [train] iter 4160/4443  loss=0.1503
    [train] iter 4180/4443  loss=0.1726
    [train] iter 4200/4443  loss=0.1651
    [train] iter 4220/4443  loss=0.1381
    [train] iter 4240/4443  loss=0.1117
    [train] iter 4260/4443  loss=0.0859
    [train] iter 4280/4443  loss=0.1026
    [train] iter 4300/4443  loss=0.1455
    [train] iter 4320/4443  loss=0.2502
    [train] iter 4340/4443  loss=0.1179
    [train] iter 4360/4443  loss=0.2334
    [train] iter 4380/4443  loss=0.1662
    [train] iter 4400/4443  loss=0.1550
    [train] iter 4420/4443  loss=0.1874
    [train] iter 4440/4443  loss=0.1753
  train_loss=0.1469  val_loss=0.1654  val_dice=0.8078

--- Epoch 54/100 (lr=1.36e-04) ---
    [train] iter 20/4443  loss=0.1129
    [train] iter 40/4443  loss=0.0919
    [train] iter 60/4443  loss=0.1099
    [train] iter 80/4443  loss=0.1594
    [train] iter 100/4443  loss=0.1108
    [train] iter 120/4443  loss=0.1837
    [train] iter 140/4443  loss=0.1099
    [train] iter 160/4443  loss=0.2282
    [train] iter 180/4443  loss=0.1679
    [train] iter 200/4443  loss=0.1251
    [train] iter 220/4443  loss=0.0827
    [train] iter 240/4443  loss=0.2373
    [train] iter 260/4443  loss=0.2078
    [train] iter 280/4443  loss=0.2251
    [train] iter 300/4443  loss=0.1216
    [train] iter 320/4443  loss=0.0852
    [train] iter 340/4443  loss=0.0952
    [train] iter 360/4443  loss=0.2445
    [train] iter 380/4443  loss=0.2378
    [train] iter 400/4443  loss=0.0792
    [train] iter 420/4443  loss=0.1514
    [train] iter 440/4443  loss=0.3321
    [train] iter 460/4443  loss=0.1357
    [train] iter 480/4443  loss=0.1442
    [train] iter 500/4443  loss=0.1315
    [train] iter 520/4443  loss=0.1581
    [train] iter 540/4443  loss=0.2158
    [train] iter 560/4443  loss=0.1389
    [train] iter 580/4443  loss=0.1141
    [train] iter 600/4443  loss=0.1097
    [train] iter 620/4443  loss=0.1207
    [train] iter 640/4443  loss=0.0953
    [train] iter 660/4443  loss=0.0984
    [train] iter 680/4443  loss=0.1223
    [train] iter 700/4443  loss=0.1786
    [train] iter 720/4443  loss=0.1787
    [train] iter 740/4443  loss=0.1970
    [train] iter 760/4443  loss=0.2081
    [train] iter 780/4443  loss=0.1289
    [train] iter 800/4443  loss=0.0819
    [train] iter 820/4443  loss=0.0977
    [train] iter 840/4443  loss=0.2093
    [train] iter 860/4443  loss=0.2019
    [train] iter 880/4443  loss=0.0969
    [train] iter 900/4443  loss=0.1465
    [train] iter 920/4443  loss=0.1623
    [train] iter 940/4443  loss=0.1307
    [train] iter 960/4443  loss=0.1253
    [train] iter 980/4443  loss=0.1462
    [train] iter 1000/4443  loss=0.1997
    [train] iter 1020/4443  loss=0.1729
    [train] iter 1040/4443  loss=0.1498
    [train] iter 1060/4443  loss=0.0887
    [train] iter 1080/4443  loss=0.1439
    [train] iter 1100/4443  loss=0.1662
    [train] iter 1120/4443  loss=0.1480
    [train] iter 1140/4443  loss=0.2188
    [train] iter 1160/4443  loss=0.1065
    [train] iter 1180/4443  loss=0.1706
    [train] iter 1200/4443  loss=0.2506
    [train] iter 1220/4443  loss=0.1388
    [train] iter 1240/4443  loss=0.1746
    [train] iter 1260/4443  loss=0.1053
    [train] iter 1280/4443  loss=0.1562
    [train] iter 1300/4443  loss=0.1861
    [train] iter 1320/4443  loss=0.1569
    [train] iter 1340/4443  loss=0.1476
    [train] iter 1360/4443  loss=0.1299
    [train] iter 1380/4443  loss=0.1035
    [train] iter 1400/4443  loss=0.1557
    [train] iter 1420/4443  loss=0.2051
    [train] iter 1440/4443  loss=0.1480
    [train] iter 1460/4443  loss=0.1712
    [train] iter 1480/4443  loss=0.1228
    [train] iter 1500/4443  loss=0.1213
    [train] iter 1520/4443  loss=0.1786
    [train] iter 1540/4443  loss=0.1949
    [train] iter 1560/4443  loss=0.1314
    [train] iter 1580/4443  loss=0.2354
    [train] iter 1600/4443  loss=0.2336
    [train] iter 1620/4443  loss=0.1924
    [train] iter 1640/4443  loss=0.1512
    [train] iter 1660/4443  loss=0.1676
    [train] iter 1680/4443  loss=0.1108
    [train] iter 1700/4443  loss=0.0886
    [train] iter 1720/4443  loss=0.1858
    [train] iter 1740/4443  loss=0.1276
    [train] iter 1760/4443  loss=0.1312
    [train] iter 1780/4443  loss=0.2351
    [train] iter 1800/4443  loss=0.1670
    [train] iter 1820/4443  loss=0.1786
    [train] iter 1840/4443  loss=0.1697
    [train] iter 1860/4443  loss=0.1413
    [train] iter 1880/4443  loss=0.1386
    [train] iter 1900/4443  loss=0.2071
    [train] iter 1920/4443  loss=0.1764
    [train] iter 1940/4443  loss=0.1209
    [train] iter 1960/4443  loss=0.1409
    [train] iter 1980/4443  loss=0.1403
    [train] iter 2000/4443  loss=0.1692
    [train] iter 2020/4443  loss=0.1271
    [train] iter 2040/4443  loss=0.0984
    [train] iter 2060/4443  loss=0.1715
    [train] iter 2080/4443  loss=0.2866
    [train] iter 2100/4443  loss=0.1795
    [train] iter 2120/4443  loss=0.2334
    [train] iter 2140/4443  loss=0.1257
    [train] iter 2160/4443  loss=0.1097
    [train] iter 2180/4443  loss=0.1789
    [train] iter 2200/4443  loss=0.0918
    [train] iter 2220/4443  loss=0.0857
    [train] iter 2240/4443  loss=0.1352
    [train] iter 2260/4443  loss=0.2275
    [train] iter 2280/4443  loss=0.1775
    [train] iter 2300/4443  loss=0.1538
    [train] iter 2320/4443  loss=0.1242
    [train] iter 2340/4443  loss=0.1713
    [train] iter 2360/4443  loss=0.0896
    [train] iter 2380/4443  loss=0.2356
    [train] iter 2400/4443  loss=0.0912
    [train] iter 2420/4443  loss=0.0963
    [train] iter 2440/4443  loss=0.1318
    [train] iter 2460/4443  loss=0.2298
    [train] iter 2480/4443  loss=0.0990
    [train] iter 2500/4443  loss=0.1330
    [train] iter 2520/4443  loss=0.2012
    [train] iter 2540/4443  loss=0.1520
    [train] iter 2560/4443  loss=0.1875
    [train] iter 2580/4443  loss=0.1981
    [train] iter 2600/4443  loss=0.1266
    [train] iter 2620/4443  loss=0.1648
    [train] iter 2640/4443  loss=0.1526
    [train] iter 2660/4443  loss=0.1022
    [train] iter 2680/4443  loss=0.1241
    [train] iter 2700/4443  loss=0.0787
    [train] iter 2720/4443  loss=0.1360
    [train] iter 2740/4443  loss=0.2310
    [train] iter 2760/4443  loss=0.1306
    [train] iter 2780/4443  loss=0.1380
    [train] iter 2800/4443  loss=0.1951
    [train] iter 2820/4443  loss=0.0792
    [train] iter 2840/4443  loss=0.1442
    [train] iter 2860/4443  loss=0.1267
    [train] iter 2880/4443  loss=0.1639
    [train] iter 2900/4443  loss=0.0934
    [train] iter 2920/4443  loss=0.1600
    [train] iter 2940/4443  loss=0.1074
    [train] iter 2960/4443  loss=0.1443
    [train] iter 2980/4443  loss=0.1595
    [train] iter 3000/4443  loss=0.0833
    [train] iter 3020/4443  loss=0.1781
    [train] iter 3040/4443  loss=0.1669
    [train] iter 3060/4443  loss=0.1034
    [train] iter 3080/4443  loss=0.1143
    [train] iter 3100/4443  loss=0.2273
    [train] iter 3120/4443  loss=0.0864
    [train] iter 3140/4443  loss=0.1196
    [train] iter 3160/4443  loss=0.3042
    [train] iter 3180/4443  loss=0.1013
    [train] iter 3200/4443  loss=0.1500
    [train] iter 3220/4443  loss=0.1233
    [train] iter 3240/4443  loss=0.1447
    [train] iter 3260/4443  loss=0.1536
    [train] iter 3280/4443  loss=0.0978
    [train] iter 3300/4443  loss=0.2430
    [train] iter 3320/4443  loss=0.1625
    [train] iter 3340/4443  loss=0.2167
    [train] iter 3360/4443  loss=0.2031
    [train] iter 3380/4443  loss=0.1051
    [train] iter 3400/4443  loss=0.1166
    [train] iter 3420/4443  loss=0.1176
    [train] iter 3440/4443  loss=0.2303
    [train] iter 3460/4443  loss=0.1185
    [train] iter 3480/4443  loss=0.1646
    [train] iter 3500/4443  loss=0.0932
    [train] iter 3520/4443  loss=0.1128
    [train] iter 3540/4443  loss=0.1986
    [train] iter 3560/4443  loss=0.1668
    [train] iter 3580/4443  loss=0.1312
    [train] iter 3600/4443  loss=0.0758
    [train] iter 3620/4443  loss=0.1413
    [train] iter 3640/4443  loss=0.0980
    [train] iter 3660/4443  loss=0.1973
    [train] iter 3680/4443  loss=0.2063
    [train] iter 3700/4443  loss=0.0798
    [train] iter 3720/4443  loss=0.1721
    [train] iter 3740/4443  loss=0.1683
    [train] iter 3760/4443  loss=0.1476
    [train] iter 3780/4443  loss=0.1486
    [train] iter 3800/4443  loss=0.2385
    [train] iter 3820/4443  loss=0.1645
    [train] iter 3840/4443  loss=0.1508
    [train] iter 3860/4443  loss=0.1473
    [train] iter 3880/4443  loss=0.1143
    [train] iter 3900/4443  loss=0.1522
    [train] iter 3920/4443  loss=0.1769
    [train] iter 3940/4443  loss=0.1283
    [train] iter 3960/4443  loss=0.1643
    [train] iter 3980/4443  loss=0.0725
    [train] iter 4000/4443  loss=0.0941
    [train] iter 4020/4443  loss=0.1938
    [train] iter 4040/4443  loss=0.2397
    [train] iter 4060/4443  loss=0.1412
    [train] iter 4080/4443  loss=0.1169
    [train] iter 4100/4443  loss=0.1588
    [train] iter 4120/4443  loss=0.2257
    [train] iter 4140/4443  loss=0.1357
    [train] iter 4160/4443  loss=0.1146
    [train] iter 4180/4443  loss=0.1519
    [train] iter 4200/4443  loss=0.1804
    [train] iter 4220/4443  loss=0.1658
    [train] iter 4240/4443  loss=0.1174
    [train] iter 4260/4443  loss=0.1510
    [train] iter 4280/4443  loss=0.1389
    [train] iter 4300/4443  loss=0.1294
    [train] iter 4320/4443  loss=0.1710
    [train] iter 4340/4443  loss=0.1105
    [train] iter 4360/4443  loss=0.1193
    [train] iter 4380/4443  loss=0.1377
    [train] iter 4400/4443  loss=0.2306
    [train] iter 4420/4443  loss=0.1511
    [train] iter 4440/4443  loss=0.1429
  train_loss=0.1464  val_loss=0.1650  val_dice=0.8082

--- Epoch 55/100 (lr=1.31e-04) ---
    [train] iter 20/4443  loss=0.1881
    [train] iter 40/4443  loss=0.1674
    [train] iter 60/4443  loss=0.1303
    [train] iter 80/4443  loss=0.1329
    [train] iter 100/4443  loss=0.1467
    [train] iter 120/4443  loss=0.1963
    [train] iter 140/4443  loss=0.1993
    [train] iter 160/4443  loss=0.2391
    [train] iter 180/4443  loss=0.1187
    [train] iter 200/4443  loss=0.1309
    [train] iter 220/4443  loss=0.1285
    [train] iter 240/4443  loss=0.1211
    [train] iter 260/4443  loss=0.0876
    [train] iter 280/4443  loss=0.1481
    [train] iter 300/4443  loss=0.1841
    [train] iter 320/4443  loss=0.1417
    [train] iter 340/4443  loss=0.1820
    [train] iter 360/4443  loss=0.1557
    [train] iter 380/4443  loss=0.1209
    [train] iter 400/4443  loss=0.1384
    [train] iter 420/4443  loss=0.2259
    [train] iter 440/4443  loss=0.1706
    [train] iter 460/4443  loss=0.1076
    [train] iter 480/4443  loss=0.1024
    [train] iter 500/4443  loss=0.1693
    [train] iter 520/4443  loss=0.1520
    [train] iter 540/4443  loss=0.0925
    [train] iter 560/4443  loss=0.2238
    [train] iter 580/4443  loss=0.1425
    [train] iter 600/4443  loss=0.1381
    [train] iter 620/4443  loss=0.1328
    [train] iter 640/4443  loss=0.0809
    [train] iter 660/4443  loss=0.2204
    [train] iter 680/4443  loss=0.1304
    [train] iter 700/4443  loss=0.0944
    [train] iter 720/4443  loss=0.3570
    [train] iter 740/4443  loss=0.1216
    [train] iter 760/4443  loss=0.2053
    [train] iter 780/4443  loss=0.1183
    [train] iter 800/4443  loss=0.1237
    [train] iter 820/4443  loss=0.1547
    [train] iter 840/4443  loss=0.2560
    [train] iter 860/4443  loss=0.1496
    [train] iter 880/4443  loss=0.1876
    [train] iter 900/4443  loss=0.2971
    [train] iter 920/4443  loss=0.0893
    [train] iter 940/4443  loss=0.2172
    [train] iter 960/4443  loss=0.1209
    [train] iter 980/4443  loss=0.1034
    [train] iter 1000/4443  loss=0.1642
    [train] iter 1020/4443  loss=0.1184
    [train] iter 1040/4443  loss=0.1736
    [train] iter 1060/4443  loss=0.1051
    [train] iter 1080/4443  loss=0.1899
    [train] iter 1100/4443  loss=0.1364
    [train] iter 1120/4443  loss=0.0869
    [train] iter 1140/4443  loss=0.0878
    [train] iter 1160/4443  loss=0.1117
    [train] iter 1180/4443  loss=0.2497
    [train] iter 1200/4443  loss=0.1199
    [train] iter 1220/4443  loss=0.1679
    [train] iter 1240/4443  loss=0.1888
    [train] iter 1260/4443  loss=0.1471
    [train] iter 1280/4443  loss=0.1219
    [train] iter 1300/4443  loss=0.1536
    [train] iter 1320/4443  loss=0.0860
    [train] iter 1340/4443  loss=0.1369
    [train] iter 1360/4443  loss=0.1470
    [train] iter 1380/4443  loss=0.0717
    [train] iter 1400/4443  loss=0.1404
    [train] iter 1420/4443  loss=0.1662
    [train] iter 1440/4443  loss=0.1562
    [train] iter 1460/4443  loss=0.1559
    [train] iter 1480/4443  loss=0.1186
    [train] iter 1500/4443  loss=0.1000
    [train] iter 1520/4443  loss=0.1082
    [train] iter 1540/4443  loss=0.1681
    [train] iter 1560/4443  loss=0.0947
    [train] iter 1580/4443  loss=0.0845
    [train] iter 1600/4443  loss=0.1403
    [train] iter 1620/4443  loss=0.1395
    [train] iter 1640/4443  loss=0.1971
    [train] iter 1660/4443  loss=0.1233
    [train] iter 1680/4443  loss=0.1495
    [train] iter 1700/4443  loss=0.1192
    [train] iter 1720/4443  loss=0.1214
    [train] iter 1740/4443  loss=0.0888
    [train] iter 1760/4443  loss=0.1373
    [train] iter 1780/4443  loss=0.1709
    [train] iter 1800/4443  loss=0.2011
    [train] iter 1820/4443  loss=0.1273
    [train] iter 1840/4443  loss=0.0981
    [train] iter 1860/4443  loss=0.1234
    [train] iter 1880/4443  loss=0.1787
    [train] iter 1900/4443  loss=0.1307
    [train] iter 1920/4443  loss=0.1860
    [train] iter 1940/4443  loss=0.1584
    [train] iter 1960/4443  loss=0.0803
    [train] iter 1980/4443  loss=0.1206
    [train] iter 2000/4443  loss=0.1155
    [train] iter 2020/4443  loss=0.2506
    [train] iter 2040/4443  loss=0.1663
    [train] iter 2060/4443  loss=0.2535
    [train] iter 2080/4443  loss=0.1998
    [train] iter 2100/4443  loss=0.1156
    [train] iter 2120/4443  loss=0.0789
    [train] iter 2140/4443  loss=0.1339
    [train] iter 2160/4443  loss=0.1583
    [train] iter 2180/4443  loss=0.1066
    [train] iter 2200/4443  loss=0.0799
    [train] iter 2220/4443  loss=0.1192
    [train] iter 2240/4443  loss=0.2024
    [train] iter 2260/4443  loss=0.1506
    [train] iter 2280/4443  loss=0.2005
    [train] iter 2300/4443  loss=0.1614
    [train] iter 2320/4443  loss=0.1181
    [train] iter 2340/4443  loss=0.1550
    [train] iter 2360/4443  loss=0.2226
    [train] iter 2380/4443  loss=0.1953
    [train] iter 2400/4443  loss=0.1974
    [train] iter 2420/4443  loss=0.1285
    [train] iter 2440/4443  loss=0.1764
    [train] iter 2460/4443  loss=0.1738
    [train] iter 2480/4443  loss=0.1720
    [train] iter 2500/4443  loss=0.0941
    [train] iter 2520/4443  loss=0.1133
    [train] iter 2540/4443  loss=0.1426
    [train] iter 2560/4443  loss=0.1216
    [train] iter 2580/4443  loss=0.1293
    [train] iter 2600/4443  loss=0.2223
    [train] iter 2620/4443  loss=0.1006
    [train] iter 2640/4443  loss=0.1339
    [train] iter 2660/4443  loss=0.1827
    [train] iter 2680/4443  loss=0.1039
    [train] iter 2700/4443  loss=0.1013
    [train] iter 2720/4443  loss=0.1363
    [train] iter 2740/4443  loss=0.1059
    [train] iter 2760/4443  loss=0.1210
    [train] iter 2780/4443  loss=0.0872
    [train] iter 2800/4443  loss=0.1099
    [train] iter 2820/4443  loss=0.1471
    [train] iter 2840/4443  loss=0.1241
    [train] iter 2860/4443  loss=0.2246
    [train] iter 2880/4443  loss=0.1811
    [train] iter 2900/4443  loss=0.1775
    [train] iter 2920/4443  loss=0.1402
    [train] iter 2940/4443  loss=0.0637
    [train] iter 2960/4443  loss=0.2175
    [train] iter 2980/4443  loss=0.1505
    [train] iter 3000/4443  loss=0.1456
    [train] iter 3020/4443  loss=0.1519
    [train] iter 3040/4443  loss=0.0736
    [train] iter 3060/4443  loss=0.1876
    [train] iter 3080/4443  loss=0.1225
    [train] iter 3100/4443  loss=0.1637
    [train] iter 3120/4443  loss=0.1815
    [train] iter 3140/4443  loss=0.1475
    [train] iter 3160/4443  loss=0.1620
    [train] iter 3180/4443  loss=0.1132
    [train] iter 3200/4443  loss=0.1033
    [train] iter 3220/4443  loss=0.1815
    [train] iter 3240/4443  loss=0.1271
    [train] iter 3260/4443  loss=0.0937
    [train] iter 3280/4443  loss=0.3778
    [train] iter 3300/4443  loss=0.2896
    [train] iter 3320/4443  loss=0.1362
    [train] iter 3340/4443  loss=0.1082
    [train] iter 3360/4443  loss=0.2073
    [train] iter 3380/4443  loss=0.0848
    [train] iter 3400/4443  loss=0.1437
    [train] iter 3420/4443  loss=0.1276
    [train] iter 3440/4443  loss=0.1490
    [train] iter 3460/4443  loss=0.0991
    [train] iter 3480/4443  loss=0.0868
    [train] iter 3500/4443  loss=0.0925
    [train] iter 3520/4443  loss=0.1509
    [train] iter 3540/4443  loss=0.1263
    [train] iter 3560/4443  loss=0.0858
    [train] iter 3580/4443  loss=0.0890
    [train] iter 3600/4443  loss=0.1419
    [train] iter 3620/4443  loss=0.1404
    [train] iter 3640/4443  loss=0.1150
    [train] iter 3660/4443  loss=0.1395
    [train] iter 3680/4443  loss=0.0600
    [train] iter 3700/4443  loss=0.1348
    [train] iter 3720/4443  loss=0.1573
    [train] iter 3740/4443  loss=0.0939
    [train] iter 3760/4443  loss=0.2456
    [train] iter 3780/4443  loss=0.0781
    [train] iter 3800/4443  loss=0.1906
    [train] iter 3820/4443  loss=0.1003
    [train] iter 3840/4443  loss=0.2384
    [train] iter 3860/4443  loss=0.0965
    [train] iter 3880/4443  loss=0.2059
    [train] iter 3900/4443  loss=0.1710
    [train] iter 3920/4443  loss=0.1035
    [train] iter 3940/4443  loss=0.1419
    [train] iter 3960/4443  loss=0.1718
    [train] iter 3980/4443  loss=0.1333
    [train] iter 4000/4443  loss=0.0901
    [train] iter 4020/4443  loss=0.2244
    [train] iter 4040/4443  loss=0.1165
    [train] iter 4060/4443  loss=0.1731
    [train] iter 4080/4443  loss=0.1423
    [train] iter 4100/4443  loss=0.1148
    [train] iter 4120/4443  loss=0.1512
    [train] iter 4140/4443  loss=0.1506
    [train] iter 4160/4443  loss=0.1216
    [train] iter 4180/4443  loss=0.1770
    [train] iter 4200/4443  loss=0.1788
    [train] iter 4220/4443  loss=0.1366
    [train] iter 4240/4443  loss=0.1229
    [train] iter 4260/4443  loss=0.0818
    [train] iter 4280/4443  loss=0.2769
    [train] iter 4300/4443  loss=0.1887
    [train] iter 4320/4443  loss=0.0815
    [train] iter 4340/4443  loss=0.1331
    [train] iter 4360/4443  loss=0.1873
    [train] iter 4380/4443  loss=0.1396
    [train] iter 4400/4443  loss=0.2512
    [train] iter 4420/4443  loss=0.1467
    [train] iter 4440/4443  loss=0.1353
  train_loss=0.1448  val_loss=0.1638  val_dice=0.8096

--- Epoch 56/100 (lr=1.27e-04) ---
    [train] iter 20/4443  loss=0.1437
    [train] iter 40/4443  loss=0.0912
    [train] iter 60/4443  loss=0.1431
    [train] iter 80/4443  loss=0.0681
    [train] iter 100/4443  loss=0.0909
    [train] iter 120/4443  loss=0.1223
    [train] iter 140/4443  loss=0.0803
    [train] iter 160/4443  loss=0.2044
    [train] iter 180/4443  loss=0.1515
    [train] iter 200/4443  loss=0.1946
    [train] iter 220/4443  loss=0.1581
    [train] iter 240/4443  loss=0.1033
    [train] iter 260/4443  loss=0.1278
    [train] iter 280/4443  loss=0.0968
    [train] iter 300/4443  loss=0.1389
    [train] iter 320/4443  loss=0.0894
    [train] iter 340/4443  loss=0.1222
    [train] iter 360/4443  loss=0.2684
    [train] iter 380/4443  loss=0.1769
    [train] iter 400/4443  loss=0.1765
    [train] iter 420/4443  loss=0.1412
    [train] iter 440/4443  loss=0.1835
    [train] iter 460/4443  loss=0.0861
    [train] iter 480/4443  loss=0.1390
    [train] iter 500/4443  loss=0.2031
    [train] iter 520/4443  loss=0.1837
    [train] iter 540/4443  loss=0.1192
    [train] iter 560/4443  loss=0.1427
    [train] iter 580/4443  loss=0.0780
    [train] iter 600/4443  loss=0.1892
    [train] iter 620/4443  loss=0.1745
    [train] iter 640/4443  loss=0.1358
    [train] iter 660/4443  loss=0.1424
    [train] iter 680/4443  loss=0.0942
    [train] iter 700/4443  loss=0.1355
    [train] iter 720/4443  loss=0.0970
    [train] iter 740/4443  loss=0.1660
    [train] iter 760/4443  loss=0.1487
    [train] iter 780/4443  loss=0.1579
    [train] iter 800/4443  loss=0.1226
    [train] iter 820/4443  loss=0.0946
    [train] iter 840/4443  loss=0.1143
    [train] iter 860/4443  loss=0.0972
    [train] iter 880/4443  loss=0.1830
    [train] iter 900/4443  loss=0.1153
    [train] iter 920/4443  loss=0.1523
    [train] iter 940/4443  loss=0.2078
    [train] iter 960/4443  loss=0.1402
    [train] iter 980/4443  loss=0.1375
    [train] iter 1000/4443  loss=0.1456
    [train] iter 1020/4443  loss=0.1441
    [train] iter 1040/4443  loss=0.0917
    [train] iter 1060/4443  loss=0.1372
    [train] iter 1080/4443  loss=0.1535
    [train] iter 1100/4443  loss=0.1255
    [train] iter 1120/4443  loss=0.1043
    [train] iter 1140/4443  loss=0.1004
    [train] iter 1160/4443  loss=0.0828
    [train] iter 1180/4443  loss=0.1319
    [train] iter 1200/4443  loss=0.1504
    [train] iter 1220/4443  loss=0.0827
    [train] iter 1240/4443  loss=0.1846
    [train] iter 1260/4443  loss=0.0837
    [train] iter 1280/4443  loss=0.3351
    [train] iter 1300/4443  loss=0.0965
    [train] iter 1320/4443  loss=0.2173
    [train] iter 1340/4443  loss=0.1866
    [train] iter 1360/4443  loss=0.1655
    [train] iter 1380/4443  loss=0.1149
    [train] iter 1400/4443  loss=0.1824
    [train] iter 1420/4443  loss=0.0989
    [train] iter 1440/4443  loss=0.0857
    [train] iter 1460/4443  loss=0.1612
    [train] iter 1480/4443  loss=0.1253
    [train] iter 1500/4443  loss=0.1494
    [train] iter 1520/4443  loss=0.1651
    [train] iter 1540/4443  loss=0.1490
    [train] iter 1560/4443  loss=0.1414
    [train] iter 1580/4443  loss=0.1606
    [train] iter 1600/4443  loss=0.1256
    [train] iter 1620/4443  loss=0.1214
    [train] iter 1640/4443  loss=0.1335
    [train] iter 1660/4443  loss=0.1707
    [train] iter 1680/4443  loss=0.1830
    [train] iter 1700/4443  loss=0.1681
    [train] iter 1720/4443  loss=0.1258
    [train] iter 1740/4443  loss=0.0682
    [train] iter 1760/4443  loss=0.0968
    [train] iter 1780/4443  loss=0.1166
    [train] iter 1800/4443  loss=0.1968
    [train] iter 1820/4443  loss=0.1946
    [train] iter 1840/4443  loss=0.1040
    [train] iter 1860/4443  loss=0.1555
    [train] iter 1880/4443  loss=0.0907
    [train] iter 1900/4443  loss=0.1228
    [train] iter 1920/4443  loss=0.2465
    [train] iter 1940/4443  loss=0.1489
    [train] iter 1960/4443  loss=0.1436
    [train] iter 1980/4443  loss=0.2622
    [train] iter 2000/4443  loss=0.1556
    [train] iter 2020/4443  loss=0.1014
    [train] iter 2040/4443  loss=0.2174
    [train] iter 2060/4443  loss=0.1200
    [train] iter 2080/4443  loss=0.1220
    [train] iter 2100/4443  loss=0.1232
    [train] iter 2120/4443  loss=0.1304
    [train] iter 2140/4443  loss=0.1598
    [train] iter 2160/4443  loss=0.1166
    [train] iter 2180/4443  loss=0.1101
    [train] iter 2200/4443  loss=0.1616
    [train] iter 2220/4443  loss=0.0617
    [train] iter 2240/4443  loss=0.1432
    [train] iter 2260/4443  loss=0.1144
    [train] iter 2280/4443  loss=0.3546
    [train] iter 2300/4443  loss=0.1884
    [train] iter 2320/4443  loss=0.1635
    [train] iter 2340/4443  loss=0.0894
    [train] iter 2360/4443  loss=0.1292
    [train] iter 2380/4443  loss=0.1704
    [train] iter 2400/4443  loss=0.2155
    [train] iter 2420/4443  loss=0.2269
    [train] iter 2440/4443  loss=0.1569
    [train] iter 2460/4443  loss=0.2286
    [train] iter 2480/4443  loss=0.1074
    [train] iter 2500/4443  loss=0.1262
    [train] iter 2520/4443  loss=0.1195
    [train] iter 2540/4443  loss=0.0971
    [train] iter 2560/4443  loss=0.1011
    [train] iter 2580/4443  loss=0.2515
    [train] iter 2600/4443  loss=0.1171
    [train] iter 2620/4443  loss=0.0902
    [train] iter 2640/4443  loss=0.1268
    [train] iter 2660/4443  loss=0.1559
    [train] iter 2680/4443  loss=0.0998
    [train] iter 2700/4443  loss=0.1619
    [train] iter 2720/4443  loss=0.1960
    [train] iter 2740/4443  loss=0.1044
    [train] iter 2760/4443  loss=0.1456
    [train] iter 2780/4443  loss=0.1302
    [train] iter 2800/4443  loss=0.0766
    [train] iter 2820/4443  loss=0.2169
    [train] iter 2840/4443  loss=0.1121
    [train] iter 2860/4443  loss=0.1212
    [train] iter 2880/4443  loss=0.0840
    [train] iter 2900/4443  loss=0.1237
    [train] iter 2920/4443  loss=0.1726
    [train] iter 2940/4443  loss=0.1833
    [train] iter 2960/4443  loss=0.1129
    [train] iter 2980/4443  loss=0.2364
    [train] iter 3000/4443  loss=0.1469
    [train] iter 3020/4443  loss=0.0978
    [train] iter 3040/4443  loss=0.1453
    [train] iter 3060/4443  loss=0.1401
    [train] iter 3080/4443  loss=0.1729
    [train] iter 3100/4443  loss=0.2284
    [train] iter 3120/4443  loss=0.1463
    [train] iter 3140/4443  loss=0.1561
    [train] iter 3160/4443  loss=0.1401
    [train] iter 3180/4443  loss=0.1460
    [train] iter 3200/4443  loss=0.0810
    [train] iter 3220/4443  loss=0.1343
    [train] iter 3240/4443  loss=0.1771
    [train] iter 3260/4443  loss=0.0898
    [train] iter 3280/4443  loss=0.1196
    [train] iter 3300/4443  loss=0.1785
    [train] iter 3320/4443  loss=0.2594
    [train] iter 3340/4443  loss=0.2954
    [train] iter 3360/4443  loss=0.1365
    [train] iter 3380/4443  loss=0.1557
    [train] iter 3400/4443  loss=0.1442
    [train] iter 3420/4443  loss=0.1374
    [train] iter 3440/4443  loss=0.0903
    [train] iter 3460/4443  loss=0.1442
    [train] iter 3480/4443  loss=0.0778
    [train] iter 3500/4443  loss=0.2176
    [train] iter 3520/4443  loss=0.1456
    [train] iter 3540/4443  loss=0.1440
    [train] iter 3560/4443  loss=0.1542
    [train] iter 3580/4443  loss=0.0999
    [train] iter 3600/4443  loss=0.0746
    [train] iter 3620/4443  loss=0.2200
    [train] iter 3640/4443  loss=0.0998
    [train] iter 3660/4443  loss=0.1587
    [train] iter 3680/4443  loss=0.1024
    [train] iter 3700/4443  loss=0.0898
    [train] iter 3720/4443  loss=0.1667
    [train] iter 3740/4443  loss=0.1389
    [train] iter 3760/4443  loss=0.1357
    [train] iter 3780/4443  loss=0.1005
    [train] iter 3800/4443  loss=0.1965
    [train] iter 3820/4443  loss=0.1062
    [train] iter 3840/4443  loss=0.1146
    [train] iter 3860/4443  loss=0.1532
    [train] iter 3880/4443  loss=0.0998
    [train] iter 3900/4443  loss=0.1008
    [train] iter 3920/4443  loss=0.1072
    [train] iter 3940/4443  loss=0.0880
    [train] iter 3960/4443  loss=0.2582
    [train] iter 3980/4443  loss=0.1319
    [train] iter 4000/4443  loss=0.0942
    [train] iter 4020/4443  loss=0.1633
    [train] iter 4040/4443  loss=0.1138
    [train] iter 4060/4443  loss=0.1374
    [train] iter 4080/4443  loss=0.1647
    [train] iter 4100/4443  loss=0.1301
    [train] iter 4120/4443  loss=0.2167
    [train] iter 4140/4443  loss=0.1476
    [train] iter 4160/4443  loss=0.1690
    [train] iter 4180/4443  loss=0.0864
    [train] iter 4200/4443  loss=0.2343
    [train] iter 4220/4443  loss=0.1290
    [train] iter 4240/4443  loss=0.1416
    [train] iter 4260/4443  loss=0.1104
    [train] iter 4280/4443  loss=0.1188
    [train] iter 4300/4443  loss=0.2174
    [train] iter 4320/4443  loss=0.1629
    [train] iter 4340/4443  loss=0.0885
    [train] iter 4360/4443  loss=0.0976
    [train] iter 4380/4443  loss=0.1370
    [train] iter 4400/4443  loss=0.1285
    [train] iter 4420/4443  loss=0.1176
    [train] iter 4440/4443  loss=0.1145
  train_loss=0.1434  val_loss=0.1642  val_dice=0.8086

--- Epoch 57/100 (lr=1.22e-04) ---
    [train] iter 20/4443  loss=0.1643
    [train] iter 40/4443  loss=0.1615
    [train] iter 60/4443  loss=0.0938
    [train] iter 80/4443  loss=0.1282
    [train] iter 100/4443  loss=0.1136
    [train] iter 120/4443  loss=0.2632
    [train] iter 140/4443  loss=0.1232
    [train] iter 160/4443  loss=0.0779
    [train] iter 180/4443  loss=0.1927
    [train] iter 200/4443  loss=0.1263
    [train] iter 220/4443  loss=0.0744
    [train] iter 240/4443  loss=0.1799
    [train] iter 260/4443  loss=0.1060
    [train] iter 280/4443  loss=0.1482
    [train] iter 300/4443  loss=0.1054
    [train] iter 320/4443  loss=0.1919
    [train] iter 340/4443  loss=0.1814
    [train] iter 360/4443  loss=0.1327
    [train] iter 380/4443  loss=0.1901
    [train] iter 400/4443  loss=0.1209
    [train] iter 420/4443  loss=0.0864
    [train] iter 440/4443  loss=0.1184
    [train] iter 460/4443  loss=0.1722
    [train] iter 480/4443  loss=0.1390
    [train] iter 500/4443  loss=0.2607
    [train] iter 520/4443  loss=0.1820
    [train] iter 540/4443  loss=0.1002
    [train] iter 560/4443  loss=0.1017
    [train] iter 580/4443  loss=0.1587
    [train] iter 600/4443  loss=0.2058
    [train] iter 620/4443  loss=0.1559
    [train] iter 640/4443  loss=0.2208
    [train] iter 660/4443  loss=0.2158
    [train] iter 680/4443  loss=0.1217
    [train] iter 700/4443  loss=0.1945
    [train] iter 720/4443  loss=0.1183
    [train] iter 740/4443  loss=0.1069
    [train] iter 760/4443  loss=0.0979
    [train] iter 780/4443  loss=0.2015
    [train] iter 800/4443  loss=0.1723
    [train] iter 820/4443  loss=0.1563
    [train] iter 840/4443  loss=0.1605
    [train] iter 860/4443  loss=0.0788
    [train] iter 880/4443  loss=0.2200
    [train] iter 900/4443  loss=0.1832
    [train] iter 920/4443  loss=0.0995
    [train] iter 940/4443  loss=0.2619
    [train] iter 960/4443  loss=0.1408
    [train] iter 980/4443  loss=0.0895
    [train] iter 1000/4443  loss=0.1357
    [train] iter 1020/4443  loss=0.1259
    [train] iter 1040/4443  loss=0.1249
    [train] iter 1060/4443  loss=0.0688
    [train] iter 1080/4443  loss=0.1241
    [train] iter 1100/4443  loss=0.1552
    [train] iter 1120/4443  loss=0.1148
    [train] iter 1140/4443  loss=0.0833
    [train] iter 1160/4443  loss=0.1408
    [train] iter 1180/4443  loss=0.1237
    [train] iter 1200/4443  loss=0.1266
    [train] iter 1220/4443  loss=0.1171
    [train] iter 1240/4443  loss=0.1536
    [train] iter 1260/4443  loss=0.1357
    [train] iter 1280/4443  loss=0.0787
    [train] iter 1300/4443  loss=0.1445
    [train] iter 1320/4443  loss=0.1146
    [train] iter 1340/4443  loss=0.1020
    [train] iter 1360/4443  loss=0.2652
    [train] iter 1380/4443  loss=0.1355
    [train] iter 1400/4443  loss=0.1537
    [train] iter 1420/4443  loss=0.0803
    [train] iter 1440/4443  loss=0.1808
    [train] iter 1460/4443  loss=0.0544
    [train] iter 1480/4443  loss=0.0963
    [train] iter 1500/4443  loss=0.1368
    [train] iter 1520/4443  loss=0.1658
    [train] iter 1540/4443  loss=0.2475
    [train] iter 1560/4443  loss=0.0832
    [train] iter 1580/4443  loss=0.0950
    [train] iter 1600/4443  loss=0.1367
    [train] iter 1620/4443  loss=0.1542
    [train] iter 1640/4443  loss=0.0714
    [train] iter 1660/4443  loss=0.1090
    [train] iter 1680/4443  loss=0.1087
    [train] iter 1700/4443  loss=0.1665
    [train] iter 1720/4443  loss=0.1842
    [train] iter 1740/4443  loss=0.1044
    [train] iter 1760/4443  loss=0.1540
    [train] iter 1780/4443  loss=0.1749
    [train] iter 1800/4443  loss=0.1880
    [train] iter 1820/4443  loss=0.1733
    [train] iter 1840/4443  loss=0.1527
    [train] iter 1860/4443  loss=0.0774
    [train] iter 1880/4443  loss=0.2088
    [train] iter 1900/4443  loss=0.1519
    [train] iter 1920/4443  loss=0.1739
    [train] iter 1940/4443  loss=0.1867
    [train] iter 1960/4443  loss=0.1224
    [train] iter 1980/4443  loss=0.0897
    [train] iter 2000/4443  loss=0.0834
    [train] iter 2020/4443  loss=0.0884
    [train] iter 2040/4443  loss=0.1117
    [train] iter 2060/4443  loss=0.0892
    [train] iter 2080/4443  loss=0.1856
    [train] iter 2100/4443  loss=0.2021
    [train] iter 2120/4443  loss=0.1300
    [train] iter 2140/4443  loss=0.2414
    [train] iter 2160/4443  loss=0.1744
    [train] iter 2180/4443  loss=0.1053
    [train] iter 2200/4443  loss=0.1241
    [train] iter 2220/4443  loss=0.1247
    [train] iter 2240/4443  loss=0.2486
    [train] iter 2260/4443  loss=0.1741
    [train] iter 2280/4443  loss=0.1376
    [train] iter 2300/4443  loss=0.1171
    [train] iter 2320/4443  loss=0.1408
    [train] iter 2340/4443  loss=0.1404
    [train] iter 2360/4443  loss=0.1126
    [train] iter 2380/4443  loss=0.1295
    [train] iter 2400/4443  loss=0.1441
    [train] iter 2420/4443  loss=0.1998
    [train] iter 2440/4443  loss=0.1424
    [train] iter 2460/4443  loss=0.1601
    [train] iter 2480/4443  loss=0.2069
    [train] iter 2500/4443  loss=0.1426
    [train] iter 2520/4443  loss=0.0974
    [train] iter 2540/4443  loss=0.0642
    [train] iter 2560/4443  loss=0.1152
    [train] iter 2580/4443  loss=0.1286
    [train] iter 2600/4443  loss=0.1117
    [train] iter 2620/4443  loss=0.1001
    [train] iter 2640/4443  loss=0.1770
    [train] iter 2660/4443  loss=0.1136
    [train] iter 2680/4443  loss=0.2388
    [train] iter 2700/4443  loss=0.1453
    [train] iter 2720/4443  loss=0.2386
    [train] iter 2740/4443  loss=0.1155
    [train] iter 2760/4443  loss=0.1538
    [train] iter 2780/4443  loss=0.1762
    [train] iter 2800/4443  loss=0.0926
    [train] iter 2820/4443  loss=0.1384
    [train] iter 2840/4443  loss=0.1815
    [train] iter 2860/4443  loss=0.0795
    [train] iter 2880/4443  loss=0.0828
    [train] iter 2900/4443  loss=0.1601
    [train] iter 2920/4443  loss=0.2684
    [train] iter 2940/4443  loss=0.1812
    [train] iter 2960/4443  loss=0.1143
    [train] iter 2980/4443  loss=0.1832
    [train] iter 3000/4443  loss=0.1586
    [train] iter 3020/4443  loss=0.2101
    [train] iter 3040/4443  loss=0.1838
    [train] iter 3060/4443  loss=0.1528
    [train] iter 3080/4443  loss=0.1333
    [train] iter 3100/4443  loss=0.1124
    [train] iter 3120/4443  loss=0.1446
    [train] iter 3140/4443  loss=0.1741
    [train] iter 3160/4443  loss=0.1016
    [train] iter 3180/4443  loss=0.0743
    [train] iter 3200/4443  loss=0.1534
    [train] iter 3220/4443  loss=0.1468
    [train] iter 3240/4443  loss=0.1540
    [train] iter 3260/4443  loss=0.2612
    [train] iter 3280/4443  loss=0.1070
    [train] iter 3300/4443  loss=0.1969
    [train] iter 3320/4443  loss=0.0976
    [train] iter 3340/4443  loss=0.1270
    [train] iter 3360/4443  loss=0.1680
    [train] iter 3380/4443  loss=0.1609
    [train] iter 3400/4443  loss=0.1649
    [train] iter 3420/4443  loss=0.1235
    [train] iter 3440/4443  loss=0.1296
    [train] iter 3460/4443  loss=0.0761
    [train] iter 3480/4443  loss=0.0973
    [train] iter 3500/4443  loss=0.1434
    [train] iter 3520/4443  loss=0.1190
    [train] iter 3540/4443  loss=0.2179
    [train] iter 3560/4443  loss=0.1271
    [train] iter 3580/4443  loss=0.1503
    [train] iter 3600/4443  loss=0.1872
    [train] iter 3620/4443  loss=0.1552
    [train] iter 3640/4443  loss=0.1348
    [train] iter 3660/4443  loss=0.1318
    [train] iter 3680/4443  loss=0.1126
    [train] iter 3700/4443  loss=0.1694
    [train] iter 3720/4443  loss=0.3030
    [train] iter 3740/4443  loss=0.1354
    [train] iter 3760/4443  loss=0.1519
    [train] iter 3780/4443  loss=0.0993
    [train] iter 3800/4443  loss=0.1067
    [train] iter 3820/4443  loss=0.0971
    [train] iter 3840/4443  loss=0.0761
    [train] iter 3860/4443  loss=0.1106
    [train] iter 3880/4443  loss=0.0995
    [train] iter 3900/4443  loss=0.1012
    [train] iter 3920/4443  loss=0.1685
    [train] iter 3940/4443  loss=0.1387
    [train] iter 3960/4443  loss=0.0871
    [train] iter 3980/4443  loss=0.1351
    [train] iter 4000/4443  loss=0.0982
    [train] iter 4020/4443  loss=0.1487
    [train] iter 4040/4443  loss=0.1256
    [train] iter 4060/4443  loss=0.1933
    [train] iter 4080/4443  loss=0.1015
    [train] iter 4100/4443  loss=0.1334
    [train] iter 4120/4443  loss=0.0654
    [train] iter 4140/4443  loss=0.1260
    [train] iter 4160/4443  loss=0.1657
    [train] iter 4180/4443  loss=0.1298
    [train] iter 4200/4443  loss=0.0920
    [train] iter 4220/4443  loss=0.1295
    [train] iter 4240/4443  loss=0.1646
    [train] iter 4260/4443  loss=0.0808
    [train] iter 4280/4443  loss=0.1547
    [train] iter 4300/4443  loss=0.1666
    [train] iter 4320/4443  loss=0.1831
    [train] iter 4340/4443  loss=0.2215
    [train] iter 4360/4443  loss=0.1421
    [train] iter 4380/4443  loss=0.1184
    [train] iter 4400/4443  loss=0.1503
    [train] iter 4420/4443  loss=0.1230
    [train] iter 4440/4443  loss=0.1726
  train_loss=0.1425  val_loss=0.1673  val_dice=0.8063

--- Epoch 58/100 (lr=1.17e-04) ---
    [train] iter 20/4443  loss=0.0568
    [train] iter 40/4443  loss=0.1105
    [train] iter 60/4443  loss=0.1379
    [train] iter 80/4443  loss=0.0867
    [train] iter 100/4443  loss=0.1555
    [train] iter 120/4443  loss=0.1137
    [train] iter 140/4443  loss=0.1244
    [train] iter 160/4443  loss=0.1141
    [train] iter 180/4443  loss=0.1191
    [train] iter 200/4443  loss=0.1130
    [train] iter 220/4443  loss=0.1421
    [train] iter 240/4443  loss=0.1027
    [train] iter 260/4443  loss=0.1530
    [train] iter 280/4443  loss=0.1651
    [train] iter 300/4443  loss=0.1083
    [train] iter 320/4443  loss=0.1466
    [train] iter 340/4443  loss=0.2224
    [train] iter 360/4443  loss=0.1306
    [train] iter 380/4443  loss=0.2296
    [train] iter 400/4443  loss=0.1057
    [train] iter 420/4443  loss=0.1078
    [train] iter 440/4443  loss=0.1159
    [train] iter 460/4443  loss=0.2682
    [train] iter 480/4443  loss=0.2448
    [train] iter 500/4443  loss=0.1107
    [train] iter 520/4443  loss=0.0939
    [train] iter 540/4443  loss=0.1150
    [train] iter 560/4443  loss=0.2139
    [train] iter 580/4443  loss=0.1975
    [train] iter 600/4443  loss=0.1587
    [train] iter 620/4443  loss=0.2374
    [train] iter 640/4443  loss=0.0963
    [train] iter 660/4443  loss=0.2120
    [train] iter 680/4443  loss=0.1062
    [train] iter 700/4443  loss=0.1899
    [train] iter 720/4443  loss=0.0595
    [train] iter 740/4443  loss=0.1386
    [train] iter 760/4443  loss=0.1384
    [train] iter 780/4443  loss=0.1541
    [train] iter 800/4443  loss=0.1622
    [train] iter 820/4443  loss=0.1054
    [train] iter 840/4443  loss=0.1133
    [train] iter 860/4443  loss=0.0729
    [train] iter 880/4443  loss=0.1704
    [train] iter 900/4443  loss=0.1588
    [train] iter 920/4443  loss=0.0781
    [train] iter 940/4443  loss=0.1871
    [train] iter 960/4443  loss=0.1152
    [train] iter 980/4443  loss=0.1277
    [train] iter 1000/4443  loss=0.1437
    [train] iter 1020/4443  loss=0.1371
    [train] iter 1040/4443  loss=0.1399
    [train] iter 1060/4443  loss=0.1537
    [train] iter 1080/4443  loss=0.1483
    [train] iter 1100/4443  loss=0.0763
    [train] iter 1120/4443  loss=0.1604
    [train] iter 1140/4443  loss=0.0738
    [train] iter 1160/4443  loss=0.1602
    [train] iter 1180/4443  loss=0.1502
    [train] iter 1200/4443  loss=0.1661
    [train] iter 1220/4443  loss=0.0957
    [train] iter 1240/4443  loss=0.1122
    [train] iter 1260/4443  loss=0.1370
    [train] iter 1280/4443  loss=0.1345
    [train] iter 1300/4443  loss=0.1567
    [train] iter 1320/4443  loss=0.1403
    [train] iter 1340/4443  loss=0.1683
    [train] iter 1360/4443  loss=0.2695
    [train] iter 1380/4443  loss=0.1446
    [train] iter 1400/4443  loss=0.1226
    [train] iter 1420/4443  loss=0.1384
    [train] iter 1440/4443  loss=0.0730
    [train] iter 1460/4443  loss=0.1194
    [train] iter 1480/4443  loss=0.2117
    [train] iter 1500/4443  loss=0.1307
    [train] iter 1520/4443  loss=0.1332
    [train] iter 1540/4443  loss=0.1419
    [train] iter 1560/4443  loss=0.1612
    [train] iter 1580/4443  loss=0.0830
    [train] iter 1600/4443  loss=0.1107
    [train] iter 1620/4443  loss=0.1968
    [train] iter 1640/4443  loss=0.2299
    [train] iter 1660/4443  loss=0.1082
    [train] iter 1680/4443  loss=0.2165
    [train] iter 1700/4443  loss=0.2043
    [train] iter 1720/4443  loss=0.1760
    [train] iter 1740/4443  loss=0.0756
    [train] iter 1760/4443  loss=0.1024
    [train] iter 1780/4443  loss=0.0586
    [train] iter 1800/4443  loss=0.1221
    [train] iter 1820/4443  loss=0.0812
    [train] iter 1840/4443  loss=0.1483
    [train] iter 1860/4443  loss=0.2233
    [train] iter 1880/4443  loss=0.0910
    [train] iter 1900/4443  loss=0.1025
    [train] iter 1920/4443  loss=0.0779
    [train] iter 1940/4443  loss=0.1621
    [train] iter 1960/4443  loss=0.1791
    [train] iter 1980/4443  loss=0.1144
    [train] iter 2000/4443  loss=0.1975
    [train] iter 2020/4443  loss=0.1320
    [train] iter 2040/4443  loss=0.1265
    [train] iter 2060/4443  loss=0.1513
    [train] iter 2080/4443  loss=0.1158
    [train] iter 2100/4443  loss=0.1216
    [train] iter 2120/4443  loss=0.1259
    [train] iter 2140/4443  loss=0.0784
    [train] iter 2160/4443  loss=0.1510
    [train] iter 2180/4443  loss=0.1411
    [train] iter 2200/4443  loss=0.1574
    [train] iter 2220/4443  loss=0.1893
    [train] iter 2240/4443  loss=0.2795
    [train] iter 2260/4443  loss=0.1440
    [train] iter 2280/4443  loss=0.1230
    [train] iter 2300/4443  loss=0.1414
    [train] iter 2320/4443  loss=0.0755
    [train] iter 2340/4443  loss=0.1771
    [train] iter 2360/4443  loss=0.1193
    [train] iter 2380/4443  loss=0.1521
    [train] iter 2400/4443  loss=0.1555
    [train] iter 2420/4443  loss=0.0746
    [train] iter 2440/4443  loss=0.1184
    [train] iter 2460/4443  loss=0.2408
    [train] iter 2480/4443  loss=0.1267
    [train] iter 2500/4443  loss=0.0867
    [train] iter 2520/4443  loss=0.1124
    [train] iter 2540/4443  loss=0.0628
    [train] iter 2560/4443  loss=0.1695
    [train] iter 2580/4443  loss=0.1045
    [train] iter 2600/4443  loss=0.0899
    [train] iter 2620/4443  loss=0.0933
    [train] iter 2640/4443  loss=0.1002
    [train] iter 2660/4443  loss=0.1168
    [train] iter 2680/4443  loss=0.1561
    [train] iter 2700/4443  loss=0.0923
    [train] iter 2720/4443  loss=0.2377
    [train] iter 2740/4443  loss=0.1257
    [train] iter 2760/4443  loss=0.1415
    [train] iter 2780/4443  loss=0.1240
    [train] iter 2800/4443  loss=0.1540
    [train] iter 2820/4443  loss=0.1262
    [train] iter 2840/4443  loss=0.1557
    [train] iter 2860/4443  loss=0.1246
    [train] iter 2880/4443  loss=0.1781
    [train] iter 2900/4443  loss=0.1741
    [train] iter 2920/4443  loss=0.1932
    [train] iter 2940/4443  loss=0.0984
    [train] iter 2960/4443  loss=0.1268
    [train] iter 2980/4443  loss=0.1460
    [train] iter 3000/4443  loss=0.1339
    [train] iter 3020/4443  loss=0.2739
    [train] iter 3040/4443  loss=0.1569
    [train] iter 3060/4443  loss=0.0786
    [train] iter 3080/4443  loss=0.0773
    [train] iter 3100/4443  loss=0.1325
    [train] iter 3120/4443  loss=0.1370
    [train] iter 3140/4443  loss=0.1004
    [train] iter 3160/4443  loss=0.1272
    [train] iter 3180/4443  loss=0.1466
    [train] iter 3200/4443  loss=0.2012
    [train] iter 3220/4443  loss=0.1043
    [train] iter 3240/4443  loss=0.1253
    [train] iter 3260/4443  loss=0.0865
    [train] iter 3280/4443  loss=0.1000
    [train] iter 3300/4443  loss=0.1414
    [train] iter 3320/4443  loss=0.1331
    [train] iter 3340/4443  loss=0.1505
    [train] iter 3360/4443  loss=0.1141
    [train] iter 3380/4443  loss=0.1001
    [train] iter 3400/4443  loss=0.1322
    [train] iter 3420/4443  loss=0.1192
    [train] iter 3440/4443  loss=0.1035
    [train] iter 3460/4443  loss=0.1906
    [train] iter 3480/4443  loss=0.1620
    [train] iter 3500/4443  loss=0.1003
    [train] iter 3520/4443  loss=0.1084
    [train] iter 3540/4443  loss=0.1053
    [train] iter 3560/4443  loss=0.1594
    [train] iter 3580/4443  loss=0.1465
    [train] iter 3600/4443  loss=0.1180
    [train] iter 3620/4443  loss=0.1635
    [train] iter 3640/4443  loss=0.1398
    [train] iter 3660/4443  loss=0.1772
    [train] iter 3680/4443  loss=0.1252
    [train] iter 3700/4443  loss=0.1775
    [train] iter 3720/4443  loss=0.1870
    [train] iter 3740/4443  loss=0.1401
    [train] iter 3760/4443  loss=0.1374
    [train] iter 3780/4443  loss=0.1614
    [train] iter 3800/4443  loss=0.1425
    [train] iter 3820/4443  loss=0.1673
    [train] iter 3840/4443  loss=0.1090
    [train] iter 3860/4443  loss=0.0962
    [train] iter 3880/4443  loss=0.1245
    [train] iter 3900/4443  loss=0.1546
    [train] iter 3920/4443  loss=0.1494
    [train] iter 3940/4443  loss=0.1828
    [train] iter 3960/4443  loss=0.1665
    [train] iter 3980/4443  loss=0.0939
    [train] iter 4000/4443  loss=0.1045
    [train] iter 4020/4443  loss=0.0880
    [train] iter 4040/4443  loss=0.2173
    [train] iter 4060/4443  loss=0.1296
    [train] iter 4080/4443  loss=0.0828
    [train] iter 4100/4443  loss=0.1684
    [train] iter 4120/4443  loss=0.0902
    [train] iter 4140/4443  loss=0.1171
    [train] iter 4160/4443  loss=0.1142
    [train] iter 4180/4443  loss=0.1104
    [train] iter 4200/4443  loss=0.1181
    [train] iter 4220/4443  loss=0.1034
    [train] iter 4240/4443  loss=0.1902
    [train] iter 4260/4443  loss=0.1121
    [train] iter 4280/4443  loss=0.1905
    [train] iter 4300/4443  loss=0.1977
    [train] iter 4320/4443  loss=0.1724
    [train] iter 4340/4443  loss=0.2197
    [train] iter 4360/4443  loss=0.1319
    [train] iter 4380/4443  loss=0.1233
    [train] iter 4400/4443  loss=0.2271
    [train] iter 4420/4443  loss=0.1341
    [train] iter 4440/4443  loss=0.1214
  train_loss=0.1403  val_loss=0.1654  val_dice=0.8088

--- Epoch 59/100 (lr=1.13e-04) ---
    [train] iter 20/4443  loss=0.1751
    [train] iter 40/4443  loss=0.1693
    [train] iter 60/4443  loss=0.2074
    [train] iter 80/4443  loss=0.1298
    [train] iter 100/4443  loss=0.1166
    [train] iter 120/4443  loss=0.1020
    [train] iter 140/4443  loss=0.1366
    [train] iter 160/4443  loss=0.0943
    [train] iter 180/4443  loss=0.0965
    [train] iter 200/4443  loss=0.1194
    [train] iter 220/4443  loss=0.1366
    [train] iter 240/4443  loss=0.1567
    [train] iter 260/4443  loss=0.1479
    [train] iter 280/4443  loss=0.1492
    [train] iter 300/4443  loss=0.1298
    [train] iter 320/4443  loss=0.1227
    [train] iter 340/4443  loss=0.1148
    [train] iter 360/4443  loss=0.1101
    [train] iter 380/4443  loss=0.0737
    [train] iter 400/4443  loss=0.1492
    [train] iter 420/4443  loss=0.0922
    [train] iter 440/4443  loss=0.0630
    [train] iter 460/4443  loss=0.2380
    [train] iter 480/4443  loss=0.1316
    [train] iter 500/4443  loss=0.0957
    [train] iter 520/4443  loss=0.0764
    [train] iter 540/4443  loss=0.1443
    [train] iter 560/4443  loss=0.1189
    [train] iter 580/4443  loss=0.1506
    [train] iter 600/4443  loss=0.1539
    [train] iter 620/4443  loss=0.1557
    [train] iter 640/4443  loss=0.1035
    [train] iter 660/4443  loss=0.1968
    [train] iter 680/4443  loss=0.1874
    [train] iter 700/4443  loss=0.1102
    [train] iter 720/4443  loss=0.1853
    [train] iter 740/4443  loss=0.2152
    [train] iter 760/4443  loss=0.1413
    [train] iter 780/4443  loss=0.1222
    [train] iter 800/4443  loss=0.1304
    [train] iter 820/4443  loss=0.0732
    [train] iter 840/4443  loss=0.0863
    [train] iter 860/4443  loss=0.1125
    [train] iter 880/4443  loss=0.1093
    [train] iter 900/4443  loss=0.1397
    [train] iter 920/4443  loss=0.2206
    [train] iter 940/4443  loss=0.1543
    [train] iter 960/4443  loss=0.0854
    [train] iter 980/4443  loss=0.1800
    [train] iter 1000/4443  loss=0.1451
    [train] iter 1020/4443  loss=0.1104
    [train] iter 1040/4443  loss=0.1101
    [train] iter 1060/4443  loss=0.1955
    [train] iter 1080/4443  loss=0.3239
    [train] iter 1100/4443  loss=0.0774
    [train] iter 1120/4443  loss=0.0869
    [train] iter 1140/4443  loss=0.1024
    [train] iter 1160/4443  loss=0.0996
    [train] iter 1180/4443  loss=0.1915
    [train] iter 1200/4443  loss=0.1671
    [train] iter 1220/4443  loss=0.2389
    [train] iter 1240/4443  loss=0.1497
    [train] iter 1260/4443  loss=0.1505
    [train] iter 1280/4443  loss=0.1056
    [train] iter 1300/4443  loss=0.2115
    [train] iter 1320/4443  loss=0.1735
    [train] iter 1340/4443  loss=0.1656
    [train] iter 1360/4443  loss=0.1645
    [train] iter 1380/4443  loss=0.2778
    [train] iter 1400/4443  loss=0.0953
    [train] iter 1420/4443  loss=0.1135
    [train] iter 1440/4443  loss=0.1340
    [train] iter 1460/4443  loss=0.0999
    [train] iter 1480/4443  loss=0.1603
    [train] iter 1500/4443  loss=0.1434
    [train] iter 1520/4443  loss=0.2061
    [train] iter 1540/4443  loss=0.1894
    [train] iter 1560/4443  loss=0.1443
    [train] iter 1580/4443  loss=0.1459
    [train] iter 1600/4443  loss=0.1722
    [train] iter 1620/4443  loss=0.1762
    [train] iter 1640/4443  loss=0.1690
    [train] iter 1660/4443  loss=0.1481
    [train] iter 1680/4443  loss=0.2425
    [train] iter 1700/4443  loss=0.1379
    [train] iter 1720/4443  loss=0.1648
    [train] iter 1740/4443  loss=0.0948
    [train] iter 1760/4443  loss=0.1477
    [train] iter 1780/4443  loss=0.1173
    [train] iter 1800/4443  loss=0.0818
    [train] iter 1820/4443  loss=0.3188
    [train] iter 1840/4443  loss=0.1144
    [train] iter 1860/4443  loss=0.1744
    [train] iter 1880/4443  loss=0.2124
    [train] iter 1900/4443  loss=0.1363
    [train] iter 1920/4443  loss=0.0828
    [train] iter 1940/4443  loss=0.1070
    [train] iter 1960/4443  loss=0.1177
    [train] iter 1980/4443  loss=0.1778
    [train] iter 2000/4443  loss=0.1068
    [train] iter 2020/4443  loss=0.2060
    [train] iter 2040/4443  loss=0.1627
    [train] iter 2060/4443  loss=0.1243
    [train] iter 2080/4443  loss=0.0935
    [train] iter 2100/4443  loss=0.1010
    [train] iter 2120/4443  loss=0.0966
    [train] iter 2140/4443  loss=0.1598
    [train] iter 2160/4443  loss=0.1135
    [train] iter 2180/4443  loss=0.0982
    [train] iter 2200/4443  loss=0.2108
    [train] iter 2220/4443  loss=0.1041
    [train] iter 2240/4443  loss=0.0947
    [train] iter 2260/4443  loss=0.0900
    [train] iter 2280/4443  loss=0.1833
    [train] iter 2300/4443  loss=0.1657
    [train] iter 2320/4443  loss=0.1375
    [train] iter 2340/4443  loss=0.0972
    [train] iter 2360/4443  loss=0.1213
    [train] iter 2380/4443  loss=0.1238
    [train] iter 2400/4443  loss=0.1388
    [train] iter 2420/4443  loss=0.0845
    [train] iter 2440/4443  loss=0.1420
    [train] iter 2460/4443  loss=0.1594
    [train] iter 2480/4443  loss=0.2042
    [train] iter 2500/4443  loss=0.1560
    [train] iter 2520/4443  loss=0.1645
    [train] iter 2540/4443  loss=0.2974
    [train] iter 2560/4443  loss=0.0871
    [train] iter 2580/4443  loss=0.0695
    [train] iter 2600/4443  loss=0.1126
    [train] iter 2620/4443  loss=0.1350
    [train] iter 2640/4443  loss=0.1912
    [train] iter 2660/4443  loss=0.1275
    [train] iter 2680/4443  loss=0.1281
    [train] iter 2700/4443  loss=0.2159
    [train] iter 2720/4443  loss=0.1581
    [train] iter 2740/4443  loss=0.1242
    [train] iter 2760/4443  loss=0.1799
    [train] iter 2780/4443  loss=0.0912
    [train] iter 2800/4443  loss=0.1491
    [train] iter 2820/4443  loss=0.0725
    [train] iter 2840/4443  loss=0.1008
    [train] iter 2860/4443  loss=0.1038
    [train] iter 2880/4443  loss=0.0788
    [train] iter 2900/4443  loss=0.0769
    [train] iter 2920/4443  loss=0.1285
    [train] iter 2940/4443  loss=0.1066
    [train] iter 2960/4443  loss=0.1132
    [train] iter 2980/4443  loss=0.2284
    [train] iter 3000/4443  loss=0.1046
    [train] iter 3020/4443  loss=0.1143
    [train] iter 3040/4443  loss=0.1523
    [train] iter 3060/4443  loss=0.1103
    [train] iter 3080/4443  loss=0.1110
    [train] iter 3100/4443  loss=0.0665
    [train] iter 3120/4443  loss=0.1042
    [train] iter 3140/4443  loss=0.1316
    [train] iter 3160/4443  loss=0.1214
    [train] iter 3180/4443  loss=0.1337
    [train] iter 3200/4443  loss=0.1417
    [train] iter 3220/4443  loss=0.1555
    [train] iter 3240/4443  loss=0.0955
    [train] iter 3260/4443  loss=0.1763
    [train] iter 3280/4443  loss=0.1419
    [train] iter 3300/4443  loss=0.1563
    [train] iter 3320/4443  loss=0.1408
    [train] iter 3340/4443  loss=0.1324
    [train] iter 3360/4443  loss=0.1611
    [train] iter 3380/4443  loss=0.0971
    [train] iter 3400/4443  loss=0.0942
    [train] iter 3420/4443  loss=0.1847
    [train] iter 3440/4443  loss=0.2202
    [train] iter 3460/4443  loss=0.1367
    [train] iter 3480/4443  loss=0.1023
    [train] iter 3500/4443  loss=0.1766
    [train] iter 3520/4443  loss=0.1362
    [train] iter 3540/4443  loss=0.1261
    [train] iter 3560/4443  loss=0.1136
    [train] iter 3580/4443  loss=0.0987
    [train] iter 3600/4443  loss=0.1119
    [train] iter 3620/4443  loss=0.1628
    [train] iter 3640/4443  loss=0.1938
    [train] iter 3660/4443  loss=0.1987
    [train] iter 3680/4443  loss=0.0898
    [train] iter 3700/4443  loss=0.2281
    [train] iter 3720/4443  loss=0.1197
    [train] iter 3740/4443  loss=0.1787
    [train] iter 3760/4443  loss=0.1112
    [train] iter 3780/4443  loss=0.1261
    [train] iter 3800/4443  loss=0.1364
    [train] iter 3820/4443  loss=0.1119
    [train] iter 3840/4443  loss=0.0900
    [train] iter 3860/4443  loss=0.2054
    [train] iter 3880/4443  loss=0.1203
    [train] iter 3900/4443  loss=0.3162
    [train] iter 3920/4443  loss=0.0705
    [train] iter 3940/4443  loss=0.2808
    [train] iter 3960/4443  loss=0.1693
    [train] iter 3980/4443  loss=0.0783
    [train] iter 4000/4443  loss=0.0992
    [train] iter 4020/4443  loss=0.2167
    [train] iter 4040/4443  loss=0.1142
    [train] iter 4060/4443  loss=0.1358
    [train] iter 4080/4443  loss=0.1337
    [train] iter 4100/4443  loss=0.1989
    [train] iter 4120/4443  loss=0.1096
    [train] iter 4140/4443  loss=0.0800
    [train] iter 4160/4443  loss=0.1574
    [train] iter 4180/4443  loss=0.1357
    [train] iter 4200/4443  loss=0.0903
    [train] iter 4220/4443  loss=0.0833
    [train] iter 4240/4443  loss=0.1400
    [train] iter 4260/4443  loss=0.1639
    [train] iter 4280/4443  loss=0.1040
    [train] iter 4300/4443  loss=0.1135
    [train] iter 4320/4443  loss=0.1597
    [train] iter 4340/4443  loss=0.1776
    [train] iter 4360/4443  loss=0.1076
    [train] iter 4380/4443  loss=0.0680
    [train] iter 4400/4443  loss=0.1118
    [train] iter 4420/4443  loss=0.1041
    [train] iter 4440/4443  loss=0.2855
  train_loss=0.1401  val_loss=0.1652  val_dice=0.8087

--- Epoch 60/100 (lr=1.08e-04) ---
    [train] iter 20/4443  loss=0.0927
    [train] iter 40/4443  loss=0.1147
    [train] iter 60/4443  loss=0.1424
    [train] iter 80/4443  loss=0.1982
    [train] iter 100/4443  loss=0.1283
    [train] iter 120/4443  loss=0.1178
    [train] iter 140/4443  loss=0.1223
    [train] iter 160/4443  loss=0.1267
    [train] iter 180/4443  loss=0.1373
    [train] iter 200/4443  loss=0.1218
    [train] iter 220/4443  loss=0.0680
    [train] iter 240/4443  loss=0.1324
    [train] iter 260/4443  loss=0.1055
    [train] iter 280/4443  loss=0.0794
    [train] iter 300/4443  loss=0.1216
    [train] iter 320/4443  loss=0.1265
    [train] iter 340/4443  loss=0.2314
    [train] iter 360/4443  loss=0.2078
    [train] iter 380/4443  loss=0.0995
    [train] iter 400/4443  loss=0.1122
    [train] iter 420/4443  loss=0.1775
    [train] iter 440/4443  loss=0.1923
    [train] iter 460/4443  loss=0.1285
    [train] iter 480/4443  loss=0.0969
    [train] iter 500/4443  loss=0.1794
    [train] iter 520/4443  loss=0.1339
    [train] iter 540/4443  loss=0.0823
    [train] iter 560/4443  loss=0.2261
    [train] iter 580/4443  loss=0.1194
    [train] iter 600/4443  loss=0.1275
    [train] iter 620/4443  loss=0.1623
    [train] iter 640/4443  loss=0.1880
    [train] iter 660/4443  loss=0.1578
    [train] iter 680/4443  loss=0.1011
    [train] iter 700/4443  loss=0.1169
    [train] iter 720/4443  loss=0.1771
    [train] iter 740/4443  loss=0.0885
    [train] iter 760/4443  loss=0.0721
    [train] iter 780/4443  loss=0.1530
    [train] iter 800/4443  loss=0.1295
    [train] iter 820/4443  loss=0.0996
    [train] iter 840/4443  loss=0.0774
    [train] iter 860/4443  loss=0.1019
    [train] iter 880/4443  loss=0.0660
    [train] iter 900/4443  loss=0.0745
    [train] iter 920/4443  loss=0.0871
    [train] iter 940/4443  loss=0.1442
    [train] iter 960/4443  loss=0.1867
    [train] iter 980/4443  loss=0.1102
    [train] iter 1000/4443  loss=0.0925
    [train] iter 1020/4443  loss=0.1087
    [train] iter 1040/4443  loss=0.1195
    [train] iter 1060/4443  loss=0.1138
    [train] iter 1080/4443  loss=0.1428
    [train] iter 1100/4443  loss=0.1604
    [train] iter 1120/4443  loss=0.1489
    [train] iter 1140/4443  loss=0.1024
    [train] iter 1160/4443  loss=0.1195
    [train] iter 1180/4443  loss=0.0894
    [train] iter 1200/4443  loss=0.1468
    [train] iter 1220/4443  loss=0.1739
    [train] iter 1240/4443  loss=0.1906
    [train] iter 1260/4443  loss=0.0824
    [train] iter 1280/4443  loss=0.1881
    [train] iter 1300/4443  loss=0.1559
    [train] iter 1320/4443  loss=0.1967
    [train] iter 1340/4443  loss=0.0979
    [train] iter 1360/4443  loss=0.1508
    [train] iter 1380/4443  loss=0.0697
    [train] iter 1400/4443  loss=0.1071
    [train] iter 1420/4443  loss=0.1136
    [train] iter 1440/4443  loss=0.1214
    [train] iter 1460/4443  loss=0.1928
    [train] iter 1480/4443  loss=0.1113
    [train] iter 1500/4443  loss=0.1682
    [train] iter 1520/4443  loss=0.0865
    [train] iter 1540/4443  loss=0.1289
    [train] iter 1560/4443  loss=0.1342
    [train] iter 1580/4443  loss=0.1019
    [train] iter 1600/4443  loss=0.1411
    [train] iter 1620/4443  loss=0.0680
    [train] iter 1640/4443  loss=0.0957
    [train] iter 1660/4443  loss=0.1892
    [train] iter 1680/4443  loss=0.1373
    [train] iter 1700/4443  loss=0.1326
    [train] iter 1720/4443  loss=0.1873
    [train] iter 1740/4443  loss=0.1774
    [train] iter 1760/4443  loss=0.1404
    [train] iter 1780/4443  loss=0.2388
    [train] iter 1800/4443  loss=0.0893
    [train] iter 1820/4443  loss=0.1817
    [train] iter 1840/4443  loss=0.1724
    [train] iter 1860/4443  loss=0.0999
    [train] iter 1880/4443  loss=0.2008
    [train] iter 1900/4443  loss=0.1628
    [train] iter 1920/4443  loss=0.1899
    [train] iter 1940/4443  loss=0.1560
    [train] iter 1960/4443  loss=0.1410
    [train] iter 1980/4443  loss=0.1207
    [train] iter 2000/4443  loss=0.1019
    [train] iter 2020/4443  loss=0.0671
    [train] iter 2040/4443  loss=0.2223
    [train] iter 2060/4443  loss=0.1166
    [train] iter 2080/4443  loss=0.1485
    [train] iter 2100/4443  loss=0.0964
    [train] iter 2120/4443  loss=0.1134
    [train] iter 2140/4443  loss=0.2592
    [train] iter 2160/4443  loss=0.1396
    [train] iter 2180/4443  loss=0.1229
    [train] iter 2200/4443  loss=0.1627
    [train] iter 2220/4443  loss=0.1221
    [train] iter 2240/4443  loss=0.2273
    [train] iter 2260/4443  loss=0.1202
    [train] iter 2280/4443  loss=0.1143
    [train] iter 2300/4443  loss=0.1347
    [train] iter 2320/4443  loss=0.0879
    [train] iter 2340/4443  loss=0.2114
    [train] iter 2360/4443  loss=0.2234
    [train] iter 2380/4443  loss=0.1914
    [train] iter 2400/4443  loss=0.1179
    [train] iter 2420/4443  loss=0.1111
    [train] iter 2440/4443  loss=0.1177
    [train] iter 2460/4443  loss=0.2347
    [train] iter 2480/4443  loss=0.1205
    [train] iter 2500/4443  loss=0.1054
    [train] iter 2520/4443  loss=0.1474
    [train] iter 2540/4443  loss=0.1135
    [train] iter 2560/4443  loss=0.0940
    [train] iter 2580/4443  loss=0.1294
    [train] iter 2600/4443  loss=0.1981
    [train] iter 2620/4443  loss=0.1916
    [train] iter 2640/4443  loss=0.1438
    [train] iter 2660/4443  loss=0.1079
    [train] iter 2680/4443  loss=0.1472
    [train] iter 2700/4443  loss=0.1385
    [train] iter 2720/4443  loss=0.1508
    [train] iter 2740/4443  loss=0.1293
    [train] iter 2760/4443  loss=0.1440
    [train] iter 2780/4443  loss=0.1034
    [train] iter 2800/4443  loss=0.1516
    [train] iter 2820/4443  loss=0.1361
    [train] iter 2840/4443  loss=0.1386
    [train] iter 2860/4443  loss=0.1026
    [train] iter 2880/4443  loss=0.1197
    [train] iter 2900/4443  loss=0.1060
    [train] iter 2920/4443  loss=0.1458
    [train] iter 2940/4443  loss=0.2181
    [train] iter 2960/4443  loss=0.1456
    [train] iter 2980/4443  loss=0.1520
    [train] iter 3000/4443  loss=0.1450
    [train] iter 3020/4443  loss=0.2119
    [train] iter 3040/4443  loss=0.0964
    [train] iter 3060/4443  loss=0.1606
    [train] iter 3080/4443  loss=0.2124
    [train] iter 3100/4443  loss=0.0810
    [train] iter 3120/4443  loss=0.1199
    [train] iter 3140/4443  loss=0.1386
    [train] iter 3160/4443  loss=0.1799
    [train] iter 3180/4443  loss=0.0920
    [train] iter 3200/4443  loss=0.1359
    [train] iter 3220/4443  loss=0.1078
    [train] iter 3240/4443  loss=0.1374
    [train] iter 3260/4443  loss=0.1595
    [train] iter 3280/4443  loss=0.1176
    [train] iter 3300/4443  loss=0.1267
    [train] iter 3320/4443  loss=0.1250
    [train] iter 3340/4443  loss=0.1747
    [train] iter 3360/4443  loss=0.1739
    [train] iter 3380/4443  loss=0.2343
    [train] iter 3400/4443  loss=0.1342
    [train] iter 3420/4443  loss=0.1615
    [train] iter 3440/4443  loss=0.1042
    [train] iter 3460/4443  loss=0.0790
    [train] iter 3480/4443  loss=0.1032
    [train] iter 3500/4443  loss=0.2578
    [train] iter 3520/4443  loss=0.2452
    [train] iter 3540/4443  loss=0.1413
    [train] iter 3560/4443  loss=0.0775
    [train] iter 3580/4443  loss=0.1570
    [train] iter 3600/4443  loss=0.0799
    [train] iter 3620/4443  loss=0.2154
    [train] iter 3640/4443  loss=0.1682
    [train] iter 3660/4443  loss=0.1124
    [train] iter 3680/4443  loss=0.2897
    [train] iter 3700/4443  loss=0.0881
    [train] iter 3720/4443  loss=0.1459
    [train] iter 3740/4443  loss=0.1218
    [train] iter 3760/4443  loss=0.1123
    [train] iter 3780/4443  loss=0.1755
    [train] iter 3800/4443  loss=0.1334
    [train] iter 3820/4443  loss=0.1172
    [train] iter 3840/4443  loss=0.1473
    [train] iter 3860/4443  loss=0.1374
    [train] iter 3880/4443  loss=0.1770
    [train] iter 3900/4443  loss=0.0911
    [train] iter 3920/4443  loss=0.1367
    [train] iter 3940/4443  loss=0.1906
    [train] iter 3960/4443  loss=0.2500
    [train] iter 3980/4443  loss=0.1799
    [train] iter 4000/4443  loss=0.0911
    [train] iter 4020/4443  loss=0.1385
    [train] iter 4040/4443  loss=0.1152
    [train] iter 4060/4443  loss=0.1442
    [train] iter 4080/4443  loss=0.1519
    [train] iter 4100/4443  loss=0.1250
    [train] iter 4120/4443  loss=0.1429
    [train] iter 4140/4443  loss=0.0748
    [train] iter 4160/4443  loss=0.1059
    [train] iter 4180/4443  loss=0.1106
    [train] iter 4200/4443  loss=0.1028
    [train] iter 4220/4443  loss=0.1859
    [train] iter 4240/4443  loss=0.1653
    [train] iter 4260/4443  loss=0.1585
    [train] iter 4280/4443  loss=0.1968
    [train] iter 4300/4443  loss=0.0872
    [train] iter 4320/4443  loss=0.1266
    [train] iter 4340/4443  loss=0.1138
    [train] iter 4360/4443  loss=0.1275
    [train] iter 4380/4443  loss=0.1285
    [train] iter 4400/4443  loss=0.0739
    [train] iter 4420/4443  loss=0.0911
    [train] iter 4440/4443  loss=0.1101
  train_loss=0.1402  val_loss=0.1628  val_dice=0.8121
  [best] val_dice=0.8121 已保存

--- Epoch 61/100 (lr=1.04e-04) ---
    [train] iter 20/4443  loss=0.0919
    [train] iter 40/4443  loss=0.0841
    [train] iter 60/4443  loss=0.1236
    [train] iter 80/4443  loss=0.1345
    [train] iter 100/4443  loss=0.1108
    [train] iter 120/4443  loss=0.2011
    [train] iter 140/4443  loss=0.1431
    [train] iter 160/4443  loss=0.1387
    [train] iter 180/4443  loss=0.0962
    [train] iter 200/4443  loss=0.1169
    [train] iter 220/4443  loss=0.1328
    [train] iter 240/4443  loss=0.1338
    [train] iter 260/4443  loss=0.1902
    [train] iter 280/4443  loss=0.1450
    [train] iter 300/4443  loss=0.1668
    [train] iter 320/4443  loss=0.1298
    [train] iter 340/4443  loss=0.1586
    [train] iter 360/4443  loss=0.1331
    [train] iter 380/4443  loss=0.0826
    [train] iter 400/4443  loss=0.0689
    [train] iter 420/4443  loss=0.1078
    [train] iter 440/4443  loss=0.1343
    [train] iter 460/4443  loss=0.1475
    [train] iter 480/4443  loss=0.1476
    [train] iter 500/4443  loss=0.0689
    [train] iter 520/4443  loss=0.1402
    [train] iter 540/4443  loss=0.1175
    [train] iter 560/4443  loss=0.1805
    [train] iter 580/4443  loss=0.0851
    [train] iter 600/4443  loss=0.0894
    [train] iter 620/4443  loss=0.1057
    [train] iter 640/4443  loss=0.1401
    [train] iter 660/4443  loss=0.1338
    [train] iter 680/4443  loss=0.1525
    [train] iter 700/4443  loss=0.2098
    [train] iter 720/4443  loss=0.1168
    [train] iter 740/4443  loss=0.0851
    [train] iter 760/4443  loss=0.0810
    [train] iter 780/4443  loss=0.1362
    [train] iter 800/4443  loss=0.1241
    [train] iter 820/4443  loss=0.1041
    [train] iter 840/4443  loss=0.1733
    [train] iter 860/4443  loss=0.2304
    [train] iter 880/4443  loss=0.1277
    [train] iter 900/4443  loss=0.0949
    [train] iter 920/4443  loss=0.2562
    [train] iter 940/4443  loss=0.1117
    [train] iter 960/4443  loss=0.1693
    [train] iter 980/4443  loss=0.1010
    [train] iter 1000/4443  loss=0.1821
    [train] iter 1020/4443  loss=0.1639
    [train] iter 1040/4443  loss=0.1090
    [train] iter 1060/4443  loss=0.2285
    [train] iter 1080/4443  loss=0.1308
    [train] iter 1100/4443  loss=0.1902
    [train] iter 1120/4443  loss=0.2025
    [train] iter 1140/4443  loss=0.0707
    [train] iter 1160/4443  loss=0.1786
    [train] iter 1180/4443  loss=0.2118
    [train] iter 1200/4443  loss=0.1262
    [train] iter 1220/4443  loss=0.1679
    [train] iter 1240/4443  loss=0.1470
    [train] iter 1260/4443  loss=0.2227
    [train] iter 1280/4443  loss=0.1235
    [train] iter 1300/4443  loss=0.1171
    [train] iter 1320/4443  loss=0.1626
    [train] iter 1340/4443  loss=0.2401
    [train] iter 1360/4443  loss=0.1970
    [train] iter 1380/4443  loss=0.1161
    [train] iter 1400/4443  loss=0.0956
    [train] iter 1420/4443  loss=0.1695
    [train] iter 1440/4443  loss=0.0982
    [train] iter 1460/4443  loss=0.0954
    [train] iter 1480/4443  loss=0.1251
    [train] iter 1500/4443  loss=0.1542
    [train] iter 1520/4443  loss=0.2640
    [train] iter 1540/4443  loss=0.2862
    [train] iter 1560/4443  loss=0.1053
    [train] iter 1580/4443  loss=0.1469
    [train] iter 1600/4443  loss=0.1082
    [train] iter 1620/4443  loss=0.1093
    [train] iter 1640/4443  loss=0.1212
    [train] iter 1660/4443  loss=0.1345
    [train] iter 1680/4443  loss=0.2200
    [train] iter 1700/4443  loss=0.1325
    [train] iter 1720/4443  loss=0.1725
    [train] iter 1740/4443  loss=0.0593
    [train] iter 1760/4443  loss=0.1798
    [train] iter 1780/4443  loss=0.1653
    [train] iter 1800/4443  loss=0.1283
    [train] iter 1820/4443  loss=0.1324
    [train] iter 1840/4443  loss=0.1191
    [train] iter 1860/4443  loss=0.1121
    [train] iter 1880/4443  loss=0.2890
    [train] iter 1900/4443  loss=0.1684
    [train] iter 1920/4443  loss=0.1359
    [train] iter 1940/4443  loss=0.1168
    [train] iter 1960/4443  loss=0.1183
    [train] iter 1980/4443  loss=0.1447
    [train] iter 2000/4443  loss=0.1962
    [train] iter 2020/4443  loss=0.0818
    [train] iter 2040/4443  loss=0.1058
    [train] iter 2060/4443  loss=0.1497
    [train] iter 2080/4443  loss=0.1629
    [train] iter 2100/4443  loss=0.1790
    [train] iter 2120/4443  loss=0.1863
    [train] iter 2140/4443  loss=0.1646
    [train] iter 2160/4443  loss=0.1864
    [train] iter 2180/4443  loss=0.0823
    [train] iter 2200/4443  loss=0.1158
    [train] iter 2220/4443  loss=0.1100
    [train] iter 2240/4443  loss=0.1134
    [train] iter 2260/4443  loss=0.1698
    [train] iter 2280/4443  loss=0.1559
    [train] iter 2300/4443  loss=0.1467
    [train] iter 2320/4443  loss=0.1560
    [train] iter 2340/4443  loss=0.1304
    [train] iter 2360/4443  loss=0.1920
    [train] iter 2380/4443  loss=0.1660
    [train] iter 2400/4443  loss=0.1543
    [train] iter 2420/4443  loss=0.1194
    [train] iter 2440/4443  loss=0.1196
    [train] iter 2460/4443  loss=0.1062
    [train] iter 2480/4443  loss=0.0554
    [train] iter 2500/4443  loss=0.1794
    [train] iter 2520/4443  loss=0.0966
    [train] iter 2540/4443  loss=0.1251
    [train] iter 2560/4443  loss=0.1140
    [train] iter 2580/4443  loss=0.1111
    [train] iter 2600/4443  loss=0.1319
    [train] iter 2620/4443  loss=0.1526
    [train] iter 2640/4443  loss=0.1759
    [train] iter 2660/4443  loss=0.2082
    [train] iter 2680/4443  loss=0.1685
    [train] iter 2700/4443  loss=0.1769
    [train] iter 2720/4443  loss=0.1177
    [train] iter 2740/4443  loss=0.2435
    [train] iter 2760/4443  loss=0.0952
    [train] iter 2780/4443  loss=0.1665
    [train] iter 2800/4443  loss=0.2175
    [train] iter 2820/4443  loss=0.2051
    [train] iter 2840/4443  loss=0.1114
    [train] iter 2860/4443  loss=0.0903
    [train] iter 2880/4443  loss=0.1268
    [train] iter 2900/4443  loss=0.0828
    [train] iter 2920/4443  loss=0.1345
    [train] iter 2940/4443  loss=0.1529
    [train] iter 2960/4443  loss=0.0990
    [train] iter 2980/4443  loss=0.2868
    [train] iter 3000/4443  loss=0.2933
    [train] iter 3020/4443  loss=0.1612
    [train] iter 3040/4443  loss=0.1324
    [train] iter 3060/4443  loss=0.1505
    [train] iter 3080/4443  loss=0.2203
    [train] iter 3100/4443  loss=0.1706
    [train] iter 3120/4443  loss=0.1718
    [train] iter 3140/4443  loss=0.1440
    [train] iter 3160/4443  loss=0.1267
    [train] iter 3180/4443  loss=0.1086
    [train] iter 3200/4443  loss=0.1586
    [train] iter 3220/4443  loss=0.1010
    [train] iter 3240/4443  loss=0.1362
    [train] iter 3260/4443  loss=0.1587
    [train] iter 3280/4443  loss=0.1526
    [train] iter 3300/4443  loss=0.2428
    [train] iter 3320/4443  loss=0.1711
    [train] iter 3340/4443  loss=0.1381
    [train] iter 3360/4443  loss=0.1023
    [train] iter 3380/4443  loss=0.1356
    [train] iter 3400/4443  loss=0.0999
    [train] iter 3420/4443  loss=0.0933
    [train] iter 3440/4443  loss=0.1316
    [train] iter 3460/4443  loss=0.2907
    [train] iter 3480/4443  loss=0.0928
    [train] iter 3500/4443  loss=0.1150
    [train] iter 3520/4443  loss=0.1652
    [train] iter 3540/4443  loss=0.0942
    [train] iter 3560/4443  loss=0.0973
    [train] iter 3580/4443  loss=0.1333
    [train] iter 3600/4443  loss=0.1153
    [train] iter 3620/4443  loss=0.1130
    [train] iter 3640/4443  loss=0.2774
    [train] iter 3660/4443  loss=0.1171
    [train] iter 3680/4443  loss=0.1629
    [train] iter 3700/4443  loss=0.2048
    [train] iter 3720/4443  loss=0.1076
    [train] iter 3740/4443  loss=0.1694
    [train] iter 3760/4443  loss=0.1763
    [train] iter 3780/4443  loss=0.1629
    [train] iter 3800/4443  loss=0.1150
    [train] iter 3820/4443  loss=0.1130
    [train] iter 3840/4443  loss=0.1032
    [train] iter 3860/4443  loss=0.0697
    [train] iter 3880/4443  loss=0.0886
    [train] iter 3900/4443  loss=0.1388
    [train] iter 3920/4443  loss=0.1172
    [train] iter 3940/4443  loss=0.2251
    [train] iter 3960/4443  loss=0.1071
    [train] iter 3980/4443  loss=0.1425
    [train] iter 4000/4443  loss=0.1012
    [train] iter 4020/4443  loss=0.1094
    [train] iter 4040/4443  loss=0.1277
    [train] iter 4060/4443  loss=0.1289
    [train] iter 4080/4443  loss=0.1125
    [train] iter 4100/4443  loss=0.1604
    [train] iter 4120/4443  loss=0.1219
    [train] iter 4140/4443  loss=0.1004
    [train] iter 4160/4443  loss=0.2065
    [train] iter 4180/4443  loss=0.0913
    [train] iter 4200/4443  loss=0.1279
    [train] iter 4220/4443  loss=0.1763
    [train] iter 4240/4443  loss=0.2027
    [train] iter 4260/4443  loss=0.1086
    [train] iter 4280/4443  loss=0.1698
    [train] iter 4300/4443  loss=0.0697
    [train] iter 4320/4443  loss=0.1143
    [train] iter 4340/4443  loss=0.2623
    [train] iter 4360/4443  loss=0.1568
    [train] iter 4380/4443  loss=0.1612
    [train] iter 4400/4443  loss=0.0889
    [train] iter 4420/4443  loss=0.0851
    [train] iter 4440/4443  loss=0.2419
  train_loss=0.1398  val_loss=0.1648  val_dice=0.8099

--- Epoch 62/100 (lr=9.92e-05) ---
    [train] iter 20/4443  loss=0.1733
    [train] iter 40/4443  loss=0.0803
    [train] iter 60/4443  loss=0.1240
    [train] iter 80/4443  loss=0.0760
    [train] iter 100/4443  loss=0.1100
    [train] iter 120/4443  loss=0.0829
    [train] iter 140/4443  loss=0.0907
    [train] iter 160/4443  loss=0.0769
    [train] iter 180/4443  loss=0.0401
    [train] iter 200/4443  loss=0.1298
    [train] iter 220/4443  loss=0.1179
    [train] iter 240/4443  loss=0.1098
    [train] iter 260/4443  loss=0.0979
    [train] iter 280/4443  loss=0.1702
    [train] iter 300/4443  loss=0.0799
    [train] iter 320/4443  loss=0.1532
    [train] iter 340/4443  loss=0.0591
    [train] iter 360/4443  loss=0.0728
    [train] iter 380/4443  loss=0.1690
    [train] iter 400/4443  loss=0.1643
    [train] iter 420/4443  loss=0.1177
    [train] iter 440/4443  loss=0.2601
    [train] iter 460/4443  loss=0.1494
    [train] iter 480/4443  loss=0.1023
    [train] iter 500/4443  loss=0.1747
    [train] iter 520/4443  loss=0.1104
    [train] iter 540/4443  loss=0.1119
    [train] iter 560/4443  loss=0.1293
    [train] iter 580/4443  loss=0.1125
    [train] iter 600/4443  loss=0.1201
    [train] iter 620/4443  loss=0.1251
    [train] iter 640/4443  loss=0.1135
    [train] iter 660/4443  loss=0.1666
    [train] iter 680/4443  loss=0.1397
    [train] iter 700/4443  loss=0.1140
    [train] iter 720/4443  loss=0.1038
    [train] iter 740/4443  loss=0.1346
    [train] iter 760/4443  loss=0.0867
    [train] iter 780/4443  loss=0.0999
    [train] iter 800/4443  loss=0.1283
    [train] iter 820/4443  loss=0.1270
    [train] iter 840/4443  loss=0.2119
    [train] iter 860/4443  loss=0.1415
    [train] iter 880/4443  loss=0.2435
    [train] iter 900/4443  loss=0.0913
    [train] iter 920/4443  loss=0.1005
    [train] iter 940/4443  loss=0.1265
    [train] iter 960/4443  loss=0.2330
    [train] iter 980/4443  loss=0.1227
    [train] iter 1000/4443  loss=0.1415
    [train] iter 1020/4443  loss=0.2304
    [train] iter 1040/4443  loss=0.1212
    [train] iter 1060/4443  loss=0.0743
    [train] iter 1080/4443  loss=0.1862
    [train] iter 1100/4443  loss=0.1424
    [train] iter 1120/4443  loss=0.0956
    [train] iter 1140/4443  loss=0.1391
    [train] iter 1160/4443  loss=0.1207
    [train] iter 1180/4443  loss=0.1092
    [train] iter 1200/4443  loss=0.1652
    [train] iter 1220/4443  loss=0.0997
    [train] iter 1240/4443  loss=0.1436
    [train] iter 1260/4443  loss=0.1577
    [train] iter 1280/4443  loss=0.1868
    [train] iter 1300/4443  loss=0.2296
    [train] iter 1320/4443  loss=0.1342
    [train] iter 1340/4443  loss=0.1339
    [train] iter 1360/4443  loss=0.0891
    [train] iter 1380/4443  loss=0.1356
    [train] iter 1400/4443  loss=0.1482
    [train] iter 1420/4443  loss=0.1569
    [train] iter 1440/4443  loss=0.0765
    [train] iter 1460/4443  loss=0.2617
    [train] iter 1480/4443  loss=0.1232
    [train] iter 1500/4443  loss=0.1600
    [train] iter 1520/4443  loss=0.1203
    [train] iter 1540/4443  loss=0.1113
    [train] iter 1560/4443  loss=0.1654
    [train] iter 1580/4443  loss=0.1126
    [train] iter 1600/4443  loss=0.1204
    [train] iter 1620/4443  loss=0.0769
    [train] iter 1640/4443  loss=0.1972
    [train] iter 1660/4443  loss=0.0969
    [train] iter 1680/4443  loss=0.1813
    [train] iter 1700/4443  loss=0.1302
    [train] iter 1720/4443  loss=0.1004
    [train] iter 1740/4443  loss=0.1452
    [train] iter 1760/4443  loss=0.1156
    [train] iter 1780/4443  loss=0.1930
    [train] iter 1800/4443  loss=0.2517
    [train] iter 1820/4443  loss=0.3318
    [train] iter 1840/4443  loss=0.1697
    [train] iter 1860/4443  loss=0.0960
    [train] iter 1880/4443  loss=0.1334
    [train] iter 1900/4443  loss=0.2682
    [train] iter 1920/4443  loss=0.0949
    [train] iter 1940/4443  loss=0.0794
    [train] iter 1960/4443  loss=0.1587
    [train] iter 1980/4443  loss=0.1568
    [train] iter 2000/4443  loss=0.1244
    [train] iter 2020/4443  loss=0.1251
    [train] iter 2040/4443  loss=0.1102
    [train] iter 2060/4443  loss=0.1559
    [train] iter 2080/4443  loss=0.1257
    [train] iter 2100/4443  loss=0.1587
    [train] iter 2120/4443  loss=0.1783
    [train] iter 2140/4443  loss=0.1007
    [train] iter 2160/4443  loss=0.1257
    [train] iter 2180/4443  loss=0.1354
    [train] iter 2200/4443  loss=0.2433
    [train] iter 2220/4443  loss=0.1035
    [train] iter 2240/4443  loss=0.1370
    [train] iter 2260/4443  loss=0.1922
    [train] iter 2280/4443  loss=0.1314
    [train] iter 2300/4443  loss=0.0896
    [train] iter 2320/4443  loss=0.1033
    [train] iter 2340/4443  loss=0.1621
    [train] iter 2360/4443  loss=0.1029
    [train] iter 2380/4443  loss=0.1351
    [train] iter 2400/4443  loss=0.1791
    [train] iter 2420/4443  loss=0.1519
    [train] iter 2440/4443  loss=0.1811
    [train] iter 2460/4443  loss=0.1098
    [train] iter 2480/4443  loss=0.2076
    [train] iter 2500/4443  loss=0.1284
    [train] iter 2520/4443  loss=0.1474
    [train] iter 2540/4443  loss=0.2327
    [train] iter 2560/4443  loss=0.1273
    [train] iter 2580/4443  loss=0.1849
    [train] iter 2600/4443  loss=0.0823
    [train] iter 2620/4443  loss=0.1318
    [train] iter 2640/4443  loss=0.1228
    [train] iter 2660/4443  loss=0.1662
    [train] iter 2680/4443  loss=0.1032
    [train] iter 2700/4443  loss=0.1763
    [train] iter 2720/4443  loss=0.1868
    [train] iter 2740/4443  loss=0.1035
    [train] iter 2760/4443  loss=0.0895
    [train] iter 2780/4443  loss=0.1450
    [train] iter 2800/4443  loss=0.1758
    [train] iter 2820/4443  loss=0.0673
    [train] iter 2840/4443  loss=0.1478
    [train] iter 2860/4443  loss=0.1319
    [train] iter 2880/4443  loss=0.2485
    [train] iter 2900/4443  loss=0.1880
    [train] iter 2920/4443  loss=0.0884
    [train] iter 2940/4443  loss=0.1619
    [train] iter 2960/4443  loss=0.1085
    [train] iter 2980/4443  loss=0.1323
    [train] iter 3000/4443  loss=0.1599
    [train] iter 3020/4443  loss=0.1278
    [train] iter 3040/4443  loss=0.1742
    [train] iter 3060/4443  loss=0.1037
    [train] iter 3080/4443  loss=0.1069
    [train] iter 3100/4443  loss=0.1073
    [train] iter 3120/4443  loss=0.2250
    [train] iter 3140/4443  loss=0.2023
    [train] iter 3160/4443  loss=0.1343
    [train] iter 3180/4443  loss=0.2054
    [train] iter 3200/4443  loss=0.1996
    [train] iter 3220/4443  loss=0.1146
    [train] iter 3240/4443  loss=0.1700
    [train] iter 3260/4443  loss=0.0895
    [train] iter 3280/4443  loss=0.0902
    [train] iter 3300/4443  loss=0.2554
    [train] iter 3320/4443  loss=0.0979
    [train] iter 3340/4443  loss=0.1583
    [train] iter 3360/4443  loss=0.1206
    [train] iter 3380/4443  loss=0.1431
    [train] iter 3400/4443  loss=0.0891
    [train] iter 3420/4443  loss=0.2394
    [train] iter 3440/4443  loss=0.1382
    [train] iter 3460/4443  loss=0.0937
    [train] iter 3480/4443  loss=0.0900
    [train] iter 3500/4443  loss=0.1119
    [train] iter 3520/4443  loss=0.1193
    [train] iter 3540/4443  loss=0.1538
    [train] iter 3560/4443  loss=0.1776
    [train] iter 3580/4443  loss=0.2346
    [train] iter 3600/4443  loss=0.1415
    [train] iter 3620/4443  loss=0.1159
    [train] iter 3640/4443  loss=0.1523
    [train] iter 3660/4443  loss=0.1756
    [train] iter 3680/4443  loss=0.0955
    [train] iter 3700/4443  loss=0.1926
    [train] iter 3720/4443  loss=0.1693
    [train] iter 3740/4443  loss=0.0955
    [train] iter 3760/4443  loss=0.1584
    [train] iter 3780/4443  loss=0.1741
    [train] iter 3800/4443  loss=0.0813
    [train] iter 3820/4443  loss=0.1112
    [train] iter 3840/4443  loss=0.1857
    [train] iter 3860/4443  loss=0.0990
    [train] iter 3880/4443  loss=0.1100
    [train] iter 3900/4443  loss=0.1021
    [train] iter 3920/4443  loss=0.0594
    [train] iter 3940/4443  loss=0.1579
    [train] iter 3960/4443  loss=0.1301
    [train] iter 3980/4443  loss=0.1177
    [train] iter 4000/4443  loss=0.1293
    [train] iter 4020/4443  loss=0.1256
    [train] iter 4040/4443  loss=0.1298
    [train] iter 4060/4443  loss=0.0573
    [train] iter 4080/4443  loss=0.1532
    [train] iter 4100/4443  loss=0.1270
    [train] iter 4120/4443  loss=0.1538
    [train] iter 4140/4443  loss=0.1291
    [train] iter 4160/4443  loss=0.0977
    [train] iter 4180/4443  loss=0.0925
    [train] iter 4200/4443  loss=0.1212
    [train] iter 4220/4443  loss=0.1435
    [train] iter 4240/4443  loss=0.0805
    [train] iter 4260/4443  loss=0.1443
    [train] iter 4280/4443  loss=0.1619
    [train] iter 4300/4443  loss=0.0802
    [train] iter 4320/4443  loss=0.2755
    [train] iter 4340/4443  loss=0.1156
    [train] iter 4360/4443  loss=0.1313
    [train] iter 4380/4443  loss=0.1197
    [train] iter 4400/4443  loss=0.1067
    [train] iter 4420/4443  loss=0.0706
    [train] iter 4440/4443  loss=0.1297
  train_loss=0.1376  val_loss=0.1630  val_dice=0.8108

--- Epoch 63/100 (lr=9.48e-05) ---
    [train] iter 20/4443  loss=0.0897
    [train] iter 40/4443  loss=0.0916
    [train] iter 60/4443  loss=0.1221
    [train] iter 80/4443  loss=0.2240
    [train] iter 100/4443  loss=0.0990
    [train] iter 120/4443  loss=0.1064
    [train] iter 140/4443  loss=0.1692
    [train] iter 160/4443  loss=0.0758
    [train] iter 180/4443  loss=0.2132
    [train] iter 200/4443  loss=0.1073
    [train] iter 220/4443  loss=0.1576
    [train] iter 240/4443  loss=0.0720
    [train] iter 260/4443  loss=0.1508
    [train] iter 280/4443  loss=0.1517
    [train] iter 300/4443  loss=0.1423
    [train] iter 320/4443  loss=0.0789
    [train] iter 340/4443  loss=0.1247
    [train] iter 360/4443  loss=0.1850
    [train] iter 380/4443  loss=0.1592
    [train] iter 400/4443  loss=0.0998
    [train] iter 420/4443  loss=0.1235
    [train] iter 440/4443  loss=0.1391
    [train] iter 460/4443  loss=0.1098
    [train] iter 480/4443  loss=0.2026
    [train] iter 500/4443  loss=0.1952
    [train] iter 520/4443  loss=0.1310
    [train] iter 540/4443  loss=0.1517
    [train] iter 560/4443  loss=0.1390
    [train] iter 580/4443  loss=0.0775
    [train] iter 600/4443  loss=0.1242
    [train] iter 620/4443  loss=0.1090
    [train] iter 640/4443  loss=0.1258
    [train] iter 660/4443  loss=0.1631
    [train] iter 680/4443  loss=0.1278
    [train] iter 700/4443  loss=0.1248
    [train] iter 720/4443  loss=0.1640
    [train] iter 740/4443  loss=0.1794
    [train] iter 760/4443  loss=0.0896
    [train] iter 780/4443  loss=0.0878
    [train] iter 800/4443  loss=0.1305
    [train] iter 820/4443  loss=0.0887
    [train] iter 840/4443  loss=0.1470
    [train] iter 860/4443  loss=0.1189
    [train] iter 880/4443  loss=0.1291
    [train] iter 900/4443  loss=0.1509
    [train] iter 920/4443  loss=0.1267
    [train] iter 940/4443  loss=0.1675
    [train] iter 960/4443  loss=0.1923
    [train] iter 980/4443  loss=0.2151
    [train] iter 1000/4443  loss=0.2177
    [train] iter 1020/4443  loss=0.2230
    [train] iter 1040/4443  loss=0.2095
    [train] iter 1060/4443  loss=0.1396
    [train] iter 1080/4443  loss=0.0899
    [train] iter 1100/4443  loss=0.2423
    [train] iter 1120/4443  loss=0.1979
    [train] iter 1140/4443  loss=0.1330
    [train] iter 1160/4443  loss=0.1167
    [train] iter 1180/4443  loss=0.1402
    [train] iter 1200/4443  loss=0.1234
    [train] iter 1220/4443  loss=0.1010
    [train] iter 1240/4443  loss=0.1027
    [train] iter 1260/4443  loss=0.1056
    [train] iter 1280/4443  loss=0.1300
    [train] iter 1300/4443  loss=0.0733
    [train] iter 1320/4443  loss=0.1562
    [train] iter 1340/4443  loss=0.1637
    [train] iter 1360/4443  loss=0.1228
    [train] iter 1380/4443  loss=0.1551
    [train] iter 1400/4443  loss=0.1847
    [train] iter 1420/4443  loss=0.1027
    [train] iter 1440/4443  loss=0.1564
    [train] iter 1460/4443  loss=0.1017
    [train] iter 1480/4443  loss=0.1472
    [train] iter 1500/4443  loss=0.1575
    [train] iter 1520/4443  loss=0.0919
    [train] iter 1540/4443  loss=0.1113
    [train] iter 1560/4443  loss=0.1870
    [train] iter 1580/4443  loss=0.1062
    [train] iter 1600/4443  loss=0.1100
    [train] iter 1620/4443  loss=0.2397
    [train] iter 1640/4443  loss=0.0960
    [train] iter 1660/4443  loss=0.0922
    [train] iter 1680/4443  loss=0.0875
    [train] iter 1700/4443  loss=0.1518
    [train] iter 1720/4443  loss=0.1722
    [train] iter 1740/4443  loss=0.1138
    [train] iter 1760/4443  loss=0.1012
    [train] iter 1780/4443  loss=0.1122
    [train] iter 1800/4443  loss=0.0799
    [train] iter 1820/4443  loss=0.1404
    [train] iter 1840/4443  loss=0.0861
    [train] iter 1860/4443  loss=0.1519
    [train] iter 1880/4443  loss=0.2207
    [train] iter 1900/4443  loss=0.1454
    [train] iter 1920/4443  loss=0.1944
    [train] iter 1940/4443  loss=0.2019
    [train] iter 1960/4443  loss=0.1282
    [train] iter 1980/4443  loss=0.1371
    [train] iter 2000/4443  loss=0.1253
    [train] iter 2020/4443  loss=0.1208
    [train] iter 2040/4443  loss=0.1985
    [train] iter 2060/4443  loss=0.0852
    [train] iter 2080/4443  loss=0.1439
    [train] iter 2100/4443  loss=0.0653
    [train] iter 2120/4443  loss=0.1387
    [train] iter 2140/4443  loss=0.0950
    [train] iter 2160/4443  loss=0.1456
    [train] iter 2180/4443  loss=0.0795
    [train] iter 2200/4443  loss=0.0756
    [train] iter 2220/4443  loss=0.1122
    [train] iter 2240/4443  loss=0.1593
    [train] iter 2260/4443  loss=0.2114
    [train] iter 2280/4443  loss=0.1594
    [train] iter 2300/4443  loss=0.1382
    [train] iter 2320/4443  loss=0.1279
    [train] iter 2340/4443  loss=0.1685
    [train] iter 2360/4443  loss=0.2103
    [train] iter 2380/4443  loss=0.1028
    [train] iter 2400/4443  loss=0.0733
    [train] iter 2420/4443  loss=0.1022
    [train] iter 2440/4443  loss=0.1948
    [train] iter 2460/4443  loss=0.1375
    [train] iter 2480/4443  loss=0.1200
    [train] iter 2500/4443  loss=0.0530
    [train] iter 2520/4443  loss=0.0936
    [train] iter 2540/4443  loss=0.0919
    [train] iter 2560/4443  loss=0.1150
    [train] iter 2580/4443  loss=0.1425
    [train] iter 2600/4443  loss=0.0704
    [train] iter 2620/4443  loss=0.1035
    [train] iter 2640/4443  loss=0.1832
    [train] iter 2660/4443  loss=0.1579
    [train] iter 2680/4443  loss=0.1404
    [train] iter 2700/4443  loss=0.1545
    [train] iter 2720/4443  loss=0.1274
    [train] iter 2740/4443  loss=0.1129
    [train] iter 2760/4443  loss=0.1171
    [train] iter 2780/4443  loss=0.1178
    [train] iter 2800/4443  loss=0.1613
    [train] iter 2820/4443  loss=0.1630
    [train] iter 2840/4443  loss=0.0692
    [train] iter 2860/4443  loss=0.0960
    [train] iter 2880/4443  loss=0.1452
    [train] iter 2900/4443  loss=0.2607
    [train] iter 2920/4443  loss=0.2294
    [train] iter 2940/4443  loss=0.1187
    [train] iter 2960/4443  loss=0.0712
    [train] iter 2980/4443  loss=0.1536
    [train] iter 3000/4443  loss=0.1348
    [train] iter 3020/4443  loss=0.1582
    [train] iter 3040/4443  loss=0.2380
    [train] iter 3060/4443  loss=0.1287
    [train] iter 3080/4443  loss=0.0913
    [train] iter 3100/4443  loss=0.1119
    [train] iter 3120/4443  loss=0.1314
    [train] iter 3140/4443  loss=0.2216
    [train] iter 3160/4443  loss=0.1222
    [train] iter 3180/4443  loss=0.1256
    [train] iter 3200/4443  loss=0.2097
    [train] iter 3220/4443  loss=0.1193
    [train] iter 3240/4443  loss=0.1651
    [train] iter 3260/4443  loss=0.0477
    [train] iter 3280/4443  loss=0.0902
    [train] iter 3300/4443  loss=0.1104
    [train] iter 3320/4443  loss=0.1700
    [train] iter 3340/4443  loss=0.2060
    [train] iter 3360/4443  loss=0.0792
    [train] iter 3380/4443  loss=0.1050
    [train] iter 3400/4443  loss=0.0834
    [train] iter 3420/4443  loss=0.1391
    [train] iter 3440/4443  loss=0.1036
    [train] iter 3460/4443  loss=0.0974
    [train] iter 3480/4443  loss=0.1828
    [train] iter 3500/4443  loss=0.1172
    [train] iter 3520/4443  loss=0.1274
    [train] iter 3540/4443  loss=0.0943
    [train] iter 3560/4443  loss=0.2467
    [train] iter 3580/4443  loss=0.1315
    [train] iter 3600/4443  loss=0.1168
    [train] iter 3620/4443  loss=0.2600
    [train] iter 3640/4443  loss=0.1124
    [train] iter 3660/4443  loss=0.1218
    [train] iter 3680/4443  loss=0.1981
    [train] iter 3700/4443  loss=0.1811
    [train] iter 3720/4443  loss=0.1015
    [train] iter 3740/4443  loss=0.1151
    [train] iter 3760/4443  loss=0.1292
    [train] iter 3780/4443  loss=0.1300
    [train] iter 3800/4443  loss=0.1207
    [train] iter 3820/4443  loss=0.2003
    [train] iter 3840/4443  loss=0.1203
    [train] iter 3860/4443  loss=0.0999
    [train] iter 3880/4443  loss=0.1371
    [train] iter 3900/4443  loss=0.1363
    [train] iter 3920/4443  loss=0.1345
    [train] iter 3940/4443  loss=0.1109
    [train] iter 3960/4443  loss=0.1012
    [train] iter 3980/4443  loss=0.1546
    [train] iter 4000/4443  loss=0.2085
    [train] iter 4020/4443  loss=0.2584
    [train] iter 4040/4443  loss=0.0937
    [train] iter 4060/4443  loss=0.0874
    [train] iter 4080/4443  loss=0.1226
    [train] iter 4100/4443  loss=0.1360
    [train] iter 4120/4443  loss=0.0756
    [train] iter 4140/4443  loss=0.1132
    [train] iter 4160/4443  loss=0.1092
    [train] iter 4180/4443  loss=0.2052
    [train] iter 4200/4443  loss=0.2102
    [train] iter 4220/4443  loss=0.1651
    [train] iter 4240/4443  loss=0.1440
    [train] iter 4260/4443  loss=0.0793
    [train] iter 4280/4443  loss=0.2092
    [train] iter 4300/4443  loss=0.0973
    [train] iter 4320/4443  loss=0.2533
    [train] iter 4340/4443  loss=0.1365
    [train] iter 4360/4443  loss=0.1796
    [train] iter 4380/4443  loss=0.1454
    [train] iter 4400/4443  loss=0.0696
    [train] iter 4420/4443  loss=0.1189
    [train] iter 4440/4443  loss=0.2012
  train_loss=0.1373  val_loss=0.1664  val_dice=0.8077

--- Epoch 64/100 (lr=9.04e-05) ---
    [train] iter 20/4443  loss=0.1083
    [train] iter 40/4443  loss=0.1039
    [train] iter 60/4443  loss=0.1054
    [train] iter 80/4443  loss=0.1143
    [train] iter 100/4443  loss=0.1435
    [train] iter 120/4443  loss=0.1773
    [train] iter 140/4443  loss=0.1334
    [train] iter 160/4443  loss=0.1191
    [train] iter 180/4443  loss=0.2477
    [train] iter 200/4443  loss=0.1371
    [train] iter 220/4443  loss=0.1045
    [train] iter 240/4443  loss=0.1286
    [train] iter 260/4443  loss=0.1164
    [train] iter 280/4443  loss=0.1492
    [train] iter 300/4443  loss=0.0697
    [train] iter 320/4443  loss=0.0904
    [train] iter 340/4443  loss=0.0818
    [train] iter 360/4443  loss=0.2067
    [train] iter 380/4443  loss=0.1061
    [train] iter 400/4443  loss=0.0788
    [train] iter 420/4443  loss=0.1157
    [train] iter 440/4443  loss=0.1180
    [train] iter 460/4443  loss=0.1083
    [train] iter 480/4443  loss=0.1089
    [train] iter 500/4443  loss=0.1060
    [train] iter 520/4443  loss=0.1292
    [train] iter 540/4443  loss=0.2014
    [train] iter 560/4443  loss=0.1108
    [train] iter 580/4443  loss=0.0738
    [train] iter 600/4443  loss=0.1399
    [train] iter 620/4443  loss=0.1851
    [train] iter 640/4443  loss=0.1538
    [train] iter 660/4443  loss=0.1100
    [train] iter 680/4443  loss=0.0892
    [train] iter 700/4443  loss=0.0972
    [train] iter 720/4443  loss=0.1373
    [train] iter 740/4443  loss=0.1073
    [train] iter 760/4443  loss=0.1197
    [train] iter 780/4443  loss=0.0677
    [train] iter 800/4443  loss=0.0840
    [train] iter 820/4443  loss=0.1602
    [train] iter 840/4443  loss=0.1277
    [train] iter 860/4443  loss=0.0762
    [train] iter 880/4443  loss=0.1213
    [train] iter 900/4443  loss=0.1123
    [train] iter 920/4443  loss=0.1052
    [train] iter 940/4443  loss=0.1612
    [train] iter 960/4443  loss=0.1034
    [train] iter 980/4443  loss=0.1162
    [train] iter 1000/4443  loss=0.1454
    [train] iter 1020/4443  loss=0.0636
    [train] iter 1040/4443  loss=0.0865
    [train] iter 1060/4443  loss=0.1654
    [train] iter 1080/4443  loss=0.1433
    [train] iter 1100/4443  loss=0.1813
    [train] iter 1120/4443  loss=0.1639
    [train] iter 1140/4443  loss=0.0999
    [train] iter 1160/4443  loss=0.0916
    [train] iter 1180/4443  loss=0.1307
    [train] iter 1200/4443  loss=0.2604
    [train] iter 1220/4443  loss=0.1276
    [train] iter 1240/4443  loss=0.1629
    [train] iter 1260/4443  loss=0.1300
    [train] iter 1280/4443  loss=0.1459
    [train] iter 1300/4443  loss=0.1031
    [train] iter 1320/4443  loss=0.1931
    [train] iter 1340/4443  loss=0.1710
    [train] iter 1360/4443  loss=0.1627
    [train] iter 1380/4443  loss=0.2085
    [train] iter 1400/4443  loss=0.1788
    [train] iter 1420/4443  loss=0.2257
    [train] iter 1440/4443  loss=0.1185
    [train] iter 1460/4443  loss=0.0733
    [train] iter 1480/4443  loss=0.1670
    [train] iter 1500/4443  loss=0.1042
    [train] iter 1520/4443  loss=0.1007
    [train] iter 1540/4443  loss=0.1397
    [train] iter 1560/4443  loss=0.1382
    [train] iter 1580/4443  loss=0.2426
    [train] iter 1600/4443  loss=0.1364
    [train] iter 1620/4443  loss=0.2674
    [train] iter 1640/4443  loss=0.1608
    [train] iter 1660/4443  loss=0.1165
    [train] iter 1680/4443  loss=0.1942
    [train] iter 1700/4443  loss=0.0914
    [train] iter 1720/4443  loss=0.1347
    [train] iter 1740/4443  loss=0.2360
    [train] iter 1760/4443  loss=0.1165
    [train] iter 1780/4443  loss=0.1724
    [train] iter 1800/4443  loss=0.1599
    [train] iter 1820/4443  loss=0.0926
    [train] iter 1840/4443  loss=0.1634
    [train] iter 1860/4443  loss=0.1095
    [train] iter 1880/4443  loss=0.1328
    [train] iter 1900/4443  loss=0.1035
    [train] iter 1920/4443  loss=0.1195
    [train] iter 1940/4443  loss=0.1269
    [train] iter 1960/4443  loss=0.1844
    [train] iter 1980/4443  loss=0.1697
    [train] iter 2000/4443  loss=0.1852
    [train] iter 2020/4443  loss=0.1166
    [train] iter 2040/4443  loss=0.1513
    [train] iter 2060/4443  loss=0.1532
    [train] iter 2080/4443  loss=0.1428
    [train] iter 2100/4443  loss=0.2010
    [train] iter 2120/4443  loss=0.2146
    [train] iter 2140/4443  loss=0.1165
    [train] iter 2160/4443  loss=0.1327
    [train] iter 2180/4443  loss=0.1366
    [train] iter 2200/4443  loss=0.0944
    [train] iter 2220/4443  loss=0.1265
    [train] iter 2240/4443  loss=0.1003
    [train] iter 2260/4443  loss=0.1408
    [train] iter 2280/4443  loss=0.1006
    [train] iter 2300/4443  loss=0.1824
    [train] iter 2320/4443  loss=0.0764
    [train] iter 2340/4443  loss=0.1178
    [train] iter 2360/4443  loss=0.1019
    [train] iter 2380/4443  loss=0.1205
    [train] iter 2400/4443  loss=0.1923
    [train] iter 2420/4443  loss=0.3184
    [train] iter 2440/4443  loss=0.1190
    [train] iter 2460/4443  loss=0.0959
    [train] iter 2480/4443  loss=0.1062
    [train] iter 2500/4443  loss=0.0672
    [train] iter 2520/4443  loss=0.3103
    [train] iter 2540/4443  loss=0.2264
    [train] iter 2560/4443  loss=0.1007
    [train] iter 2580/4443  loss=0.0885
    [train] iter 2600/4443  loss=0.1105
    [train] iter 2620/4443  loss=0.1102
    [train] iter 2640/4443  loss=0.1743
    [train] iter 2660/4443  loss=0.2221
    [train] iter 2680/4443  loss=0.1110
    [train] iter 2700/4443  loss=0.1322
    [train] iter 2720/4443  loss=0.0717
    [train] iter 2740/4443  loss=0.2016
    [train] iter 2760/4443  loss=0.1597
    [train] iter 2780/4443  loss=0.1310
    [train] iter 2800/4443  loss=0.1666
    [train] iter 2820/4443  loss=0.0943
    [train] iter 2840/4443  loss=0.1622
    [train] iter 2860/4443  loss=0.1029
    [train] iter 2880/4443  loss=0.1458
    [train] iter 2900/4443  loss=0.1785
    [train] iter 2920/4443  loss=0.1147
    [train] iter 2940/4443  loss=0.1029
    [train] iter 2960/4443  loss=0.1099
    [train] iter 2980/4443  loss=0.0720
    [train] iter 3000/4443  loss=0.1031
    [train] iter 3020/4443  loss=0.1481
    [train] iter 3040/4443  loss=0.1855
    [train] iter 3060/4443  loss=0.0833
    [train] iter 3080/4443  loss=0.1310
    [train] iter 3100/4443  loss=0.1640
    [train] iter 3120/4443  loss=0.1959
    [train] iter 3140/4443  loss=0.1396
    [train] iter 3160/4443  loss=0.1431
    [train] iter 3180/4443  loss=0.1594
    [train] iter 3200/4443  loss=0.0851
    [train] iter 3220/4443  loss=0.0978
    [train] iter 3240/4443  loss=0.1751
    [train] iter 3260/4443  loss=0.0811
    [train] iter 3280/4443  loss=0.1683
    [train] iter 3300/4443  loss=0.1017
    [train] iter 3320/4443  loss=0.1107
    [train] iter 3340/4443  loss=0.1246
    [train] iter 3360/4443  loss=0.1696
    [train] iter 3380/4443  loss=0.1488
    [train] iter 3400/4443  loss=0.2134
    [train] iter 3420/4443  loss=0.0972
    [train] iter 3440/4443  loss=0.0890
    [train] iter 3460/4443  loss=0.1060
    [train] iter 3480/4443  loss=0.2210
    [train] iter 3500/4443  loss=0.2376
    [train] iter 3520/4443  loss=0.1388
    [train] iter 3540/4443  loss=0.1456
    [train] iter 3560/4443  loss=0.1563
    [train] iter 3580/4443  loss=0.1028
    [train] iter 3600/4443  loss=0.1414
    [train] iter 3620/4443  loss=0.1197
    [train] iter 3640/4443  loss=0.0943
    [train] iter 3660/4443  loss=0.1706
    [train] iter 3680/4443  loss=0.0831
    [train] iter 3700/4443  loss=0.1276
    [train] iter 3720/4443  loss=0.1214
    [train] iter 3740/4443  loss=0.1684
    [train] iter 3760/4443  loss=0.0926
    [train] iter 3780/4443  loss=0.1200
    [train] iter 3800/4443  loss=0.1298
    [train] iter 3820/4443  loss=0.1189
    [train] iter 3840/4443  loss=0.1886
    [train] iter 3860/4443  loss=0.0966
    [train] iter 3880/4443  loss=0.0597
    [train] iter 3900/4443  loss=0.1407
    [train] iter 3920/4443  loss=0.1145
    [train] iter 3940/4443  loss=0.1525
    [train] iter 3960/4443  loss=0.1063
    [train] iter 3980/4443  loss=0.1310
    [train] iter 4000/4443  loss=0.1055
    [train] iter 4020/4443  loss=0.1828
    [train] iter 4040/4443  loss=0.1022
    [train] iter 4060/4443  loss=0.1132
    [train] iter 4080/4443  loss=0.1576
    [train] iter 4100/4443  loss=0.0872
    [train] iter 4120/4443  loss=0.1780
    [train] iter 4140/4443  loss=0.1090
    [train] iter 4160/4443  loss=0.1091
    [train] iter 4180/4443  loss=0.1260
    [train] iter 4200/4443  loss=0.1453
    [train] iter 4220/4443  loss=0.1417
    [train] iter 4240/4443  loss=0.1592
    [train] iter 4260/4443  loss=0.0891
    [train] iter 4280/4443  loss=0.0762
    [train] iter 4300/4443  loss=0.1247
    [train] iter 4320/4443  loss=0.1213
    [train] iter 4340/4443  loss=0.0880
    [train] iter 4360/4443  loss=0.1615
    [train] iter 4380/4443  loss=0.1670
    [train] iter 4400/4443  loss=0.1465
    [train] iter 4420/4443  loss=0.1704
    [train] iter 4440/4443  loss=0.0845
  train_loss=0.1357  val_loss=0.1644  val_dice=0.8093

--- Epoch 65/100 (lr=8.61e-05) ---
    [train] iter 20/4443  loss=0.1101
    [train] iter 40/4443  loss=0.1337
    [train] iter 60/4443  loss=0.1682
    [train] iter 80/4443  loss=0.1154
    [train] iter 100/4443  loss=0.0761
    [train] iter 120/4443  loss=0.1176
    [train] iter 140/4443  loss=0.0954
    [train] iter 160/4443  loss=0.0888
    [train] iter 180/4443  loss=0.0974
    [train] iter 200/4443  loss=0.1355
    [train] iter 220/4443  loss=0.1626
    [train] iter 240/4443  loss=0.1264
    [train] iter 260/4443  loss=0.1769
    [train] iter 280/4443  loss=0.1285
    [train] iter 300/4443  loss=0.1254
    [train] iter 320/4443  loss=0.1954
    [train] iter 340/4443  loss=0.1660
    [train] iter 360/4443  loss=0.1258
    [train] iter 380/4443  loss=0.1504
    [train] iter 400/4443  loss=0.0899
    [train] iter 420/4443  loss=0.0787
    [train] iter 440/4443  loss=0.1916
    [train] iter 460/4443  loss=0.1249
    [train] iter 480/4443  loss=0.1398
    [train] iter 500/4443  loss=0.1773
    [train] iter 520/4443  loss=0.1004
    [train] iter 540/4443  loss=0.1702
    [train] iter 560/4443  loss=0.1586
    [train] iter 580/4443  loss=0.1199
    [train] iter 600/4443  loss=0.1807
    [train] iter 620/4443  loss=0.1597
    [train] iter 640/4443  loss=0.0944
    [train] iter 660/4443  loss=0.1817
    [train] iter 680/4443  loss=0.1377
    [train] iter 700/4443  loss=0.1667
    [train] iter 720/4443  loss=0.2232
    [train] iter 740/4443  loss=0.1839
    [train] iter 760/4443  loss=0.1476
    [train] iter 780/4443  loss=0.1484
    [train] iter 800/4443  loss=0.2402
    [train] iter 820/4443  loss=0.1376
    [train] iter 840/4443  loss=0.1388
    [train] iter 860/4443  loss=0.2189
    [train] iter 880/4443  loss=0.0959
    [train] iter 900/4443  loss=0.1387
    [train] iter 920/4443  loss=0.1889
    [train] iter 940/4443  loss=0.1435
    [train] iter 960/4443  loss=0.1774
    [train] iter 980/4443  loss=0.2017
    [train] iter 1000/4443  loss=0.1014
    [train] iter 1020/4443  loss=0.0816
    [train] iter 1040/4443  loss=0.0891
    [train] iter 1060/4443  loss=0.1034
    [train] iter 1080/4443  loss=0.1748
    [train] iter 1100/4443  loss=0.1743
    [train] iter 1120/4443  loss=0.2276
    [train] iter 1140/4443  loss=0.0850
    [train] iter 1160/4443  loss=0.0632
    [train] iter 1180/4443  loss=0.1131
    [train] iter 1200/4443  loss=0.1414
    [train] iter 1220/4443  loss=0.1466
    [train] iter 1240/4443  loss=0.0765
    [train] iter 1260/4443  loss=0.1511
    [train] iter 1280/4443  loss=0.1113
    [train] iter 1300/4443  loss=0.1158
    [train] iter 1320/4443  loss=0.1156
    [train] iter 1340/4443  loss=0.1465
    [train] iter 1360/4443  loss=0.0852
    [train] iter 1380/4443  loss=0.1079
    [train] iter 1400/4443  loss=0.1052
    [train] iter 1420/4443  loss=0.1383
    [train] iter 1440/4443  loss=0.1342
    [train] iter 1460/4443  loss=0.1270
    [train] iter 1480/4443  loss=0.1032
    [train] iter 1500/4443  loss=0.1217
    [train] iter 1520/4443  loss=0.1039
    [train] iter 1540/4443  loss=0.1593
    [train] iter 1560/4443  loss=0.2007
    [train] iter 1580/4443  loss=0.1996
    [train] iter 1600/4443  loss=0.1456
    [train] iter 1620/4443  loss=0.2422
    [train] iter 1640/4443  loss=0.0868
    [train] iter 1660/4443  loss=0.1279
    [train] iter 1680/4443  loss=0.0792
    [train] iter 1700/4443  loss=0.0769
    [train] iter 1720/4443  loss=0.2006
    [train] iter 1740/4443  loss=0.2599
    [train] iter 1760/4443  loss=0.1329
    [train] iter 1780/4443  loss=0.0784
    [train] iter 1800/4443  loss=0.1491
    [train] iter 1820/4443  loss=0.0828
    [train] iter 1840/4443  loss=0.1282
    [train] iter 1860/4443  loss=0.1083
    [train] iter 1880/4443  loss=0.0605
    [train] iter 1900/4443  loss=0.1531
    [train] iter 1920/4443  loss=0.1071
    [train] iter 1940/4443  loss=0.1258
    [train] iter 1960/4443  loss=0.0810
    [train] iter 1980/4443  loss=0.1191
    [train] iter 2000/4443  loss=0.1256
    [train] iter 2020/4443  loss=0.1098
    [train] iter 2040/4443  loss=0.2389
    [train] iter 2060/4443  loss=0.0901
    [train] iter 2080/4443  loss=0.1043
    [train] iter 2100/4443  loss=0.1162
    [train] iter 2120/4443  loss=0.1087
    [train] iter 2140/4443  loss=0.2774
    [train] iter 2160/4443  loss=0.1109
    [train] iter 2180/4443  loss=0.1289
    [train] iter 2200/4443  loss=0.0860
    [train] iter 2220/4443  loss=0.1570
    [train] iter 2240/4443  loss=0.1698
    [train] iter 2260/4443  loss=0.2105
    [train] iter 2280/4443  loss=0.1472
    [train] iter 2300/4443  loss=0.0713
    [train] iter 2320/4443  loss=0.1702
    [train] iter 2340/4443  loss=0.1166
    [train] iter 2360/4443  loss=0.2660
    [train] iter 2380/4443  loss=0.2644
    [train] iter 2400/4443  loss=0.2763
    [train] iter 2420/4443  loss=0.0831
    [train] iter 2440/4443  loss=0.1283
    [train] iter 2460/4443  loss=0.1584
    [train] iter 2480/4443  loss=0.1242
    [train] iter 2500/4443  loss=0.2509
    [train] iter 2520/4443  loss=0.1428
    [train] iter 2540/4443  loss=0.2101
    [train] iter 2560/4443  loss=0.1947
    [train] iter 2580/4443  loss=0.1160
    [train] iter 2600/4443  loss=0.1585
    [train] iter 2620/4443  loss=0.1380
    [train] iter 2640/4443  loss=0.2091
    [train] iter 2660/4443  loss=0.1866
    [train] iter 2680/4443  loss=0.1769
    [train] iter 2700/4443  loss=0.0878
    [train] iter 2720/4443  loss=0.1143
    [train] iter 2740/4443  loss=0.2982
    [train] iter 2760/4443  loss=0.1010
    [train] iter 2780/4443  loss=0.1715
    [train] iter 2800/4443  loss=0.1512
    [train] iter 2820/4443  loss=0.1064
    [train] iter 2840/4443  loss=0.2145
    [train] iter 2860/4443  loss=0.2226
    [train] iter 2880/4443  loss=0.1175
    [train] iter 2900/4443  loss=0.2262
    [train] iter 2920/4443  loss=0.1403
    [train] iter 2940/4443  loss=0.1271
    [train] iter 2960/4443  loss=0.1738
    [train] iter 2980/4443  loss=0.1020
    [train] iter 3000/4443  loss=0.1205
    [train] iter 3020/4443  loss=0.0673
    [train] iter 3040/4443  loss=0.0902
    [train] iter 3060/4443  loss=0.1464
    [train] iter 3080/4443  loss=0.1954
    [train] iter 3100/4443  loss=0.0868
    [train] iter 3120/4443  loss=0.2166
    [train] iter 3140/4443  loss=0.0902
    [train] iter 3160/4443  loss=0.1033
    [train] iter 3180/4443  loss=0.1590
    [train] iter 3200/4443  loss=0.1507
    [train] iter 3220/4443  loss=0.0637
    [train] iter 3240/4443  loss=0.1625
    [train] iter 3260/4443  loss=0.0647
    [train] iter 3280/4443  loss=0.1298
    [train] iter 3300/4443  loss=0.2163
    [train] iter 3320/4443  loss=0.1237
    [train] iter 3340/4443  loss=0.0779
    [train] iter 3360/4443  loss=0.3398
    [train] iter 3380/4443  loss=0.1743
    [train] iter 3400/4443  loss=0.0739
    [train] iter 3420/4443  loss=0.1314
    [train] iter 3440/4443  loss=0.1107
    [train] iter 3460/4443  loss=0.1091
    [train] iter 3480/4443  loss=0.0897
    [train] iter 3500/4443  loss=0.1124
    [train] iter 3520/4443  loss=0.1458
    [train] iter 3540/4443  loss=0.0907
    [train] iter 3560/4443  loss=0.2197
    [train] iter 3580/4443  loss=0.1644
    [train] iter 3600/4443  loss=0.1411
    [train] iter 3620/4443  loss=0.1506
    [train] iter 3640/4443  loss=0.0882
    [train] iter 3660/4443  loss=0.1251
    [train] iter 3680/4443  loss=0.1927
    [train] iter 3700/4443  loss=0.0911
    [train] iter 3720/4443  loss=0.0845
    [train] iter 3740/4443  loss=0.0943
    [train] iter 3760/4443  loss=0.1400
    [train] iter 3780/4443  loss=0.2054
    [train] iter 3800/4443  loss=0.1066
    [train] iter 3820/4443  loss=0.1258
    [train] iter 3840/4443  loss=0.1121
    [train] iter 3860/4443  loss=0.1278
    [train] iter 3880/4443  loss=0.1971
    [train] iter 3900/4443  loss=0.1279
    [train] iter 3920/4443  loss=0.1093
    [train] iter 3940/4443  loss=0.1120
    [train] iter 3960/4443  loss=0.1560
    [train] iter 3980/4443  loss=0.1405
    [train] iter 4000/4443  loss=0.0894
    [train] iter 4020/4443  loss=0.1009
    [train] iter 4040/4443  loss=0.1262
    [train] iter 4060/4443  loss=0.1745
    [train] iter 4080/4443  loss=0.1679
    [train] iter 4100/4443  loss=0.0694
    [train] iter 4120/4443  loss=0.1109
    [train] iter 4140/4443  loss=0.1219
    [train] iter 4160/4443  loss=0.2448
    [train] iter 4180/4443  loss=0.1471
    [train] iter 4200/4443  loss=0.1637
    [train] iter 4220/4443  loss=0.1432
    [train] iter 4240/4443  loss=0.1180
    [train] iter 4260/4443  loss=0.0779
    [train] iter 4280/4443  loss=0.1594
    [train] iter 4300/4443  loss=0.1624
    [train] iter 4320/4443  loss=0.1701
    [train] iter 4340/4443  loss=0.1452
    [train] iter 4360/4443  loss=0.1124
    [train] iter 4380/4443  loss=0.0891
    [train] iter 4400/4443  loss=0.0815
    [train] iter 4420/4443  loss=0.1079
    [train] iter 4440/4443  loss=0.1229
  train_loss=0.1360  val_loss=0.1643  val_dice=0.8101

--- Epoch 66/100 (lr=8.19e-05) ---
    [train] iter 20/4443  loss=0.0829
    [train] iter 40/4443  loss=0.1190
    [train] iter 60/4443  loss=0.1486
    [train] iter 80/4443  loss=0.1042
    [train] iter 100/4443  loss=0.1231
    [train] iter 120/4443  loss=0.1605
    [train] iter 140/4443  loss=0.1469
    [train] iter 160/4443  loss=0.0692
    [train] iter 180/4443  loss=0.1671
    [train] iter 200/4443  loss=0.1210
    [train] iter 220/4443  loss=0.1341
    [train] iter 240/4443  loss=0.1199
    [train] iter 260/4443  loss=0.1994
    [train] iter 280/4443  loss=0.1475
    [train] iter 300/4443  loss=0.1127
    [train] iter 320/4443  loss=0.1920
    [train] iter 340/4443  loss=0.1361
    [train] iter 360/4443  loss=0.1453
    [train] iter 380/4443  loss=0.1657
    [train] iter 400/4443  loss=0.2496
    [train] iter 420/4443  loss=0.1162
    [train] iter 440/4443  loss=0.1118
    [train] iter 460/4443  loss=0.1228
    [train] iter 480/4443  loss=0.1777
    [train] iter 500/4443  loss=0.1189
    [train] iter 520/4443  loss=0.1276
    [train] iter 540/4443  loss=0.0781
    [train] iter 560/4443  loss=0.0554
    [train] iter 580/4443  loss=0.1564
    [train] iter 600/4443  loss=0.1142
    [train] iter 620/4443  loss=0.1011
    [train] iter 640/4443  loss=0.1355
    [train] iter 660/4443  loss=0.1055
    [train] iter 680/4443  loss=0.0927
    [train] iter 700/4443  loss=0.1303
    [train] iter 720/4443  loss=0.1219
    [train] iter 740/4443  loss=0.1258
    [train] iter 760/4443  loss=0.0811
    [train] iter 780/4443  loss=0.2947
    [train] iter 800/4443  loss=0.1301
    [train] iter 820/4443  loss=0.1222
    [train] iter 840/4443  loss=0.2786
    [train] iter 860/4443  loss=0.2038
    [train] iter 880/4443  loss=0.0721
    [train] iter 900/4443  loss=0.1434
    [train] iter 920/4443  loss=0.1098
    [train] iter 940/4443  loss=0.0964
    [train] iter 960/4443  loss=0.0765
    [train] iter 980/4443  loss=0.1012
    [train] iter 1000/4443  loss=0.0945
    [train] iter 1020/4443  loss=0.1145
    [train] iter 1040/4443  loss=0.1025
    [train] iter 1060/4443  loss=0.1100
    [train] iter 1080/4443  loss=0.1695
    [train] iter 1100/4443  loss=0.1759
    [train] iter 1120/4443  loss=0.1427
    [train] iter 1140/4443  loss=0.2063
    [train] iter 1160/4443  loss=0.0800
    [train] iter 1180/4443  loss=0.1028
    [train] iter 1200/4443  loss=0.1337
    [train] iter 1220/4443  loss=0.0815
    [train] iter 1240/4443  loss=0.1570
    [train] iter 1260/4443  loss=0.1392
    [train] iter 1280/4443  loss=0.1120
    [train] iter 1300/4443  loss=0.1192
    [train] iter 1320/4443  loss=0.1793
    [train] iter 1340/4443  loss=0.1326
    [train] iter 1360/4443  loss=0.0833
    [train] iter 1380/4443  loss=0.1825
    [train] iter 1400/4443  loss=0.2319
    [train] iter 1420/4443  loss=0.1231
    [train] iter 1440/4443  loss=0.1383
    [train] iter 1460/4443  loss=0.0971
    [train] iter 1480/4443  loss=0.1058
    [train] iter 1500/4443  loss=0.1286
    [train] iter 1520/4443  loss=0.1820
    [train] iter 1540/4443  loss=0.1875
    [train] iter 1560/4443  loss=0.0836
    [train] iter 1580/4443  loss=0.2488
    [train] iter 1600/4443  loss=0.1054
    [train] iter 1620/4443  loss=0.0880
    [train] iter 1640/4443  loss=0.0971
    [train] iter 1660/4443  loss=0.1365
    [train] iter 1680/4443  loss=0.1488
    [train] iter 1700/4443  loss=0.1218
    [train] iter 1720/4443  loss=0.1117
    [train] iter 1740/4443  loss=0.1738
    [train] iter 1760/4443  loss=0.0982
    [train] iter 1780/4443  loss=0.0720
    [train] iter 1800/4443  loss=0.2212
    [train] iter 1820/4443  loss=0.0946
    [train] iter 1840/4443  loss=0.0909
    [train] iter 1860/4443  loss=0.0757
    [train] iter 1880/4443  loss=0.1375
    [train] iter 1900/4443  loss=0.2048
    [train] iter 1920/4443  loss=0.1464
    [train] iter 1940/4443  loss=0.1184
    [train] iter 1960/4443  loss=0.0958
    [train] iter 1980/4443  loss=0.0856
    [train] iter 2000/4443  loss=0.0830
    [train] iter 2020/4443  loss=0.2267
    [train] iter 2040/4443  loss=0.1075
    [train] iter 2060/4443  loss=0.1756
    [train] iter 2080/4443  loss=0.1148
    [train] iter 2100/4443  loss=0.1323
    [train] iter 2120/4443  loss=0.1734
    [train] iter 2140/4443  loss=0.0937
    [train] iter 2160/4443  loss=0.1048
    [train] iter 2180/4443  loss=0.1703
    [train] iter 2200/4443  loss=0.0998
    [train] iter 2220/4443  loss=0.1344
    [train] iter 2240/4443  loss=0.1486
    [train] iter 2260/4443  loss=0.1720
    [train] iter 2280/4443  loss=0.1430
    [train] iter 2300/4443  loss=0.0747
    [train] iter 2320/4443  loss=0.1338
    [train] iter 2340/4443  loss=0.1497
    [train] iter 2360/4443  loss=0.1450
    [train] iter 2380/4443  loss=0.1400
    [train] iter 2400/4443  loss=0.0976
    [train] iter 2420/4443  loss=0.1292
    [train] iter 2440/4443  loss=0.1363
    [train] iter 2460/4443  loss=0.1986
    [train] iter 2480/4443  loss=0.1496
    [train] iter 2500/4443  loss=0.1761
    [train] iter 2520/4443  loss=0.1473
    [train] iter 2540/4443  loss=0.0901
    [train] iter 2560/4443  loss=0.0569
    [train] iter 2580/4443  loss=0.1124
    [train] iter 2600/4443  loss=0.2064
    [train] iter 2620/4443  loss=0.2041
    [train] iter 2640/4443  loss=0.1122
    [train] iter 2660/4443  loss=0.1294
    [train] iter 2680/4443  loss=0.1544
    [train] iter 2700/4443  loss=0.1600
    [train] iter 2720/4443  loss=0.0903
    [train] iter 2740/4443  loss=0.1921
    [train] iter 2760/4443  loss=0.1333
    [train] iter 2780/4443  loss=0.0985
    [train] iter 2800/4443  loss=0.1042
    [train] iter 2820/4443  loss=0.0949
    [train] iter 2840/4443  loss=0.0912
    [train] iter 2860/4443  loss=0.0908
    [train] iter 2880/4443  loss=0.1189
    [train] iter 2900/4443  loss=0.1528
    [train] iter 2920/4443  loss=0.1098
    [train] iter 2940/4443  loss=0.1374
    [train] iter 2960/4443  loss=0.1383
    [train] iter 2980/4443  loss=0.1685
    [train] iter 3000/4443  loss=0.1338
    [train] iter 3020/4443  loss=0.1896
    [train] iter 3040/4443  loss=0.1768
    [train] iter 3060/4443  loss=0.0929
    [train] iter 3080/4443  loss=0.1713
    [train] iter 3100/4443  loss=0.0947
    [train] iter 3120/4443  loss=0.0969
    [train] iter 3140/4443  loss=0.1929
    [train] iter 3160/4443  loss=0.1259
    [train] iter 3180/4443  loss=0.1038
    [train] iter 3200/4443  loss=0.1582
    [train] iter 3220/4443  loss=0.1382
    [train] iter 3240/4443  loss=0.1126
    [train] iter 3260/4443  loss=0.1560
    [train] iter 3280/4443  loss=0.0844
    [train] iter 3300/4443  loss=0.0702
    [train] iter 3320/4443  loss=0.1329
    [train] iter 3340/4443  loss=0.1225
    [train] iter 3360/4443  loss=0.1553
    [train] iter 3380/4443  loss=0.1495
    [train] iter 3400/4443  loss=0.1360
    [train] iter 3420/4443  loss=0.2457
    [train] iter 3440/4443  loss=0.0968
    [train] iter 3460/4443  loss=0.1090
    [train] iter 3480/4443  loss=0.1778
    [train] iter 3500/4443  loss=0.0989
    [train] iter 3520/4443  loss=0.1119
    [train] iter 3540/4443  loss=0.0644
    [train] iter 3560/4443  loss=0.1368
    [train] iter 3580/4443  loss=0.0827
    [train] iter 3600/4443  loss=0.1185
    [train] iter 3620/4443  loss=0.1066
    [train] iter 3640/4443  loss=0.1285
    [train] iter 3660/4443  loss=0.1516
    [train] iter 3680/4443  loss=0.1076
    [train] iter 3700/4443  loss=0.1055
    [train] iter 3720/4443  loss=0.1293
    [train] iter 3740/4443  loss=0.1238
    [train] iter 3760/4443  loss=0.1774
    [train] iter 3780/4443  loss=0.1375
    [train] iter 3800/4443  loss=0.1404
    [train] iter 3820/4443  loss=0.2143
    [train] iter 3840/4443  loss=0.1481
    [train] iter 3860/4443  loss=0.1061
    [train] iter 3880/4443  loss=0.1488
    [train] iter 3900/4443  loss=0.1167
    [train] iter 3920/4443  loss=0.2194
    [train] iter 3940/4443  loss=0.1053
    [train] iter 3960/4443  loss=0.1542
    [train] iter 3980/4443  loss=0.1725
    [train] iter 4000/4443  loss=0.0987
    [train] iter 4020/4443  loss=0.0833
    [train] iter 4040/4443  loss=0.2140
    [train] iter 4060/4443  loss=0.1511
    [train] iter 4080/4443  loss=0.1432
    [train] iter 4100/4443  loss=0.1451
    [train] iter 4120/4443  loss=0.1110
    [train] iter 4140/4443  loss=0.1218
    [train] iter 4160/4443  loss=0.0986
    [train] iter 4180/4443  loss=0.1158
    [train] iter 4200/4443  loss=0.1049
    [train] iter 4220/4443  loss=0.1251
    [train] iter 4240/4443  loss=0.1025
    [train] iter 4260/4443  loss=0.1849
    [train] iter 4280/4443  loss=0.1792
    [train] iter 4300/4443  loss=0.1575
    [train] iter 4320/4443  loss=0.0850
    [train] iter 4340/4443  loss=0.1294
    [train] iter 4360/4443  loss=0.0826
    [train] iter 4380/4443  loss=0.1160
    [train] iter 4400/4443  loss=0.0921
    [train] iter 4420/4443  loss=0.1130
    [train] iter 4440/4443  loss=0.1946
  train_loss=0.1345  val_loss=0.1673  val_dice=0.8068

--- Epoch 67/100 (lr=7.77e-05) ---
    [train] iter 20/4443  loss=0.1367
    [train] iter 40/4443  loss=0.2337
    [train] iter 60/4443  loss=0.0840
    [train] iter 80/4443  loss=0.1659
    [train] iter 100/4443  loss=0.1052
    [train] iter 120/4443  loss=0.1423
    [train] iter 140/4443  loss=0.1547
    [train] iter 160/4443  loss=0.1184
    [train] iter 180/4443  loss=0.1732
    [train] iter 200/4443  loss=0.1247
    [train] iter 220/4443  loss=0.1011
    [train] iter 240/4443  loss=0.1208
    [train] iter 260/4443  loss=0.0780
    [train] iter 280/4443  loss=0.1834
    [train] iter 300/4443  loss=0.1360
    [train] iter 320/4443  loss=0.1607
    [train] iter 340/4443  loss=0.1983
    [train] iter 360/4443  loss=0.1866
    [train] iter 380/4443  loss=0.1226
    [train] iter 400/4443  loss=0.1171
    [train] iter 420/4443  loss=0.1294
    [train] iter 440/4443  loss=0.1381
    [train] iter 460/4443  loss=0.1250
    [train] iter 480/4443  loss=0.1053
    [train] iter 500/4443  loss=0.1095
    [train] iter 520/4443  loss=0.1053
    [train] iter 540/4443  loss=0.1245
    [train] iter 560/4443  loss=0.1142
    [train] iter 580/4443  loss=0.0934
    [train] iter 600/4443  loss=0.1681
    [train] iter 620/4443  loss=0.0996
    [train] iter 640/4443  loss=0.0948
    [train] iter 660/4443  loss=0.1346
    [train] iter 680/4443  loss=0.1233
    [train] iter 700/4443  loss=0.2264
    [train] iter 720/4443  loss=0.1828
    [train] iter 740/4443  loss=0.0847
    [train] iter 760/4443  loss=0.1797
    [train] iter 780/4443  loss=0.1382
    [train] iter 800/4443  loss=0.1160
    [train] iter 820/4443  loss=0.1059
    [train] iter 840/4443  loss=0.1849
    [train] iter 860/4443  loss=0.1151
    [train] iter 880/4443  loss=0.0854
    [train] iter 900/4443  loss=0.2277
    [train] iter 920/4443  loss=0.1106
    [train] iter 940/4443  loss=0.1323
    [train] iter 960/4443  loss=0.0911
    [train] iter 980/4443  loss=0.0939
    [train] iter 1000/4443  loss=0.1788
    [train] iter 1020/4443  loss=0.1106
    [train] iter 1040/4443  loss=0.0933
    [train] iter 1060/4443  loss=0.1004
    [train] iter 1080/4443  loss=0.1000
    [train] iter 1100/4443  loss=0.1055
    [train] iter 1120/4443  loss=0.2429
    [train] iter 1140/4443  loss=0.0942
    [train] iter 1160/4443  loss=0.1961
    [train] iter 1180/4443  loss=0.3005
    [train] iter 1200/4443  loss=0.0879
    [train] iter 1220/4443  loss=0.1080
    [train] iter 1240/4443  loss=0.0641
    [train] iter 1260/4443  loss=0.2639
    [train] iter 1280/4443  loss=0.1159
    [train] iter 1300/4443  loss=0.1166
    [train] iter 1320/4443  loss=0.2696
    [train] iter 1340/4443  loss=0.0838
    [train] iter 1360/4443  loss=0.0861
    [train] iter 1380/4443  loss=0.2885
    [train] iter 1400/4443  loss=0.1056
    [train] iter 1420/4443  loss=0.1348
    [train] iter 1440/4443  loss=0.1478
    [train] iter 1460/4443  loss=0.1195
    [train] iter 1480/4443  loss=0.1024
    [train] iter 1500/4443  loss=0.1262
    [train] iter 1520/4443  loss=0.1079
    [train] iter 1540/4443  loss=0.1738
    [train] iter 1560/4443  loss=0.1130
    [train] iter 1580/4443  loss=0.1190
    [train] iter 1600/4443  loss=0.0914
    [train] iter 1620/4443  loss=0.1103
    [train] iter 1640/4443  loss=0.1094
    [train] iter 1660/4443  loss=0.1152
    [train] iter 1680/4443  loss=0.2546
    [train] iter 1700/4443  loss=0.1012
    [train] iter 1720/4443  loss=0.1005
    [train] iter 1740/4443  loss=0.0936
    [train] iter 1760/4443  loss=0.1679
    [train] iter 1780/4443  loss=0.0939
    [train] iter 1800/4443  loss=0.1372
    [train] iter 1820/4443  loss=0.2322
    [train] iter 1840/4443  loss=0.1481
    [train] iter 1860/4443  loss=0.1235
    [train] iter 1880/4443  loss=0.1005
    [train] iter 1900/4443  loss=0.1280
    [train] iter 1920/4443  loss=0.1673
    [train] iter 1940/4443  loss=0.1855
    [train] iter 1960/4443  loss=0.1864
    [train] iter 1980/4443  loss=0.1299
    [train] iter 2000/4443  loss=0.1997
    [train] iter 2020/4443  loss=0.1092
    [train] iter 2040/4443  loss=0.1137
    [train] iter 2060/4443  loss=0.1162
    [train] iter 2080/4443  loss=0.0813
    [train] iter 2100/4443  loss=0.1229
    [train] iter 2120/4443  loss=0.1415
    [train] iter 2140/4443  loss=0.2490
    [train] iter 2160/4443  loss=0.1584
    [train] iter 2180/4443  loss=0.1947
    [train] iter 2200/4443  loss=0.0911
    [train] iter 2220/4443  loss=0.1015
    [train] iter 2240/4443  loss=0.1188
    [train] iter 2260/4443  loss=0.1256
    [train] iter 2280/4443  loss=0.1882
    [train] iter 2300/4443  loss=0.1025
    [train] iter 2320/4443  loss=0.1741
    [train] iter 2340/4443  loss=0.2090
    [train] iter 2360/4443  loss=0.2550
    [train] iter 2380/4443  loss=0.1833
    [train] iter 2400/4443  loss=0.1219
    [train] iter 2420/4443  loss=0.1293
    [train] iter 2440/4443  loss=0.1480
    [train] iter 2460/4443  loss=0.1358
    [train] iter 2480/4443  loss=0.1099
    [train] iter 2500/4443  loss=0.1272
    [train] iter 2520/4443  loss=0.1182
    [train] iter 2540/4443  loss=0.0961
    [train] iter 2560/4443  loss=0.2206
    [train] iter 2580/4443  loss=0.1666
    [train] iter 2600/4443  loss=0.1211
    [train] iter 2620/4443  loss=0.2220
    [train] iter 2640/4443  loss=0.1047
    [train] iter 2660/4443  loss=0.1043
    [train] iter 2680/4443  loss=0.1992
    [train] iter 2700/4443  loss=0.1159
    [train] iter 2720/4443  loss=0.0971
    [train] iter 2740/4443  loss=0.1384
    [train] iter 2760/4443  loss=0.0959
    [train] iter 2780/4443  loss=0.1652
    [train] iter 2800/4443  loss=0.0874
    [train] iter 2820/4443  loss=0.2071
    [train] iter 2840/4443  loss=0.1868
    [train] iter 2860/4443  loss=0.1899
    [train] iter 2880/4443  loss=0.1490
    [train] iter 2900/4443  loss=0.1560
    [train] iter 2920/4443  loss=0.0578
    [train] iter 2940/4443  loss=0.1183
    [train] iter 2960/4443  loss=0.1166
    [train] iter 2980/4443  loss=0.0820
    [train] iter 3000/4443  loss=0.1180
    [train] iter 3020/4443  loss=0.1656
    [train] iter 3040/4443  loss=0.1762
    [train] iter 3060/4443  loss=0.1750
    [train] iter 3080/4443  loss=0.1200
    [train] iter 3100/4443  loss=0.1267
    [train] iter 3120/4443  loss=0.1405
    [train] iter 3140/4443  loss=0.1245
    [train] iter 3160/4443  loss=0.0839
    [train] iter 3180/4443  loss=0.2212
    [train] iter 3200/4443  loss=0.1838
    [train] iter 3220/4443  loss=0.1306
    [train] iter 3240/4443  loss=0.0483
    [train] iter 3260/4443  loss=0.1366
    [train] iter 3280/4443  loss=0.1371
    [train] iter 3300/4443  loss=0.0861
    [train] iter 3320/4443  loss=0.1495
    [train] iter 3340/4443  loss=0.1397
    [train] iter 3360/4443  loss=0.1451
    [train] iter 3380/4443  loss=0.0942
    [train] iter 3400/4443  loss=0.1009
    [train] iter 3420/4443  loss=0.1800
    [train] iter 3440/4443  loss=0.0791
    [train] iter 3460/4443  loss=0.1557
    [train] iter 3480/4443  loss=0.2142
    [train] iter 3500/4443  loss=0.0806
    [train] iter 3520/4443  loss=0.1372
    [train] iter 3540/4443  loss=0.1273
    [train] iter 3560/4443  loss=0.0957
    [train] iter 3580/4443  loss=0.0915
    [train] iter 3600/4443  loss=0.1504
    [train] iter 3620/4443  loss=0.1217
    [train] iter 3640/4443  loss=0.0843
    [train] iter 3660/4443  loss=0.1862
    [train] iter 3680/4443  loss=0.1599
    [train] iter 3700/4443  loss=0.1162
    [train] iter 3720/4443  loss=0.1256
    [train] iter 3740/4443  loss=0.0956
    [train] iter 3760/4443  loss=0.1812
    [train] iter 3780/4443  loss=0.0581
    [train] iter 3800/4443  loss=0.1675
    [train] iter 3820/4443  loss=0.1319
    [train] iter 3840/4443  loss=0.1300
    [train] iter 3860/4443  loss=0.1183
    [train] iter 3880/4443  loss=0.1192
    [train] iter 3900/4443  loss=0.1403
    [train] iter 3920/4443  loss=0.1541
    [train] iter 3940/4443  loss=0.2401
    [train] iter 3960/4443  loss=0.1719
    [train] iter 3980/4443  loss=0.1132
    [train] iter 4000/4443  loss=0.1887
    [train] iter 4020/4443  loss=0.1564
    [train] iter 4040/4443  loss=0.1211
    [train] iter 4060/4443  loss=0.1728
    [train] iter 4080/4443  loss=0.1054
    [train] iter 4100/4443  loss=0.0925
    [train] iter 4120/4443  loss=0.2318
    [train] iter 4140/4443  loss=0.0626
    [train] iter 4160/4443  loss=0.1130
    [train] iter 4180/4443  loss=0.1524
    [train] iter 4200/4443  loss=0.1608
    [train] iter 4220/4443  loss=0.0949
    [train] iter 4240/4443  loss=0.1097
    [train] iter 4260/4443  loss=0.0760
    [train] iter 4280/4443  loss=0.1238
    [train] iter 4300/4443  loss=0.0903
    [train] iter 4320/4443  loss=0.1242
    [train] iter 4340/4443  loss=0.1332
    [train] iter 4360/4443  loss=0.0922
    [train] iter 4380/4443  loss=0.2322
    [train] iter 4400/4443  loss=0.1015
    [train] iter 4420/4443  loss=0.1667
    [train] iter 4440/4443  loss=0.1579
  train_loss=0.1345  val_loss=0.1670  val_dice=0.8078

--- Epoch 68/100 (lr=7.36e-05) ---
    [train] iter 20/4443  loss=0.1388
    [train] iter 40/4443  loss=0.2087
    [train] iter 60/4443  loss=0.1177
    [train] iter 80/4443  loss=0.1607
    [train] iter 100/4443  loss=0.2327
    [train] iter 120/4443  loss=0.1721
    [train] iter 140/4443  loss=0.0932
    [train] iter 160/4443  loss=0.1733
    [train] iter 180/4443  loss=0.1762
    [train] iter 200/4443  loss=0.1275
    [train] iter 220/4443  loss=0.0884
    [train] iter 240/4443  loss=0.1281
    [train] iter 260/4443  loss=0.1238
    [train] iter 280/4443  loss=0.0891
    [train] iter 300/4443  loss=0.1709
    [train] iter 320/4443  loss=0.1379
    [train] iter 340/4443  loss=0.1326
    [train] iter 360/4443  loss=0.2624
    [train] iter 380/4443  loss=0.2059
    [train] iter 400/4443  loss=0.0982
    [train] iter 420/4443  loss=0.1102
    [train] iter 440/4443  loss=0.1287
    [train] iter 460/4443  loss=0.1051
    [train] iter 480/4443  loss=0.0977
    [train] iter 500/4443  loss=0.1025
    [train] iter 520/4443  loss=0.1506
    [train] iter 540/4443  loss=0.1449
    [train] iter 560/4443  loss=0.1089
    [train] iter 580/4443  loss=0.1526
    [train] iter 600/4443  loss=0.1472
    [train] iter 620/4443  loss=0.1404
    [train] iter 640/4443  loss=0.1308
    [train] iter 660/4443  loss=0.1653
    [train] iter 680/4443  loss=0.1137
    [train] iter 700/4443  loss=0.1349
    [train] iter 720/4443  loss=0.1261
    [train] iter 740/4443  loss=0.1014
    [train] iter 760/4443  loss=0.1916
    [train] iter 780/4443  loss=0.1371
    [train] iter 800/4443  loss=0.1516
    [train] iter 820/4443  loss=0.1467
    [train] iter 840/4443  loss=0.1158
    [train] iter 860/4443  loss=0.1104
    [train] iter 880/4443  loss=0.1159
    [train] iter 900/4443  loss=0.2127
    [train] iter 920/4443  loss=0.0775
    [train] iter 940/4443  loss=0.2070
    [train] iter 960/4443  loss=0.0502
    [train] iter 980/4443  loss=0.1520
    [train] iter 1000/4443  loss=0.1153
    [train] iter 1020/4443  loss=0.2041
    [train] iter 1040/4443  loss=0.1502
    [train] iter 1060/4443  loss=0.1252
    [train] iter 1080/4443  loss=0.1546
    [train] iter 1100/4443  loss=0.0812
    [train] iter 1120/4443  loss=0.1134
    [train] iter 1140/4443  loss=0.0836
    [train] iter 1160/4443  loss=0.1303
    [train] iter 1180/4443  loss=0.0650
    [train] iter 1200/4443  loss=0.0877
    [train] iter 1220/4443  loss=0.1822
    [train] iter 1240/4443  loss=0.0678
    [train] iter 1260/4443  loss=0.1389
    [train] iter 1280/4443  loss=0.1337
    [train] iter 1300/4443  loss=0.0743
    [train] iter 1320/4443  loss=0.1060
    [train] iter 1340/4443  loss=0.1227
    [train] iter 1360/4443  loss=0.1168
    [train] iter 1380/4443  loss=0.1587
    [train] iter 1400/4443  loss=0.0952
    [train] iter 1420/4443  loss=0.1408
    [train] iter 1440/4443  loss=0.1333
    [train] iter 1460/4443  loss=0.1021
    [train] iter 1480/4443  loss=0.1109
    [train] iter 1500/4443  loss=0.1383
    [train] iter 1520/4443  loss=0.0754
    [train] iter 1540/4443  loss=0.1465
    [train] iter 1560/4443  loss=0.0582
    [train] iter 1580/4443  loss=0.1600
    [train] iter 1600/4443  loss=0.1196
    [train] iter 1620/4443  loss=0.1734
    [train] iter 1640/4443  loss=0.1458
    [train] iter 1660/4443  loss=0.0946
    [train] iter 1680/4443  loss=0.1467
    [train] iter 1700/4443  loss=0.1411
    [train] iter 1720/4443  loss=0.0997
    [train] iter 1740/4443  loss=0.0872
    [train] iter 1760/4443  loss=0.1316
    [train] iter 1780/4443  loss=0.0896
    [train] iter 1800/4443  loss=0.1344
    [train] iter 1820/4443  loss=0.1137
    [train] iter 1840/4443  loss=0.0954
    [train] iter 1860/4443  loss=0.0784
    [train] iter 1880/4443  loss=0.1173
    [train] iter 1900/4443  loss=0.0831
    [train] iter 1920/4443  loss=0.1173
    [train] iter 1940/4443  loss=0.0883
    [train] iter 1960/4443  loss=0.0975
    [train] iter 1980/4443  loss=0.1660
    [train] iter 2000/4443  loss=0.1515
    [train] iter 2020/4443  loss=0.0843
    [train] iter 2040/4443  loss=0.1154
    [train] iter 2060/4443  loss=0.1190
    [train] iter 2080/4443  loss=0.1451
    [train] iter 2100/4443  loss=0.2187
    [train] iter 2120/4443  loss=0.0988
    [train] iter 2140/4443  loss=0.0787
    [train] iter 2160/4443  loss=0.1009
    [train] iter 2180/4443  loss=0.0943
    [train] iter 2200/4443  loss=0.1211
    [train] iter 2220/4443  loss=0.1176
    [train] iter 2240/4443  loss=0.2033
    [train] iter 2260/4443  loss=0.1299
    [train] iter 2280/4443  loss=0.1240
    [train] iter 2300/4443  loss=0.0917
    [train] iter 2320/4443  loss=0.1582
    [train] iter 2340/4443  loss=0.2134
    [train] iter 2360/4443  loss=0.1410
    [train] iter 2380/4443  loss=0.1442
    [train] iter 2400/4443  loss=0.1141
    [train] iter 2420/4443  loss=0.2149
    [train] iter 2440/4443  loss=0.1386
    [train] iter 2460/4443  loss=0.1933
    [train] iter 2480/4443  loss=0.2289
    [train] iter 2500/4443  loss=0.1696
    [train] iter 2520/4443  loss=0.0783
    [train] iter 2540/4443  loss=0.1315
    [train] iter 2560/4443  loss=0.0552
    [train] iter 2580/4443  loss=0.0987
    [train] iter 2600/4443  loss=0.1345
    [train] iter 2620/4443  loss=0.1822
    [train] iter 2640/4443  loss=0.2024
    [train] iter 2660/4443  loss=0.1237
    [train] iter 2680/4443  loss=0.1372
    [train] iter 2700/4443  loss=0.1561
    [train] iter 2720/4443  loss=0.1231
    [train] iter 2740/4443  loss=0.0964
    [train] iter 2760/4443  loss=0.1383
    [train] iter 2780/4443  loss=0.1285
    [train] iter 2800/4443  loss=0.1492
    [train] iter 2820/4443  loss=0.2076
    [train] iter 2840/4443  loss=0.0998
    [train] iter 2860/4443  loss=0.1516
    [train] iter 2880/4443  loss=0.1142
    [train] iter 2900/4443  loss=0.0773
    [train] iter 2920/4443  loss=0.1429
    [train] iter 2940/4443  loss=0.1261
    [train] iter 2960/4443  loss=0.1333
    [train] iter 2980/4443  loss=0.1347
    [train] iter 3000/4443  loss=0.1025
    [train] iter 3020/4443  loss=0.2250
    [train] iter 3040/4443  loss=0.1749
    [train] iter 3060/4443  loss=0.0841
    [train] iter 3080/4443  loss=0.1182
    [train] iter 3100/4443  loss=0.0718
    [train] iter 3120/4443  loss=0.1105
    [train] iter 3140/4443  loss=0.1864
    [train] iter 3160/4443  loss=0.1606
    [train] iter 3180/4443  loss=0.0940
    [train] iter 3200/4443  loss=0.0939
    [train] iter 3220/4443  loss=0.2116
    [train] iter 3240/4443  loss=0.1346
    [train] iter 3260/4443  loss=0.1527
    [train] iter 3280/4443  loss=0.1466
    [train] iter 3300/4443  loss=0.1424
    [train] iter 3320/4443  loss=0.1474
    [train] iter 3340/4443  loss=0.1468
    [train] iter 3360/4443  loss=0.1657
    [train] iter 3380/4443  loss=0.0844
    [train] iter 3400/4443  loss=0.1408
    [train] iter 3420/4443  loss=0.1089
    [train] iter 3440/4443  loss=0.1152
    [train] iter 3460/4443  loss=0.1683
    [train] iter 3480/4443  loss=0.1230
    [train] iter 3500/4443  loss=0.0876
    [train] iter 3520/4443  loss=0.2184
    [train] iter 3540/4443  loss=0.0925
    [train] iter 3560/4443  loss=0.1162
    [train] iter 3580/4443  loss=0.1477
    [train] iter 3600/4443  loss=0.1375
    [train] iter 3620/4443  loss=0.1227
    [train] iter 3640/4443  loss=0.1118
    [train] iter 3660/4443  loss=0.2176
    [train] iter 3680/4443  loss=0.1373
    [train] iter 3700/4443  loss=0.1037
    [train] iter 3720/4443  loss=0.1589
    [train] iter 3740/4443  loss=0.1232
    [train] iter 3760/4443  loss=0.1155
    [train] iter 3780/4443  loss=0.1123
    [train] iter 3800/4443  loss=0.1742
    [train] iter 3820/4443  loss=0.1108
    [train] iter 3840/4443  loss=0.1012
    [train] iter 3860/4443  loss=0.0945
    [train] iter 3880/4443  loss=0.2060
    [train] iter 3900/4443  loss=0.2174
    [train] iter 3920/4443  loss=0.0758
    [train] iter 3940/4443  loss=0.1317
    [train] iter 3960/4443  loss=0.3142
    [train] iter 3980/4443  loss=0.0945
    [train] iter 4000/4443  loss=0.1221
    [train] iter 4020/4443  loss=0.1259
    [train] iter 4040/4443  loss=0.0887
    [train] iter 4060/4443  loss=0.1230
    [train] iter 4080/4443  loss=0.1408
    [train] iter 4100/4443  loss=0.2310
    [train] iter 4120/4443  loss=0.1078
    [train] iter 4140/4443  loss=0.0973
    [train] iter 4160/4443  loss=0.1521
    [train] iter 4180/4443  loss=0.0942
    [train] iter 4200/4443  loss=0.1129
    [train] iter 4220/4443  loss=0.1973
    [train] iter 4240/4443  loss=0.1435
    [train] iter 4260/4443  loss=0.1036
    [train] iter 4280/4443  loss=0.2588
    [train] iter 4300/4443  loss=0.1495
    [train] iter 4320/4443  loss=0.1168
    [train] iter 4340/4443  loss=0.1946
    [train] iter 4360/4443  loss=0.1090
    [train] iter 4380/4443  loss=0.0889
    [train] iter 4400/4443  loss=0.1357
    [train] iter 4420/4443  loss=0.1425
    [train] iter 4440/4443  loss=0.1017
  train_loss=0.1333  val_loss=0.1657  val_dice=0.8086

--- Epoch 69/100 (lr=6.96e-05) ---
    [train] iter 20/4443  loss=0.1248
    [train] iter 40/4443  loss=0.1180
    [train] iter 60/4443  loss=0.0969
    [train] iter 80/4443  loss=0.0776
    [train] iter 100/4443  loss=0.2010
    [train] iter 120/4443  loss=0.1204
    [train] iter 140/4443  loss=0.0867
    [train] iter 160/4443  loss=0.1065
    [train] iter 180/4443  loss=0.0958
    [train] iter 200/4443  loss=0.0975
    [train] iter 220/4443  loss=0.0815
    [train] iter 240/4443  loss=0.1269
    [train] iter 260/4443  loss=0.1809
    [train] iter 280/4443  loss=0.1207
    [train] iter 300/4443  loss=0.1213
    [train] iter 320/4443  loss=0.1572
    [train] iter 340/4443  loss=0.1245
    [train] iter 360/4443  loss=0.1782
    [train] iter 380/4443  loss=0.0815
    [train] iter 400/4443  loss=0.0995
    [train] iter 420/4443  loss=0.1022
    [train] iter 440/4443  loss=0.1738
    [train] iter 460/4443  loss=0.1134
    [train] iter 480/4443  loss=0.1033
    [train] iter 500/4443  loss=0.1500
    [train] iter 520/4443  loss=0.2668
    [train] iter 540/4443  loss=0.1230
    [train] iter 560/4443  loss=0.1085
    [train] iter 580/4443  loss=0.0924
    [train] iter 600/4443  loss=0.1208
    [train] iter 620/4443  loss=0.1824
    [train] iter 640/4443  loss=0.1318
    [train] iter 660/4443  loss=0.0995
    [train] iter 680/4443  loss=0.2233
    [train] iter 700/4443  loss=0.1604
    [train] iter 720/4443  loss=0.1167
    [train] iter 740/4443  loss=0.1556
    [train] iter 760/4443  loss=0.1598
    [train] iter 780/4443  loss=0.1624
    [train] iter 800/4443  loss=0.1049
    [train] iter 820/4443  loss=0.1175
    [train] iter 840/4443  loss=0.1176
    [train] iter 860/4443  loss=0.1136
    [train] iter 880/4443  loss=0.1920
    [train] iter 900/4443  loss=0.2718
    [train] iter 920/4443  loss=0.0981
    [train] iter 940/4443  loss=0.0673
    [train] iter 960/4443  loss=0.1235
    [train] iter 980/4443  loss=0.1816
    [train] iter 1000/4443  loss=0.0972
    [train] iter 1020/4443  loss=0.1326
    [train] iter 1040/4443  loss=0.1025
    [train] iter 1060/4443  loss=0.1237
    [train] iter 1080/4443  loss=0.1444
    [train] iter 1100/4443  loss=0.1112
    [train] iter 1120/4443  loss=0.1545
    [train] iter 1140/4443  loss=0.1196
    [train] iter 1160/4443  loss=0.1605
    [train] iter 1180/4443  loss=0.1297
    [train] iter 1200/4443  loss=0.0927
    [train] iter 1220/4443  loss=0.0890
    [train] iter 1240/4443  loss=0.1250
    [train] iter 1260/4443  loss=0.1938
    [train] iter 1280/4443  loss=0.1766
    [train] iter 1300/4443  loss=0.1380
    [train] iter 1320/4443  loss=0.0975
    [train] iter 1340/4443  loss=0.1076
    [train] iter 1360/4443  loss=0.1333
    [train] iter 1380/4443  loss=0.0904
    [train] iter 1400/4443  loss=0.1099
    [train] iter 1420/4443  loss=0.1713
    [train] iter 1440/4443  loss=0.1081
    [train] iter 1460/4443  loss=0.0712
    [train] iter 1480/4443  loss=0.1666
    [train] iter 1500/4443  loss=0.0845
    [train] iter 1520/4443  loss=0.1411
    [train] iter 1540/4443  loss=0.1490
    [train] iter 1560/4443  loss=0.1252
    [train] iter 1580/4443  loss=0.0936
    [train] iter 1600/4443  loss=0.1036
    [train] iter 1620/4443  loss=0.0826
    [train] iter 1640/4443  loss=0.3156
    [train] iter 1660/4443  loss=0.1582
    [train] iter 1680/4443  loss=0.0695
    [train] iter 1700/4443  loss=0.1094
    [train] iter 1720/4443  loss=0.1153
    [train] iter 1740/4443  loss=0.1200
    [train] iter 1760/4443  loss=0.1086
    [train] iter 1780/4443  loss=0.1361
    [train] iter 1800/4443  loss=0.1306
    [train] iter 1820/4443  loss=0.1594
    [train] iter 1840/4443  loss=0.1092
    [train] iter 1860/4443  loss=0.1212
    [train] iter 1880/4443  loss=0.1229
    [train] iter 1900/4443  loss=0.1293
    [train] iter 1920/4443  loss=0.2275
    [train] iter 1940/4443  loss=0.1347
    [train] iter 1960/4443  loss=0.0716
    [train] iter 1980/4443  loss=0.1419
    [train] iter 2000/4443  loss=0.1422
    [train] iter 2020/4443  loss=0.1322
    [train] iter 2040/4443  loss=0.1813
    [train] iter 2060/4443  loss=0.1766
    [train] iter 2080/4443  loss=0.1616
    [train] iter 2100/4443  loss=0.1713
    [train] iter 2120/4443  loss=0.1135
    [train] iter 2140/4443  loss=0.1628
    [train] iter 2160/4443  loss=0.1520
    [train] iter 2180/4443  loss=0.1468
    [train] iter 2200/4443  loss=0.1417
    [train] iter 2220/4443  loss=0.0477
    [train] iter 2240/4443  loss=0.0965
    [train] iter 2260/4443  loss=0.1707
    [train] iter 2280/4443  loss=0.1743
    [train] iter 2300/4443  loss=0.0723
    [train] iter 2320/4443  loss=0.1332
    [train] iter 2340/4443  loss=0.1679
    [train] iter 2360/4443  loss=0.1729
    [train] iter 2380/4443  loss=0.1487
    [train] iter 2400/4443  loss=0.1116
    [train] iter 2420/4443  loss=0.1281
    [train] iter 2440/4443  loss=0.1461
    [train] iter 2460/4443  loss=0.1404
    [train] iter 2480/4443  loss=0.1860
    [train] iter 2500/4443  loss=0.2056
    [train] iter 2520/4443  loss=0.1646
    [train] iter 2540/4443  loss=0.1207
    [train] iter 2560/4443  loss=0.1090
    [train] iter 2580/4443  loss=0.1222
    [train] iter 2600/4443  loss=0.0825
    [train] iter 2620/4443  loss=0.1031
    [train] iter 2640/4443  loss=0.1608
    [train] iter 2660/4443  loss=0.0821
    [train] iter 2680/4443  loss=0.1145
    [train] iter 2700/4443  loss=0.1963
    [train] iter 2720/4443  loss=0.1652
    [train] iter 2740/4443  loss=0.0975
    [train] iter 2760/4443  loss=0.1683
    [train] iter 2780/4443  loss=0.1147
    [train] iter 2800/4443  loss=0.0917
    [train] iter 2820/4443  loss=0.1152
    [train] iter 2840/4443  loss=0.1221
    [train] iter 2860/4443  loss=0.1464
    [train] iter 2880/4443  loss=0.1698
    [train] iter 2900/4443  loss=0.1943
    [train] iter 2920/4443  loss=0.0732
    [train] iter 2940/4443  loss=0.0835
    [train] iter 2960/4443  loss=0.1768
    [train] iter 2980/4443  loss=0.1441
    [train] iter 3000/4443  loss=0.1869
    [train] iter 3020/4443  loss=0.1393
    [train] iter 3040/4443  loss=0.1038
    [train] iter 3060/4443  loss=0.1407
    [train] iter 3080/4443  loss=0.2365
    [train] iter 3100/4443  loss=0.1306
    [train] iter 3120/4443  loss=0.1629
    [train] iter 3140/4443  loss=0.1817
    [train] iter 3160/4443  loss=0.0973
    [train] iter 3180/4443  loss=0.1544
    [train] iter 3200/4443  loss=0.3607
    [train] iter 3220/4443  loss=0.1221
    [train] iter 3240/4443  loss=0.1106
    [train] iter 3260/4443  loss=0.1066
    [train] iter 3280/4443  loss=0.0448
    [train] iter 3300/4443  loss=0.1191
    [train] iter 3320/4443  loss=0.1736
    [train] iter 3340/4443  loss=0.1537
    [train] iter 3360/4443  loss=0.1171
    [train] iter 3380/4443  loss=0.2087
    [train] iter 3400/4443  loss=0.1225
    [train] iter 3420/4443  loss=0.1269
    [train] iter 3440/4443  loss=0.0804
    [train] iter 3460/4443  loss=0.1708
    [train] iter 3480/4443  loss=0.1115
    [train] iter 3500/4443  loss=0.2062
    [train] iter 3520/4443  loss=0.1303
    [train] iter 3540/4443  loss=0.1381
    [train] iter 3560/4443  loss=0.1684
    [train] iter 3580/4443  loss=0.1338
    [train] iter 3600/4443  loss=0.1827
    [train] iter 3620/4443  loss=0.0982
    [train] iter 3640/4443  loss=0.1289
    [train] iter 3660/4443  loss=0.1185
    [train] iter 3680/4443  loss=0.1356
    [train] iter 3700/4443  loss=0.1352
    [train] iter 3720/4443  loss=0.0616
    [train] iter 3740/4443  loss=0.1295
    [train] iter 3760/4443  loss=0.0896
    [train] iter 3780/4443  loss=0.0806
    [train] iter 3800/4443  loss=0.0906
    [train] iter 3820/4443  loss=0.1055
    [train] iter 3840/4443  loss=0.1766
    [train] iter 3860/4443  loss=0.1056
    [train] iter 3880/4443  loss=0.1659
    [train] iter 3900/4443  loss=0.1009
    [train] iter 3920/4443  loss=0.1352
    [train] iter 3940/4443  loss=0.1522
    [train] iter 3960/4443  loss=0.1312
    [train] iter 3980/4443  loss=0.1700
    [train] iter 4000/4443  loss=0.1218
    [train] iter 4020/4443  loss=0.1131
    [train] iter 4040/4443  loss=0.2202
    [train] iter 4060/4443  loss=0.1233
    [train] iter 4080/4443  loss=0.1857
    [train] iter 4100/4443  loss=0.0930
    [train] iter 4120/4443  loss=0.1058
    [train] iter 4140/4443  loss=0.0748
    [train] iter 4160/4443  loss=0.1921
    [train] iter 4180/4443  loss=0.2876
    [train] iter 4200/4443  loss=0.1673
    [train] iter 4220/4443  loss=0.0846
    [train] iter 4240/4443  loss=0.1600
    [train] iter 4260/4443  loss=0.0712
    [train] iter 4280/4443  loss=0.1022
    [train] iter 4300/4443  loss=0.2149
    [train] iter 4320/4443  loss=0.1888
    [train] iter 4340/4443  loss=0.1298
    [train] iter 4360/4443  loss=0.0947
    [train] iter 4380/4443  loss=0.0786
    [train] iter 4400/4443  loss=0.1580
    [train] iter 4420/4443  loss=0.0898
    [train] iter 4440/4443  loss=0.1153
  train_loss=0.1329  val_loss=0.1644  val_dice=0.8102

--- Epoch 70/100 (lr=6.57e-05) ---
    [train] iter 20/4443  loss=0.1830
    [train] iter 40/4443  loss=0.1539
    [train] iter 60/4443  loss=0.1965
    [train] iter 80/4443  loss=0.3508
    [train] iter 100/4443  loss=0.1835
    [train] iter 120/4443  loss=0.1821
    [train] iter 140/4443  loss=0.1030
    [train] iter 160/4443  loss=0.0890
    [train] iter 180/4443  loss=0.1051
    [train] iter 200/4443  loss=0.1207
    [train] iter 220/4443  loss=0.1714
    [train] iter 240/4443  loss=0.1267
    [train] iter 260/4443  loss=0.0956
    [train] iter 280/4443  loss=0.1246
    [train] iter 300/4443  loss=0.1196
    [train] iter 320/4443  loss=0.1061
    [train] iter 340/4443  loss=0.1810
    [train] iter 360/4443  loss=0.1716
    [train] iter 380/4443  loss=0.0919
    [train] iter 400/4443  loss=0.0889
    [train] iter 420/4443  loss=0.1187
    [train] iter 440/4443  loss=0.0853
    [train] iter 460/4443  loss=0.1668
    [train] iter 480/4443  loss=0.1222
    [train] iter 500/4443  loss=0.2907
    [train] iter 520/4443  loss=0.1588
    [train] iter 540/4443  loss=0.1349
    [train] iter 560/4443  loss=0.1330
    [train] iter 580/4443  loss=0.1789
    [train] iter 600/4443  loss=0.1363
    [train] iter 620/4443  loss=0.1475
    [train] iter 640/4443  loss=0.1436
    [train] iter 660/4443  loss=0.0861
    [train] iter 680/4443  loss=0.1537
    [train] iter 700/4443  loss=0.1602
    [train] iter 720/4443  loss=0.1843
    [train] iter 740/4443  loss=0.1025
    [train] iter 760/4443  loss=0.1303
    [train] iter 780/4443  loss=0.0734
    [train] iter 800/4443  loss=0.0870
    [train] iter 820/4443  loss=0.1210
    [train] iter 840/4443  loss=0.1349
    [train] iter 860/4443  loss=0.1862
    [train] iter 880/4443  loss=0.1324
    [train] iter 900/4443  loss=0.0877
    [train] iter 920/4443  loss=0.1507
    [train] iter 940/4443  loss=0.1004
    [train] iter 960/4443  loss=0.0821
    [train] iter 980/4443  loss=0.0766
    [train] iter 1000/4443  loss=0.0980
    [train] iter 1020/4443  loss=0.1952
    [train] iter 1040/4443  loss=0.1128
    [train] iter 1060/4443  loss=0.1435
    [train] iter 1080/4443  loss=0.1887
    [train] iter 1100/4443  loss=0.1800
    [train] iter 1120/4443  loss=0.0978
    [train] iter 1140/4443  loss=0.1058
    [train] iter 1160/4443  loss=0.1074
    [train] iter 1180/4443  loss=0.1261
    [train] iter 1200/4443  loss=0.1496
    [train] iter 1220/4443  loss=0.1354
    [train] iter 1240/4443  loss=0.1687
    [train] iter 1260/4443  loss=0.0842
    [train] iter 1280/4443  loss=0.0877
    [train] iter 1300/4443  loss=0.1537
    [train] iter 1320/4443  loss=0.0989
    [train] iter 1340/4443  loss=0.1300
    [train] iter 1360/4443  loss=0.0826
    [train] iter 1380/4443  loss=0.0922
    [train] iter 1400/4443  loss=0.0721
    [train] iter 1420/4443  loss=0.1593
    [train] iter 1440/4443  loss=0.1134
    [train] iter 1460/4443  loss=0.1255
    [train] iter 1480/4443  loss=0.0761
    [train] iter 1500/4443  loss=0.1156
    [train] iter 1520/4443  loss=0.1007
    [train] iter 1540/4443  loss=0.0694
    [train] iter 1560/4443  loss=0.1536
    [train] iter 1580/4443  loss=0.1316
    [train] iter 1600/4443  loss=0.1661
    [train] iter 1620/4443  loss=0.1039
    [train] iter 1640/4443  loss=0.0955
    [train] iter 1660/4443  loss=0.1140
    [train] iter 1680/4443  loss=0.1976
    [train] iter 1700/4443  loss=0.2203
    [train] iter 1720/4443  loss=0.2420
    [train] iter 1740/4443  loss=0.1298
    [train] iter 1760/4443  loss=0.0930
    [train] iter 1780/4443  loss=0.1069
    [train] iter 1800/4443  loss=0.1574
    [train] iter 1820/4443  loss=0.1294
    [train] iter 1840/4443  loss=0.1014
    [train] iter 1860/4443  loss=0.0946
    [train] iter 1880/4443  loss=0.1704
    [train] iter 1900/4443  loss=0.1504
    [train] iter 1920/4443  loss=0.1124
    [train] iter 1940/4443  loss=0.1184
    [train] iter 1960/4443  loss=0.0959
    [train] iter 1980/4443  loss=0.1213
    [train] iter 2000/4443  loss=0.0862
    [train] iter 2020/4443  loss=0.1431
    [train] iter 2040/4443  loss=0.1004
    [train] iter 2060/4443  loss=0.1445
    [train] iter 2080/4443  loss=0.0747
    [train] iter 2100/4443  loss=0.1215
    [train] iter 2120/4443  loss=0.1125
    [train] iter 2140/4443  loss=0.1317
    [train] iter 2160/4443  loss=0.0621
    [train] iter 2180/4443  loss=0.1806
    [train] iter 2200/4443  loss=0.1179
    [train] iter 2220/4443  loss=0.1432
    [train] iter 2240/4443  loss=0.1071
    [train] iter 2260/4443  loss=0.0812
    [train] iter 2280/4443  loss=0.1007
    [train] iter 2300/4443  loss=0.1488
    [train] iter 2320/4443  loss=0.1694
    [train] iter 2340/4443  loss=0.1878
    [train] iter 2360/4443  loss=0.1541
    [train] iter 2380/4443  loss=0.1067
    [train] iter 2400/4443  loss=0.1411
    [train] iter 2420/4443  loss=0.0862
    [train] iter 2440/4443  loss=0.1012
    [train] iter 2460/4443  loss=0.0715
    [train] iter 2480/4443  loss=0.1482
    [train] iter 2500/4443  loss=0.0915
    [train] iter 2520/4443  loss=0.2145
    [train] iter 2540/4443  loss=0.0625
    [train] iter 2560/4443  loss=0.1387
    [train] iter 2580/4443  loss=0.0882
    [train] iter 2600/4443  loss=0.1915
    [train] iter 2620/4443  loss=0.0806
    [train] iter 2640/4443  loss=0.1336
    [train] iter 2660/4443  loss=0.0741
    [train] iter 2680/4443  loss=0.1743
    [train] iter 2700/4443  loss=0.1156
    [train] iter 2720/4443  loss=0.0682
    [train] iter 2740/4443  loss=0.0949
    [train] iter 2760/4443  loss=0.1238
    [train] iter 2780/4443  loss=0.1176
    [train] iter 2800/4443  loss=0.0841
    [train] iter 2820/4443  loss=0.1546
    [train] iter 2840/4443  loss=0.0991
    [train] iter 2860/4443  loss=0.1212
    [train] iter 2880/4443  loss=0.0964
    [train] iter 2900/4443  loss=0.1178
    [train] iter 2920/4443  loss=0.0825
    [train] iter 2940/4443  loss=0.0971
    [train] iter 2960/4443  loss=0.1069
    [train] iter 2980/4443  loss=0.0912
    [train] iter 3000/4443  loss=0.1593
    [train] iter 3020/4443  loss=0.0946
    [train] iter 3040/4443  loss=0.1193
    [train] iter 3060/4443  loss=0.1661
    [train] iter 3080/4443  loss=0.2034
    [train] iter 3100/4443  loss=0.0923
    [train] iter 3120/4443  loss=0.0744
    [train] iter 3140/4443  loss=0.1579
    [train] iter 3160/4443  loss=0.1450
    [train] iter 3180/4443  loss=0.1431
    [train] iter 3200/4443  loss=0.2315
    [train] iter 3220/4443  loss=0.1271
    [train] iter 3240/4443  loss=0.1129
    [train] iter 3260/4443  loss=0.1869
    [train] iter 3280/4443  loss=0.0784
    [train] iter 3300/4443  loss=0.1167
    [train] iter 3320/4443  loss=0.1680
    [train] iter 3340/4443  loss=0.1321
    [train] iter 3360/4443  loss=0.1209
    [train] iter 3380/4443  loss=0.1070
    [train] iter 3400/4443  loss=0.1840
    [train] iter 3420/4443  loss=0.2226
    [train] iter 3440/4443  loss=0.0947
    [train] iter 3460/4443  loss=0.0936
    [train] iter 3480/4443  loss=0.1174
    [train] iter 3500/4443  loss=0.0740
    [train] iter 3520/4443  loss=0.1455
    [train] iter 3540/4443  loss=0.1059
    [train] iter 3560/4443  loss=0.1154
    [train] iter 3580/4443  loss=0.1193
    [train] iter 3600/4443  loss=0.1069
    [train] iter 3620/4443  loss=0.1624
    [train] iter 3640/4443  loss=0.0735
    [train] iter 3660/4443  loss=0.1916
    [train] iter 3680/4443  loss=0.0929
    [train] iter 3700/4443  loss=0.1325
    [train] iter 3720/4443  loss=0.1787
    [train] iter 3740/4443  loss=0.1027
    [train] iter 3760/4443  loss=0.0669
    [train] iter 3780/4443  loss=0.0932
    [train] iter 3800/4443  loss=0.1266
    [train] iter 3820/4443  loss=0.1624
    [train] iter 3840/4443  loss=0.1443
    [train] iter 3860/4443  loss=0.0989
    [train] iter 3880/4443  loss=0.1305
    [train] iter 3900/4443  loss=0.1396
    [train] iter 3920/4443  loss=0.1180
    [train] iter 3940/4443  loss=0.2138
    [train] iter 3960/4443  loss=0.1558
    [train] iter 3980/4443  loss=0.1103
    [train] iter 4000/4443  loss=0.0668
    [train] iter 4020/4443  loss=0.1520
    [train] iter 4040/4443  loss=0.1126
    [train] iter 4060/4443  loss=0.1491
    [train] iter 4080/4443  loss=0.1544
    [train] iter 4100/4443  loss=0.1625
    [train] iter 4120/4443  loss=0.2191
    [train] iter 4140/4443  loss=0.2548
    [train] iter 4160/4443  loss=0.1250
    [train] iter 4180/4443  loss=0.1524
    [train] iter 4200/4443  loss=0.0882
    [train] iter 4220/4443  loss=0.0802
    [train] iter 4240/4443  loss=0.1874
    [train] iter 4260/4443  loss=0.1291
    [train] iter 4280/4443  loss=0.1292
    [train] iter 4300/4443  loss=0.0775
    [train] iter 4320/4443  loss=0.1857
    [train] iter 4340/4443  loss=0.1274
    [train] iter 4360/4443  loss=0.1055
    [train] iter 4380/4443  loss=0.1899
    [train] iter 4400/4443  loss=0.0931
    [train] iter 4420/4443  loss=0.0949
    [train] iter 4440/4443  loss=0.2082
  train_loss=0.1317  val_loss=0.1669  val_dice=0.8078

--- Epoch 71/100 (lr=6.18e-05) ---
    [train] iter 20/4443  loss=0.1987
    [train] iter 40/4443  loss=0.1111
    [train] iter 60/4443  loss=0.1189
    [train] iter 80/4443  loss=0.1492
    [train] iter 100/4443  loss=0.0750
    [train] iter 120/4443  loss=0.1718
    [train] iter 140/4443  loss=0.1197
    [train] iter 160/4443  loss=0.1801
    [train] iter 180/4443  loss=0.1977
    [train] iter 200/4443  loss=0.1203
    [train] iter 220/4443  loss=0.1425
    [train] iter 240/4443  loss=0.1254
    [train] iter 260/4443  loss=0.1088
    [train] iter 280/4443  loss=0.1392
    [train] iter 300/4443  loss=0.1328
    [train] iter 320/4443  loss=0.1698
    [train] iter 340/4443  loss=0.1500
    [train] iter 360/4443  loss=0.1220
    [train] iter 380/4443  loss=0.1081
    [train] iter 400/4443  loss=0.1234
    [train] iter 420/4443  loss=0.1299
    [train] iter 440/4443  loss=0.1048
    [train] iter 460/4443  loss=0.1483
    [train] iter 480/4443  loss=0.2265
    [train] iter 500/4443  loss=0.1468
    [train] iter 520/4443  loss=0.2302
    [train] iter 540/4443  loss=0.1605
    [train] iter 560/4443  loss=0.0994
    [train] iter 580/4443  loss=0.0751
    [train] iter 600/4443  loss=0.0746
    [train] iter 620/4443  loss=0.1408
    [train] iter 640/4443  loss=0.1933
    [train] iter 660/4443  loss=0.1447
    [train] iter 680/4443  loss=0.1348
    [train] iter 700/4443  loss=0.0949
    [train] iter 720/4443  loss=0.1750
    [train] iter 740/4443  loss=0.1134
    [train] iter 760/4443  loss=0.1703
    [train] iter 780/4443  loss=0.1331
    [train] iter 800/4443  loss=0.1580
    [train] iter 820/4443  loss=0.1092
    [train] iter 840/4443  loss=0.0873
    [train] iter 860/4443  loss=0.1255
    [train] iter 880/4443  loss=0.1261
    [train] iter 900/4443  loss=0.0742
    [train] iter 920/4443  loss=0.1062
    [train] iter 940/4443  loss=0.1814
    [train] iter 960/4443  loss=0.1282
    [train] iter 980/4443  loss=0.2000
    [train] iter 1000/4443  loss=0.2061
    [train] iter 1020/4443  loss=0.0686
    [train] iter 1040/4443  loss=0.1236
    [train] iter 1060/4443  loss=0.1383
    [train] iter 1080/4443  loss=0.0932
    [train] iter 1100/4443  loss=0.1003
    [train] iter 1120/4443  loss=0.0925
    [train] iter 1140/4443  loss=0.1359
    [train] iter 1160/4443  loss=0.1256
    [train] iter 1180/4443  loss=0.0899
    [train] iter 1200/4443  loss=0.0900
    [train] iter 1220/4443  loss=0.1738
    [train] iter 1240/4443  loss=0.0924
    [train] iter 1260/4443  loss=0.0852
    [train] iter 1280/4443  loss=0.0810
    [train] iter 1300/4443  loss=0.1681
    [train] iter 1320/4443  loss=0.0936
    [train] iter 1340/4443  loss=0.1651
    [train] iter 1360/4443  loss=0.0927
    [train] iter 1380/4443  loss=0.0910
    [train] iter 1400/4443  loss=0.1082
    [train] iter 1420/4443  loss=0.1060
    [train] iter 1440/4443  loss=0.1388
    [train] iter 1460/4443  loss=0.1248
    [train] iter 1480/4443  loss=0.1308
    [train] iter 1500/4443  loss=0.0822
    [train] iter 1520/4443  loss=0.1435
    [train] iter 1540/4443  loss=0.1344
    [train] iter 1560/4443  loss=0.1325
    [train] iter 1580/4443  loss=0.1221
    [train] iter 1600/4443  loss=0.0723
    [train] iter 1620/4443  loss=0.1654
    [train] iter 1640/4443  loss=0.0746
    [train] iter 1660/4443  loss=0.0651
    [train] iter 1680/4443  loss=0.1157
    [train] iter 1700/4443  loss=0.1193
    [train] iter 1720/4443  loss=0.1221
    [train] iter 1740/4443  loss=0.1517
    [train] iter 1760/4443  loss=0.1956
    [train] iter 1780/4443  loss=0.0839
    [train] iter 1800/4443  loss=0.1440
    [train] iter 1820/4443  loss=0.0893
    [train] iter 1840/4443  loss=0.2046
    [train] iter 1860/4443  loss=0.1368
    [train] iter 1880/4443  loss=0.1501
    [train] iter 1900/4443  loss=0.1955
    [train] iter 1920/4443  loss=0.1050
    [train] iter 1940/4443  loss=0.1688
    [train] iter 1960/4443  loss=0.1178
    [train] iter 1980/4443  loss=0.1371
    [train] iter 2000/4443  loss=0.2011
    [train] iter 2020/4443  loss=0.1335
    [train] iter 2040/4443  loss=0.1784
    [train] iter 2060/4443  loss=0.1707
    [train] iter 2080/4443  loss=0.1583
    [train] iter 2100/4443  loss=0.1352
    [train] iter 2120/4443  loss=0.2600
    [train] iter 2140/4443  loss=0.1442
    [train] iter 2160/4443  loss=0.0669
    [train] iter 2180/4443  loss=0.2376
    [train] iter 2200/4443  loss=0.1037
    [train] iter 2220/4443  loss=0.1790
    [train] iter 2240/4443  loss=0.0886
    [train] iter 2260/4443  loss=0.2185
    [train] iter 2280/4443  loss=0.1236
    [train] iter 2300/4443  loss=0.0995
    [train] iter 2320/4443  loss=0.1453
    [train] iter 2340/4443  loss=0.1658
    [train] iter 2360/4443  loss=0.1387
    [train] iter 2380/4443  loss=0.1074
    [train] iter 2400/4443  loss=0.1403
    [train] iter 2420/4443  loss=0.2131
    [train] iter 2440/4443  loss=0.0948
    [train] iter 2460/4443  loss=0.1057
    [train] iter 2480/4443  loss=0.1470
    [train] iter 2500/4443  loss=0.1004
    [train] iter 2520/4443  loss=0.0661
    [train] iter 2540/4443  loss=0.0887
    [train] iter 2560/4443  loss=0.0918
    [train] iter 2580/4443  loss=0.0635
    [train] iter 2600/4443  loss=0.1508
    [train] iter 2620/4443  loss=0.1411
    [train] iter 2640/4443  loss=0.1227
    [train] iter 2660/4443  loss=0.0735
    [train] iter 2680/4443  loss=0.2684
    [train] iter 2700/4443  loss=0.0854
    [train] iter 2720/4443  loss=0.0892
    [train] iter 2740/4443  loss=0.1723
    [train] iter 2760/4443  loss=0.0870
    [train] iter 2780/4443  loss=0.1621
    [train] iter 2800/4443  loss=0.2011
    [train] iter 2820/4443  loss=0.1507
    [train] iter 2840/4443  loss=0.2251
    [train] iter 2860/4443  loss=0.1473
    [train] iter 2880/4443  loss=0.0998
    [train] iter 2900/4443  loss=0.1281
    [train] iter 2920/4443  loss=0.1222
    [train] iter 2940/4443  loss=0.2099
    [train] iter 2960/4443  loss=0.1344
    [train] iter 2980/4443  loss=0.1372
    [train] iter 3000/4443  loss=0.1309
    [train] iter 3020/4443  loss=0.0903
    [train] iter 3040/4443  loss=0.1629
    [train] iter 3060/4443  loss=0.1800
    [train] iter 3080/4443  loss=0.0954
    [train] iter 3100/4443  loss=0.0820
    [train] iter 3120/4443  loss=0.1159
    [train] iter 3140/4443  loss=0.1345
    [train] iter 3160/4443  loss=0.1324
    [train] iter 3180/4443  loss=0.1044
    [train] iter 3200/4443  loss=0.2221
    [train] iter 3220/4443  loss=0.0958
    [train] iter 3240/4443  loss=0.1440
    [train] iter 3260/4443  loss=0.0730
    [train] iter 3280/4443  loss=0.0902
    [train] iter 3300/4443  loss=0.1110
    [train] iter 3320/4443  loss=0.0635
    [train] iter 3340/4443  loss=0.1185
    [train] iter 3360/4443  loss=0.1051
    [train] iter 3380/4443  loss=0.1164
    [train] iter 3400/4443  loss=0.1114
    [train] iter 3420/4443  loss=0.1462
    [train] iter 3440/4443  loss=0.1242
    [train] iter 3460/4443  loss=0.1115
    [train] iter 3480/4443  loss=0.0947
    [train] iter 3500/4443  loss=0.1147
    [train] iter 3520/4443  loss=0.1395
    [train] iter 3540/4443  loss=0.0955
    [train] iter 3560/4443  loss=0.0901
    [train] iter 3580/4443  loss=0.0558
    [train] iter 3600/4443  loss=0.2478
    [train] iter 3620/4443  loss=0.2062
    [train] iter 3640/4443  loss=0.0884
    [train] iter 3660/4443  loss=0.0973
    [train] iter 3680/4443  loss=0.0902
    [train] iter 3700/4443  loss=0.1795
    [train] iter 3720/4443  loss=0.2757
    [train] iter 3740/4443  loss=0.1735
    [train] iter 3760/4443  loss=0.0750
    [train] iter 3780/4443  loss=0.0777
    [train] iter 3800/4443  loss=0.1018
    [train] iter 3820/4443  loss=0.0793
    [train] iter 3840/4443  loss=0.2307
    [train] iter 3860/4443  loss=0.0770
    [train] iter 3880/4443  loss=0.1024
    [train] iter 3900/4443  loss=0.1275
    [train] iter 3920/4443  loss=0.1380
    [train] iter 3940/4443  loss=0.1347
    [train] iter 3960/4443  loss=0.1474
    [train] iter 3980/4443  loss=0.1039
    [train] iter 4000/4443  loss=0.1778
    [train] iter 4020/4443  loss=0.1356
    [train] iter 4040/4443  loss=0.0978
    [train] iter 4060/4443  loss=0.1018
    [train] iter 4080/4443  loss=0.1421
    [train] iter 4100/4443  loss=0.0811
    [train] iter 4120/4443  loss=0.1038
    [train] iter 4140/4443  loss=0.2215
    [train] iter 4160/4443  loss=0.2394
    [train] iter 4180/4443  loss=0.1337
    [train] iter 4200/4443  loss=0.1038
    [train] iter 4220/4443  loss=0.1012
    [train] iter 4240/4443  loss=0.1808
    [train] iter 4260/4443  loss=0.1068
    [train] iter 4280/4443  loss=0.1247
    [train] iter 4300/4443  loss=0.0945
    [train] iter 4320/4443  loss=0.1290
    [train] iter 4340/4443  loss=0.1024
    [train] iter 4360/4443  loss=0.1215
    [train] iter 4380/4443  loss=0.0766
    [train] iter 4400/4443  loss=0.0906
    [train] iter 4420/4443  loss=0.1242
    [train] iter 4440/4443  loss=0.1557
  train_loss=0.1307  val_loss=0.1680  val_dice=0.8069

--- Epoch 72/100 (lr=5.81e-05) ---
    [train] iter 20/4443  loss=0.1002
    [train] iter 40/4443  loss=0.0903
    [train] iter 60/4443  loss=0.1146
    [train] iter 80/4443  loss=0.1593
    [train] iter 100/4443  loss=0.0943
    [train] iter 120/4443  loss=0.1369
    [train] iter 140/4443  loss=0.0723
    [train] iter 160/4443  loss=0.0802
    [train] iter 180/4443  loss=0.1849
    [train] iter 200/4443  loss=0.1157
    [train] iter 220/4443  loss=0.1847
    [train] iter 240/4443  loss=0.1784
    [train] iter 260/4443  loss=0.1529
    [train] iter 280/4443  loss=0.1123
    [train] iter 300/4443  loss=0.1451
    [train] iter 320/4443  loss=0.1327
    [train] iter 340/4443  loss=0.1108
    [train] iter 360/4443  loss=0.0808
    [train] iter 380/4443  loss=0.0918
    [train] iter 400/4443  loss=0.1126
    [train] iter 420/4443  loss=0.2182
    [train] iter 440/4443  loss=0.0909
    [train] iter 460/4443  loss=0.1889
    [train] iter 480/4443  loss=0.2031
    [train] iter 500/4443  loss=0.0966
    [train] iter 520/4443  loss=0.1149
    [train] iter 540/4443  loss=0.0579
    [train] iter 560/4443  loss=0.1286
    [train] iter 580/4443  loss=0.2257
    [train] iter 600/4443  loss=0.1211
    [train] iter 620/4443  loss=0.1417
    [train] iter 640/4443  loss=0.0996
    [train] iter 660/4443  loss=0.2197
    [train] iter 680/4443  loss=0.1012
    [train] iter 700/4443  loss=0.1233
    [train] iter 720/4443  loss=0.1478
    [train] iter 740/4443  loss=0.0801
    [train] iter 760/4443  loss=0.1529
    [train] iter 780/4443  loss=0.0679
    [train] iter 800/4443  loss=0.0683
    [train] iter 820/4443  loss=0.1117
    [train] iter 840/4443  loss=0.1364
    [train] iter 860/4443  loss=0.1387
    [train] iter 880/4443  loss=0.1445
    [train] iter 900/4443  loss=0.1082
    [train] iter 920/4443  loss=0.1343
    [train] iter 940/4443  loss=0.1423
    [train] iter 960/4443  loss=0.1626
    [train] iter 980/4443  loss=0.1357
    [train] iter 1000/4443  loss=0.1220
    [train] iter 1020/4443  loss=0.0863
    [train] iter 1040/4443  loss=0.1596
    [train] iter 1060/4443  loss=0.0849
    [train] iter 1080/4443  loss=0.1126
    [train] iter 1100/4443  loss=0.1029
    [train] iter 1120/4443  loss=0.1074
    [train] iter 1140/4443  loss=0.1481
    [train] iter 1160/4443  loss=0.2362
    [train] iter 1180/4443  loss=0.1405
    [train] iter 1200/4443  loss=0.1021
    [train] iter 1220/4443  loss=0.0801
    [train] iter 1240/4443  loss=0.1835
    [train] iter 1260/4443  loss=0.2009
    [train] iter 1280/4443  loss=0.1039
    [train] iter 1300/4443  loss=0.1041
    [train] iter 1320/4443  loss=0.1523
    [train] iter 1340/4443  loss=0.1481
    [train] iter 1360/4443  loss=0.1579
    [train] iter 1380/4443  loss=0.1029
    [train] iter 1400/4443  loss=0.0762
    [train] iter 1420/4443  loss=0.1294
    [train] iter 1440/4443  loss=0.3173
    [train] iter 1460/4443  loss=0.1109
    [train] iter 1480/4443  loss=0.1068
    [train] iter 1500/4443  loss=0.1227
    [train] iter 1520/4443  loss=0.1045
    [train] iter 1540/4443  loss=0.1165
    [train] iter 1560/4443  loss=0.1233
    [train] iter 1580/4443  loss=0.1757
    [train] iter 1600/4443  loss=0.1345
    [train] iter 1620/4443  loss=0.2715
    [train] iter 1640/4443  loss=0.2354
    [train] iter 1660/4443  loss=0.1745
    [train] iter 1680/4443  loss=0.3226
    [train] iter 1700/4443  loss=0.1084
    [train] iter 1720/4443  loss=0.2061
    [train] iter 1740/4443  loss=0.2156
    [train] iter 1760/4443  loss=0.0883
    [train] iter 1780/4443  loss=0.1288
    [train] iter 1800/4443  loss=0.1391
    [train] iter 1820/4443  loss=0.0836
    [train] iter 1840/4443  loss=0.1335
    [train] iter 1860/4443  loss=0.0682
    [train] iter 1880/4443  loss=0.1080
    [train] iter 1900/4443  loss=0.1215
    [train] iter 1920/4443  loss=0.0468
    [train] iter 1940/4443  loss=0.1322
    [train] iter 1960/4443  loss=0.1633
    [train] iter 1980/4443  loss=0.1059
    [train] iter 2000/4443  loss=0.1766
    [train] iter 2020/4443  loss=0.2145
    [train] iter 2040/4443  loss=0.1495
    [train] iter 2060/4443  loss=0.1145
    [train] iter 2080/4443  loss=0.1348
    [train] iter 2100/4443  loss=0.0670
    [train] iter 2120/4443  loss=0.1352
    [train] iter 2140/4443  loss=0.1277
    [train] iter 2160/4443  loss=0.1481
    [train] iter 2180/4443  loss=0.1346
    [train] iter 2200/4443  loss=0.1627
    [train] iter 2220/4443  loss=0.2016
    [train] iter 2240/4443  loss=0.1167
    [train] iter 2260/4443  loss=0.1358
    [train] iter 2280/4443  loss=0.1757
    [train] iter 2300/4443  loss=0.0625
    [train] iter 2320/4443  loss=0.1778
    [train] iter 2340/4443  loss=0.0937
    [train] iter 2360/4443  loss=0.1729
    [train] iter 2380/4443  loss=0.1020
    [train] iter 2400/4443  loss=0.1147
    [train] iter 2420/4443  loss=0.1132
    [train] iter 2440/4443  loss=0.0954
    [train] iter 2460/4443  loss=0.0926
    [train] iter 2480/4443  loss=0.1706
    [train] iter 2500/4443  loss=0.0866
    [train] iter 2520/4443  loss=0.0729
    [train] iter 2540/4443  loss=0.0805
    [train] iter 2560/4443  loss=0.1173
    [train] iter 2580/4443  loss=0.1689
    [train] iter 2600/4443  loss=0.1522
    [train] iter 2620/4443  loss=0.1143
    [train] iter 2640/4443  loss=0.0986
    [train] iter 2660/4443  loss=0.1064
    [train] iter 2680/4443  loss=0.0801
    [train] iter 2700/4443  loss=0.2074
    [train] iter 2720/4443  loss=0.1328
    [train] iter 2740/4443  loss=0.0854
    [train] iter 2760/4443  loss=0.1174
    [train] iter 2780/4443  loss=0.1226
    [train] iter 2800/4443  loss=0.1524
    [train] iter 2820/4443  loss=0.0744
    [train] iter 2840/4443  loss=0.1472
    [train] iter 2860/4443  loss=0.1205
    [train] iter 2880/4443  loss=0.1255
    [train] iter 2900/4443  loss=0.1867
    [train] iter 2920/4443  loss=0.1311
    [train] iter 2940/4443  loss=0.1320
    [train] iter 2960/4443  loss=0.0910
    [train] iter 2980/4443  loss=0.1382
    [train] iter 3000/4443  loss=0.1168
    [train] iter 3020/4443  loss=0.1122
    [train] iter 3040/4443  loss=0.1604
    [train] iter 3060/4443  loss=0.0988
    [train] iter 3080/4443  loss=0.0853
    [train] iter 3100/4443  loss=0.1002
    [train] iter 3120/4443  loss=0.0971
    [train] iter 3140/4443  loss=0.0725
    [train] iter 3160/4443  loss=0.1185
    [train] iter 3180/4443  loss=0.1211
    [train] iter 3200/4443  loss=0.1157
    [train] iter 3220/4443  loss=0.0758
    [train] iter 3240/4443  loss=0.1176
    [train] iter 3260/4443  loss=0.1299
    [train] iter 3280/4443  loss=0.1025
    [train] iter 3300/4443  loss=0.1052
    [train] iter 3320/4443  loss=0.2189
    [train] iter 3340/4443  loss=0.1236
    [train] iter 3360/4443  loss=0.1109
    [train] iter 3380/4443  loss=0.1142
    [train] iter 3400/4443  loss=0.1104
    [train] iter 3420/4443  loss=0.1189
    [train] iter 3440/4443  loss=0.1127
    [train] iter 3460/4443  loss=0.0941
    [train] iter 3480/4443  loss=0.1288
    [train] iter 3500/4443  loss=0.1222
    [train] iter 3520/4443  loss=0.1379
    [train] iter 3540/4443  loss=0.1072
    [train] iter 3560/4443  loss=0.1575
    [train] iter 3580/4443  loss=0.1174
    [train] iter 3600/4443  loss=0.0978
    [train] iter 3620/4443  loss=0.0966
    [train] iter 3640/4443  loss=0.1193
    [train] iter 3660/4443  loss=0.1098
    [train] iter 3680/4443  loss=0.0809
    [train] iter 3700/4443  loss=0.1641
    [train] iter 3720/4443  loss=0.1579
    [train] iter 3740/4443  loss=0.1421
    [train] iter 3760/4443  loss=0.1372
    [train] iter 3780/4443  loss=0.0907
    [train] iter 3800/4443  loss=0.1243
    [train] iter 3820/4443  loss=0.1578
    [train] iter 3840/4443  loss=0.1082
    [train] iter 3860/4443  loss=0.1205
    [train] iter 3880/4443  loss=0.2833
    [train] iter 3900/4443  loss=0.1024
    [train] iter 3920/4443  loss=0.1634
    [train] iter 3940/4443  loss=0.1476
    [train] iter 3960/4443  loss=0.1955
    [train] iter 3980/4443  loss=0.2095
    [train] iter 4000/4443  loss=0.1592
    [train] iter 4020/4443  loss=0.0744
    [train] iter 4040/4443  loss=0.1596
    [train] iter 4060/4443  loss=0.1034
    [train] iter 4080/4443  loss=0.1926
    [train] iter 4100/4443  loss=0.1349
    [train] iter 4120/4443  loss=0.0776
    [train] iter 4140/4443  loss=0.1361
    [train] iter 4160/4443  loss=0.0814
    [train] iter 4180/4443  loss=0.1525
    [train] iter 4200/4443  loss=0.2228
    [train] iter 4220/4443  loss=0.1283
    [train] iter 4240/4443  loss=0.1458
    [train] iter 4260/4443  loss=0.0946
    [train] iter 4280/4443  loss=0.1468
    [train] iter 4300/4443  loss=0.1204
    [train] iter 4320/4443  loss=0.0612
    [train] iter 4340/4443  loss=0.0812
    [train] iter 4360/4443  loss=0.0883
    [train] iter 4380/4443  loss=0.1516
    [train] iter 4400/4443  loss=0.2408
    [train] iter 4420/4443  loss=0.1044
    [train] iter 4440/4443  loss=0.1526
  train_loss=0.1301  val_loss=0.1661  val_dice=0.8091

--- Epoch 73/100 (lr=5.44e-05) ---
    [train] iter 20/4443  loss=0.1054
    [train] iter 40/4443  loss=0.1041
    [train] iter 60/4443  loss=0.1363
    [train] iter 80/4443  loss=0.1013
    [train] iter 100/4443  loss=0.0599
    [train] iter 120/4443  loss=0.1234
    [train] iter 140/4443  loss=0.1098
    [train] iter 160/4443  loss=0.1089
    [train] iter 180/4443  loss=0.1024
    [train] iter 200/4443  loss=0.1312
    [train] iter 220/4443  loss=0.2183
    [train] iter 240/4443  loss=0.1357
    [train] iter 260/4443  loss=0.1228
    [train] iter 280/4443  loss=0.1335
    [train] iter 300/4443  loss=0.1485
    [train] iter 320/4443  loss=0.1467
    [train] iter 340/4443  loss=0.0981
    [train] iter 360/4443  loss=0.1399
    [train] iter 380/4443  loss=0.1017
    [train] iter 400/4443  loss=0.1091
    [train] iter 420/4443  loss=0.2419
    [train] iter 440/4443  loss=0.1180
    [train] iter 460/4443  loss=0.1512
    [train] iter 480/4443  loss=0.0908
    [train] iter 500/4443  loss=0.1113
    [train] iter 520/4443  loss=0.0633
    [train] iter 540/4443  loss=0.1547
    [train] iter 560/4443  loss=0.1256
    [train] iter 580/4443  loss=0.0938
    [train] iter 600/4443  loss=0.1044
    [train] iter 620/4443  loss=0.0902
    [train] iter 640/4443  loss=0.1242
    [train] iter 660/4443  loss=0.0738
    [train] iter 680/4443  loss=0.0843
    [train] iter 700/4443  loss=0.1848
    [train] iter 720/4443  loss=0.1311
    [train] iter 740/4443  loss=0.0900
    [train] iter 760/4443  loss=0.1004
    [train] iter 780/4443  loss=0.2339
    [train] iter 800/4443  loss=0.0858
    [train] iter 820/4443  loss=0.1705
    [train] iter 840/4443  loss=0.2288
    [train] iter 860/4443  loss=0.1660
    [train] iter 880/4443  loss=0.0787
    [train] iter 900/4443  loss=0.1589
    [train] iter 920/4443  loss=0.1124
    [train] iter 940/4443  loss=0.1710
    [train] iter 960/4443  loss=0.1075
    [train] iter 980/4443  loss=0.1419
    [train] iter 1000/4443  loss=0.1417
    [train] iter 1020/4443  loss=0.1248
    [train] iter 1040/4443  loss=0.1357
    [train] iter 1060/4443  loss=0.0727
    [train] iter 1080/4443  loss=0.1038
    [train] iter 1100/4443  loss=0.0747
    [train] iter 1120/4443  loss=0.0883
    [train] iter 1140/4443  loss=0.1240
    [train] iter 1160/4443  loss=0.2272
    [train] iter 1180/4443  loss=0.1386
    [train] iter 1200/4443  loss=0.0901
    [train] iter 1220/4443  loss=0.1396
    [train] iter 1240/4443  loss=0.0763
    [train] iter 1260/4443  loss=0.0620
    [train] iter 1280/4443  loss=0.2130
    [train] iter 1300/4443  loss=0.0965
    [train] iter 1320/4443  loss=0.1707
    [train] iter 1340/4443  loss=0.1421
    [train] iter 1360/4443  loss=0.0986
    [train] iter 1380/4443  loss=0.1366
    [train] iter 1400/4443  loss=0.1224
    [train] iter 1420/4443  loss=0.0961
    [train] iter 1440/4443  loss=0.1130
    [train] iter 1460/4443  loss=0.1018
    [train] iter 1480/4443  loss=0.0826
    [train] iter 1500/4443  loss=0.1714
    [train] iter 1520/4443  loss=0.1699
    [train] iter 1540/4443  loss=0.1493
    [train] iter 1560/4443  loss=0.3148
    [train] iter 1580/4443  loss=0.0986
    [train] iter 1600/4443  loss=0.0790
    [train] iter 1620/4443  loss=0.1256
    [train] iter 1640/4443  loss=0.0747
    [train] iter 1660/4443  loss=0.0759
    [train] iter 1680/4443  loss=0.1710
    [train] iter 1700/4443  loss=0.1052
    [train] iter 1720/4443  loss=0.0962
    [train] iter 1740/4443  loss=0.0938
    [train] iter 1760/4443  loss=0.0730
    [train] iter 1780/4443  loss=0.1784
    [train] iter 1800/4443  loss=0.1202
    [train] iter 1820/4443  loss=0.0782
    [train] iter 1840/4443  loss=0.2094
    [train] iter 1860/4443  loss=0.1641
    [train] iter 1880/4443  loss=0.0707
    [train] iter 1900/4443  loss=0.1151
    [train] iter 1920/4443  loss=0.1111
    [train] iter 1940/4443  loss=0.1004
    [train] iter 1960/4443  loss=0.2225
    [train] iter 1980/4443  loss=0.1385
    [train] iter 2000/4443  loss=0.1564
    [train] iter 2020/4443  loss=0.1526
    [train] iter 2040/4443  loss=0.0577
    [train] iter 2060/4443  loss=0.2376
    [train] iter 2080/4443  loss=0.1035
    [train] iter 2100/4443  loss=0.1092
    [train] iter 2120/4443  loss=0.1262
    [train] iter 2140/4443  loss=0.0775
    [train] iter 2160/4443  loss=0.0996
    [train] iter 2180/4443  loss=0.2010
    [train] iter 2200/4443  loss=0.1575
    [train] iter 2220/4443  loss=0.1142
    [train] iter 2240/4443  loss=0.1177
    [train] iter 2260/4443  loss=0.1393
    [train] iter 2280/4443  loss=0.0795
    [train] iter 2300/4443  loss=0.1045
    [train] iter 2320/4443  loss=0.1831
    [train] iter 2340/4443  loss=0.1248
    [train] iter 2360/4443  loss=0.1414
    [train] iter 2380/4443  loss=0.1171
    [train] iter 2400/4443  loss=0.1236
    [train] iter 2420/4443  loss=0.2008
    [train] iter 2440/4443  loss=0.1472
    [train] iter 2460/4443  loss=0.1079
    [train] iter 2480/4443  loss=0.1489
    [train] iter 2500/4443  loss=0.0849
    [train] iter 2520/4443  loss=0.1318
    [train] iter 2540/4443  loss=0.0913
    [train] iter 2560/4443  loss=0.1338
    [train] iter 2580/4443  loss=0.1724
    [train] iter 2600/4443  loss=0.1507
    [train] iter 2620/4443  loss=0.1560
    [train] iter 2640/4443  loss=0.1215
    [train] iter 2660/4443  loss=0.1331
    [train] iter 2680/4443  loss=0.1025
    [train] iter 2700/4443  loss=0.1143
    [train] iter 2720/4443  loss=0.1617
    [train] iter 2740/4443  loss=0.1189
    [train] iter 2760/4443  loss=0.1286
    [train] iter 2780/4443  loss=0.0899
    [train] iter 2800/4443  loss=0.1234
    [train] iter 2820/4443  loss=0.1341
    [train] iter 2840/4443  loss=0.1444
    [train] iter 2860/4443  loss=0.0702
    [train] iter 2880/4443  loss=0.0936
    [train] iter 2900/4443  loss=0.1152
    [train] iter 2920/4443  loss=0.1171
    [train] iter 2940/4443  loss=0.1442
    [train] iter 2960/4443  loss=0.0708
    [train] iter 2980/4443  loss=0.1285
    [train] iter 3000/4443  loss=0.1549
    [train] iter 3020/4443  loss=0.3048
    [train] iter 3040/4443  loss=0.1546
    [train] iter 3060/4443  loss=0.1466
    [train] iter 3080/4443  loss=0.1487
    [train] iter 3100/4443  loss=0.1150
    [train] iter 3120/4443  loss=0.1988
    [train] iter 3140/4443  loss=0.0711
    [train] iter 3160/4443  loss=0.1427
    [train] iter 3180/4443  loss=0.1548
    [train] iter 3200/4443  loss=0.1577
    [train] iter 3220/4443  loss=0.0887
    [train] iter 3240/4443  loss=0.1019
    [train] iter 3260/4443  loss=0.1411
    [train] iter 3280/4443  loss=0.0976
    [train] iter 3300/4443  loss=0.1324
    [train] iter 3320/4443  loss=0.1415
    [train] iter 3340/4443  loss=0.1134
    [train] iter 3360/4443  loss=0.2230
    [train] iter 3380/4443  loss=0.3087
    [train] iter 3400/4443  loss=0.1177
    [train] iter 3420/4443  loss=0.1431
    [train] iter 3440/4443  loss=0.1700
    [train] iter 3460/4443  loss=0.1456
    [train] iter 3480/4443  loss=0.0964
    [train] iter 3500/4443  loss=0.1637
    [train] iter 3520/4443  loss=0.1561
    [train] iter 3540/4443  loss=0.1333
    [train] iter 3560/4443  loss=0.1008
    [train] iter 3580/4443  loss=0.2129
    [train] iter 3600/4443  loss=0.0815
    [train] iter 3620/4443  loss=0.0989
    [train] iter 3640/4443  loss=0.0944
    [train] iter 3660/4443  loss=0.0997
    [train] iter 3680/4443  loss=0.1340
    [train] iter 3700/4443  loss=0.0707
    [train] iter 3720/4443  loss=0.0817
    [train] iter 3740/4443  loss=0.1276
    [train] iter 3760/4443  loss=0.1041
    [train] iter 3780/4443  loss=0.0783
    [train] iter 3800/4443  loss=0.1178
    [train] iter 3820/4443  loss=0.0944
    [train] iter 3840/4443  loss=0.0861
    [train] iter 3860/4443  loss=0.1256
    [train] iter 3880/4443  loss=0.1228
    [train] iter 3900/4443  loss=0.0885
    [train] iter 3920/4443  loss=0.1121
    [train] iter 3940/4443  loss=0.1185
    [train] iter 3960/4443  loss=0.0762
    [train] iter 3980/4443  loss=0.1330
    [train] iter 4000/4443  loss=0.0994
    [train] iter 4020/4443  loss=0.0938
    [train] iter 4040/4443  loss=0.1927
    [train] iter 4060/4443  loss=0.1216
    [train] iter 4080/4443  loss=0.1033
    [train] iter 4100/4443  loss=0.1401
    [train] iter 4120/4443  loss=0.0515
    [train] iter 4140/4443  loss=0.3065
    [train] iter 4160/4443  loss=0.1115
    [train] iter 4180/4443  loss=0.1295
    [train] iter 4200/4443  loss=0.2664
    [train] iter 4220/4443  loss=0.0787
    [train] iter 4240/4443  loss=0.1469
    [train] iter 4260/4443  loss=0.1320
    [train] iter 4280/4443  loss=0.1262
    [train] iter 4300/4443  loss=0.1303
    [train] iter 4320/4443  loss=0.1321
    [train] iter 4340/4443  loss=0.1101
    [train] iter 4360/4443  loss=0.1557
    [train] iter 4380/4443  loss=0.0628
    [train] iter 4400/4443  loss=0.1507
    [train] iter 4420/4443  loss=0.2042
    [train] iter 4440/4443  loss=0.0969
  train_loss=0.1294  val_loss=0.1660  val_dice=0.8091

--- Epoch 74/100 (lr=5.08e-05) ---
    [train] iter 20/4443  loss=0.1032
    [train] iter 40/4443  loss=0.0834
    [train] iter 60/4443  loss=0.1453
    [train] iter 80/4443  loss=0.1126
    [train] iter 100/4443  loss=0.1343
    [train] iter 120/4443  loss=0.1212
    [train] iter 140/4443  loss=0.1178
    [train] iter 160/4443  loss=0.0594
    [train] iter 180/4443  loss=0.1357
    [train] iter 200/4443  loss=0.1750
    [train] iter 220/4443  loss=0.1204
    [train] iter 240/4443  loss=0.2708
    [train] iter 260/4443  loss=0.1509
    [train] iter 280/4443  loss=0.1116
    [train] iter 300/4443  loss=0.1079
    [train] iter 320/4443  loss=0.1292
    [train] iter 340/4443  loss=0.1942
    [train] iter 360/4443  loss=0.1947
    [train] iter 380/4443  loss=0.1218
    [train] iter 400/4443  loss=0.1443
    [train] iter 420/4443  loss=0.0726
    [train] iter 440/4443  loss=0.1302
    [train] iter 460/4443  loss=0.0967
    [train] iter 480/4443  loss=0.0875
    [train] iter 500/4443  loss=0.0902
    [train] iter 520/4443  loss=0.0975
    [train] iter 540/4443  loss=0.1511
    [train] iter 560/4443  loss=0.1296
    [train] iter 580/4443  loss=0.1745
    [train] iter 600/4443  loss=0.0584
    [train] iter 620/4443  loss=0.1387
    [train] iter 640/4443  loss=0.1358
    [train] iter 660/4443  loss=0.1466
    [train] iter 680/4443  loss=0.1325
    [train] iter 700/4443  loss=0.1194
    [train] iter 720/4443  loss=0.1720
    [train] iter 740/4443  loss=0.1060
    [train] iter 760/4443  loss=0.1623
    [train] iter 780/4443  loss=0.1590
    [train] iter 800/4443  loss=0.0990
    [train] iter 820/4443  loss=0.1222
    [train] iter 840/4443  loss=0.1003
    [train] iter 860/4443  loss=0.1094
    [train] iter 880/4443  loss=0.1093
    [train] iter 900/4443  loss=0.0874
    [train] iter 920/4443  loss=0.0909
    [train] iter 940/4443  loss=0.1227
    [train] iter 960/4443  loss=0.2045
    [train] iter 980/4443  loss=0.1705
    [train] iter 1000/4443  loss=0.1580
    [train] iter 1020/4443  loss=0.1203
    [train] iter 1040/4443  loss=0.0862
    [train] iter 1060/4443  loss=0.1854
    [train] iter 1080/4443  loss=0.1365
    [train] iter 1100/4443  loss=0.1049
    [train] iter 1120/4443  loss=0.1473
    [train] iter 1140/4443  loss=0.1515
    [train] iter 1160/4443  loss=0.0794
    [train] iter 1180/4443  loss=0.0861
    [train] iter 1200/4443  loss=0.0942
    [train] iter 1220/4443  loss=0.0774
    [train] iter 1240/4443  loss=0.1511
    [train] iter 1260/4443  loss=0.1475
    [train] iter 1280/4443  loss=0.0730
    [train] iter 1300/4443  loss=0.1295
    [train] iter 1320/4443  loss=0.0855
    [train] iter 1340/4443  loss=0.0707
    [train] iter 1360/4443  loss=0.1407
    [train] iter 1380/4443  loss=0.2056
    [train] iter 1400/4443  loss=0.1499
    [train] iter 1420/4443  loss=0.1047
    [train] iter 1440/4443  loss=0.0687
    [train] iter 1460/4443  loss=0.0935
    [train] iter 1480/4443  loss=0.1232
    [train] iter 1500/4443  loss=0.1395
    [train] iter 1520/4443  loss=0.0896
    [train] iter 1540/4443  loss=0.1259
    [train] iter 1560/4443  loss=0.1411
    [train] iter 1580/4443  loss=0.1367
    [train] iter 1600/4443  loss=0.1847
    [train] iter 1620/4443  loss=0.1665
    [train] iter 1640/4443  loss=0.0777
    [train] iter 1660/4443  loss=0.1026
    [train] iter 1680/4443  loss=0.1035
    [train] iter 1700/4443  loss=0.0662
    [train] iter 1720/4443  loss=0.0990
    [train] iter 1740/4443  loss=0.1259
    [train] iter 1760/4443  loss=0.1445
    [train] iter 1780/4443  loss=0.1781
    [train] iter 1800/4443  loss=0.1059
    [train] iter 1820/4443  loss=0.0735
    [train] iter 1840/4443  loss=0.1066
    [train] iter 1860/4443  loss=0.0816
    [train] iter 1880/4443  loss=0.1142
    [train] iter 1900/4443  loss=0.0949
    [train] iter 1920/4443  loss=0.1175
    [train] iter 1940/4443  loss=0.0996
    [train] iter 1960/4443  loss=0.1889
    [train] iter 1980/4443  loss=0.1481
    [train] iter 2000/4443  loss=0.1351
    [train] iter 2020/4443  loss=0.0717
    [train] iter 2040/4443  loss=0.1645
    [train] iter 2060/4443  loss=0.0677
    [train] iter 2080/4443  loss=0.1161
    [train] iter 2100/4443  loss=0.0811
    [train] iter 2120/4443  loss=0.1222
    [train] iter 2140/4443  loss=0.1325
    [train] iter 2160/4443  loss=0.1537
    [train] iter 2180/4443  loss=0.1005
    [train] iter 2200/4443  loss=0.1166
    [train] iter 2220/4443  loss=0.1046
    [train] iter 2240/4443  loss=0.0814
    [train] iter 2260/4443  loss=0.0814
    [train] iter 2280/4443  loss=0.1563
    [train] iter 2300/4443  loss=0.1629
    [train] iter 2320/4443  loss=0.1152
    [train] iter 2340/4443  loss=0.1702
    [train] iter 2360/4443  loss=0.1516
    [train] iter 2380/4443  loss=0.1473
    [train] iter 2400/4443  loss=0.0728
    [train] iter 2420/4443  loss=0.1214
    [train] iter 2440/4443  loss=0.2212
    [train] iter 2460/4443  loss=0.1662
    [train] iter 2480/4443  loss=0.1021
    [train] iter 2500/4443  loss=0.1335
    [train] iter 2520/4443  loss=0.1486
    [train] iter 2540/4443  loss=0.0976
    [train] iter 2560/4443  loss=0.2262
    [train] iter 2580/4443  loss=0.1097
    [train] iter 2600/4443  loss=0.1077
    [train] iter 2620/4443  loss=0.1255
    [train] iter 2640/4443  loss=0.1803
    [train] iter 2660/4443  loss=0.1254
    [train] iter 2680/4443  loss=0.0615
    [train] iter 2700/4443  loss=0.0842
    [train] iter 2720/4443  loss=0.1759
    [train] iter 2740/4443  loss=0.1992
    [train] iter 2760/4443  loss=0.1204
    [train] iter 2780/4443  loss=0.1099
    [train] iter 2800/4443  loss=0.0820
    [train] iter 2820/4443  loss=0.1514
    [train] iter 2840/4443  loss=0.1234
    [train] iter 2860/4443  loss=0.2422
    [train] iter 2880/4443  loss=0.1548
    [train] iter 2900/4443  loss=0.1202
    [train] iter 2920/4443  loss=0.1014
    [train] iter 2940/4443  loss=0.2750
    [train] iter 2960/4443  loss=0.1263
    [train] iter 2980/4443  loss=0.0960
    [train] iter 3000/4443  loss=0.1675
    [train] iter 3020/4443  loss=0.1286
    [train] iter 3040/4443  loss=0.1082
    [train] iter 3060/4443  loss=0.1114
    [train] iter 3080/4443  loss=0.0740
    [train] iter 3100/4443  loss=0.1372
    [train] iter 3120/4443  loss=0.1882
    [train] iter 3140/4443  loss=0.1784
    [train] iter 3160/4443  loss=0.1526
    [train] iter 3180/4443  loss=0.1832
    [train] iter 3200/4443  loss=0.2370
    [train] iter 3220/4443  loss=0.0784
    [train] iter 3240/4443  loss=0.0845
    [train] iter 3260/4443  loss=0.1529
    [train] iter 3280/4443  loss=0.1039
    [train] iter 3300/4443  loss=0.0976
    [train] iter 3320/4443  loss=0.1374
    [train] iter 3340/4443  loss=0.1200
    [train] iter 3360/4443  loss=0.1970
    [train] iter 3380/4443  loss=0.1662
    [train] iter 3400/4443  loss=0.1132
    [train] iter 3420/4443  loss=0.0938
    [train] iter 3440/4443  loss=0.1202
    [train] iter 3460/4443  loss=0.1492
    [train] iter 3480/4443  loss=0.2616
    [train] iter 3500/4443  loss=0.1701
    [train] iter 3520/4443  loss=0.0975
    [train] iter 3540/4443  loss=0.1113
    [train] iter 3560/4443  loss=0.1727
    [train] iter 3580/4443  loss=0.1173
    [train] iter 3600/4443  loss=0.0904
    [train] iter 3620/4443  loss=0.1902
    [train] iter 3640/4443  loss=0.1139
    [train] iter 3660/4443  loss=0.1689
    [train] iter 3680/4443  loss=0.1263
    [train] iter 3700/4443  loss=0.1184
    [train] iter 3720/4443  loss=0.1287
    [train] iter 3740/4443  loss=0.1729
    [train] iter 3760/4443  loss=0.1118
    [train] iter 3780/4443  loss=0.0623
    [train] iter 3800/4443  loss=0.1312
    [train] iter 3820/4443  loss=0.1522
    [train] iter 3840/4443  loss=0.1318
    [train] iter 3860/4443  loss=0.1201
    [train] iter 3880/4443  loss=0.1067
    [train] iter 3900/4443  loss=0.1515
    [train] iter 3920/4443  loss=0.0712
    [train] iter 3940/4443  loss=0.1375
    [train] iter 3960/4443  loss=0.1259
    [train] iter 3980/4443  loss=0.0817
    [train] iter 4000/4443  loss=0.1433
    [train] iter 4020/4443  loss=0.1486
    [train] iter 4040/4443  loss=0.0896
    [train] iter 4060/4443  loss=0.1217
    [train] iter 4080/4443  loss=0.1628
    [train] iter 4100/4443  loss=0.1488
    [train] iter 4120/4443  loss=0.0844
    [train] iter 4140/4443  loss=0.1345
    [train] iter 4160/4443  loss=0.1311
    [train] iter 4180/4443  loss=0.1634
    [train] iter 4200/4443  loss=0.1635
    [train] iter 4220/4443  loss=0.1724
    [train] iter 4240/4443  loss=0.1171
    [train] iter 4260/4443  loss=0.0996
    [train] iter 4280/4443  loss=0.1364
    [train] iter 4300/4443  loss=0.0824
    [train] iter 4320/4443  loss=0.1072
    [train] iter 4340/4443  loss=0.0788
    [train] iter 4360/4443  loss=0.1230
    [train] iter 4380/4443  loss=0.1205
    [train] iter 4400/4443  loss=0.1781
    [train] iter 4420/4443  loss=0.1985
    [train] iter 4440/4443  loss=0.1150
  train_loss=0.1293  val_loss=0.1669  val_dice=0.8078

--- Epoch 75/100 (lr=4.73e-05) ---
    [train] iter 20/4443  loss=0.0923
    [train] iter 40/4443  loss=0.1402
    [train] iter 60/4443  loss=0.1764
    [train] iter 80/4443  loss=0.1009
    [train] iter 100/4443  loss=0.1042
    [train] iter 120/4443  loss=0.1007
    [train] iter 140/4443  loss=0.1024
    [train] iter 160/4443  loss=0.2227
    [train] iter 180/4443  loss=0.1224
    [train] iter 200/4443  loss=0.1457
    [train] iter 220/4443  loss=0.0780
    [train] iter 240/4443  loss=0.1544
    [train] iter 260/4443  loss=0.1097
    [train] iter 280/4443  loss=0.1292
    [train] iter 300/4443  loss=0.1486
    [train] iter 320/4443  loss=0.1467
    [train] iter 340/4443  loss=0.0957
    [train] iter 360/4443  loss=0.1572
    [train] iter 380/4443  loss=0.1059
    [train] iter 400/4443  loss=0.1260
    [train] iter 420/4443  loss=0.0656
    [train] iter 440/4443  loss=0.1471
    [train] iter 460/4443  loss=0.0751
    [train] iter 480/4443  loss=0.1361
    [train] iter 500/4443  loss=0.1724
    [train] iter 520/4443  loss=0.1630
    [train] iter 540/4443  loss=0.1565
    [train] iter 560/4443  loss=0.0878
    [train] iter 580/4443  loss=0.0909
    [train] iter 600/4443  loss=0.0700
    [train] iter 620/4443  loss=0.0820
    [train] iter 640/4443  loss=0.1131
    [train] iter 660/4443  loss=0.1305
    [train] iter 680/4443  loss=0.0901
    [train] iter 700/4443  loss=0.0926
    [train] iter 720/4443  loss=0.0966
    [train] iter 740/4443  loss=0.1657
    [train] iter 760/4443  loss=0.1761
    [train] iter 780/4443  loss=0.2148
    [train] iter 800/4443  loss=0.2099
    [train] iter 820/4443  loss=0.0939
    [train] iter 840/4443  loss=0.1352
    [train] iter 860/4443  loss=0.0919
    [train] iter 880/4443  loss=0.1464
    [train] iter 900/4443  loss=0.1676
    [train] iter 920/4443  loss=0.1060
    [train] iter 940/4443  loss=0.1128
    [train] iter 960/4443  loss=0.1109
    [train] iter 980/4443  loss=0.0965
    [train] iter 1000/4443  loss=0.1049
    [train] iter 1020/4443  loss=0.0974
    [train] iter 1040/4443  loss=0.0908
    [train] iter 1060/4443  loss=0.0957
    [train] iter 1080/4443  loss=0.1390
    [train] iter 1100/4443  loss=0.0649
    [train] iter 1120/4443  loss=0.1149
    [train] iter 1140/4443  loss=0.1500
    [train] iter 1160/4443  loss=0.1794
    [train] iter 1180/4443  loss=0.0933
    [train] iter 1200/4443  loss=0.1107
    [train] iter 1220/4443  loss=0.2009
    [train] iter 1240/4443  loss=0.1144
    [train] iter 1260/4443  loss=0.1952
    [train] iter 1280/4443  loss=0.1264
    [train] iter 1300/4443  loss=0.1349
    [train] iter 1320/4443  loss=0.1746
    [train] iter 1340/4443  loss=0.1652
    [train] iter 1360/4443  loss=0.0741
    [train] iter 1380/4443  loss=0.1213
    [train] iter 1400/4443  loss=0.0757
    [train] iter 1420/4443  loss=0.1358
    [train] iter 1440/4443  loss=0.1191
    [train] iter 1460/4443  loss=0.2235
    [train] iter 1480/4443  loss=0.1070
    [train] iter 1500/4443  loss=0.1109
    [train] iter 1520/4443  loss=0.1331
    [train] iter 1540/4443  loss=0.2321
    [train] iter 1560/4443  loss=0.1561
    [train] iter 1580/4443  loss=0.1662
    [train] iter 1600/4443  loss=0.1007
    [train] iter 1620/4443  loss=0.1271
    [train] iter 1640/4443  loss=0.1983
    [train] iter 1660/4443  loss=0.1467
    [train] iter 1680/4443  loss=0.0860
    [train] iter 1700/4443  loss=0.0659
    [train] iter 1720/4443  loss=0.1835
    [train] iter 1740/4443  loss=0.0627
    [train] iter 1760/4443  loss=0.1245
    [train] iter 1780/4443  loss=0.1565
    [train] iter 1800/4443  loss=0.0724
    [train] iter 1820/4443  loss=0.1082
    [train] iter 1840/4443  loss=0.0667
    [train] iter 1860/4443  loss=0.1169
    [train] iter 1880/4443  loss=0.1510
    [train] iter 1900/4443  loss=0.1376
    [train] iter 1920/4443  loss=0.1538
    [train] iter 1940/4443  loss=0.0728
    [train] iter 1960/4443  loss=0.0753
    [train] iter 1980/4443  loss=0.1279
    [train] iter 2000/4443  loss=0.2113
    [train] iter 2020/4443  loss=0.0694
    [train] iter 2040/4443  loss=0.0731
    [train] iter 2060/4443  loss=0.0886
    [train] iter 2080/4443  loss=0.0908
    [train] iter 2100/4443  loss=0.0900
    [train] iter 2120/4443  loss=0.1154
    [train] iter 2140/4443  loss=0.0975
    [train] iter 2160/4443  loss=0.1908
    [train] iter 2180/4443  loss=0.0761
    [train] iter 2200/4443  loss=0.1516
    [train] iter 2220/4443  loss=0.0929
    [train] iter 2240/4443  loss=0.1546
    [train] iter 2260/4443  loss=0.1175
    [train] iter 2280/4443  loss=0.2009
    [train] iter 2300/4443  loss=0.0794
    [train] iter 2320/4443  loss=0.1070
    [train] iter 2340/4443  loss=0.2287
    [train] iter 2360/4443  loss=0.1346
    [train] iter 2380/4443  loss=0.0875
    [train] iter 2400/4443  loss=0.0855
    [train] iter 2420/4443  loss=0.2083
    [train] iter 2440/4443  loss=0.1717
    [train] iter 2460/4443  loss=0.1816
    [train] iter 2480/4443  loss=0.1622
    [train] iter 2500/4443  loss=0.1084
    [train] iter 2520/4443  loss=0.1645
    [train] iter 2540/4443  loss=0.1670
    [train] iter 2560/4443  loss=0.1698
    [train] iter 2580/4443  loss=0.1294
    [train] iter 2600/4443  loss=0.0896
    [train] iter 2620/4443  loss=0.1205
    [train] iter 2640/4443  loss=0.1190
    [train] iter 2660/4443  loss=0.0892
    [train] iter 2680/4443  loss=0.0845
    [train] iter 2700/4443  loss=0.0884
    [train] iter 2720/4443  loss=0.0996
    [train] iter 2740/4443  loss=0.0724
    [train] iter 2760/4443  loss=0.0915
    [train] iter 2780/4443  loss=0.1848
    [train] iter 2800/4443  loss=0.0862
    [train] iter 2820/4443  loss=0.0869
    [train] iter 2840/4443  loss=0.1040
    [train] iter 2860/4443  loss=0.1099
    [train] iter 2880/4443  loss=0.0718
    [train] iter 2900/4443  loss=0.1090
    [train] iter 2920/4443  loss=0.1078
    [train] iter 2940/4443  loss=0.1575
    [train] iter 2960/4443  loss=0.1290
    [train] iter 2980/4443  loss=0.0703
    [train] iter 3000/4443  loss=0.1120
    [train] iter 3020/4443  loss=0.0807
    [train] iter 3040/4443  loss=0.1318
    [train] iter 3060/4443  loss=0.1624
    [train] iter 3080/4443  loss=0.0956
    [train] iter 3100/4443  loss=0.1360
    [train] iter 3120/4443  loss=0.1074
    [train] iter 3140/4443  loss=0.1092
    [train] iter 3160/4443  loss=0.1239
    [train] iter 3180/4443  loss=0.1320
    [train] iter 3200/4443  loss=0.0938
    [train] iter 3220/4443  loss=0.1028
    [train] iter 3240/4443  loss=0.1292
    [train] iter 3260/4443  loss=0.0844
    [train] iter 3280/4443  loss=0.0967
    [train] iter 3300/4443  loss=0.0980
    [train] iter 3320/4443  loss=0.1318
    [train] iter 3340/4443  loss=0.0878
    [train] iter 3360/4443  loss=0.1922
    [train] iter 3380/4443  loss=0.0981
    [train] iter 3400/4443  loss=0.0935
    [train] iter 3420/4443  loss=0.1216
    [train] iter 3440/4443  loss=0.1475
    [train] iter 3460/4443  loss=0.0974
    [train] iter 3480/4443  loss=0.1284
    [train] iter 3500/4443  loss=0.1155
    [train] iter 3520/4443  loss=0.1716
    [train] iter 3540/4443  loss=0.1220
    [train] iter 3560/4443  loss=0.1063
    [train] iter 3580/4443  loss=0.1348
    [train] iter 3600/4443  loss=0.1297
    [train] iter 3620/4443  loss=0.1301
    [train] iter 3640/4443  loss=0.1054
    [train] iter 3660/4443  loss=0.1285
    [train] iter 3680/4443  loss=0.1068
    [train] iter 3700/4443  loss=0.0725
    [train] iter 3720/4443  loss=0.0986
    [train] iter 3740/4443  loss=0.1031
    [train] iter 3760/4443  loss=0.1686
    [train] iter 3780/4443  loss=0.1139
    [train] iter 3800/4443  loss=0.1689
    [train] iter 3820/4443  loss=0.0886
    [train] iter 3840/4443  loss=0.1230
    [train] iter 3860/4443  loss=0.1411
    [train] iter 3880/4443  loss=0.1842
    [train] iter 3900/4443  loss=0.1140
    [train] iter 3920/4443  loss=0.1451
    [train] iter 3940/4443  loss=0.1430
    [train] iter 3960/4443  loss=0.0967
    [train] iter 3980/4443  loss=0.1206
    [train] iter 4000/4443  loss=0.1278
    [train] iter 4020/4443  loss=0.1235
    [train] iter 4040/4443  loss=0.1031
    [train] iter 4060/4443  loss=0.1071
    [train] iter 4080/4443  loss=0.1010
    [train] iter 4100/4443  loss=0.0624
    [train] iter 4120/4443  loss=0.1203
    [train] iter 4140/4443  loss=0.0804
    [train] iter 4160/4443  loss=0.1425
    [train] iter 4180/4443  loss=0.1611
    [train] iter 4200/4443  loss=0.1890
    [train] iter 4220/4443  loss=0.1031
    [train] iter 4240/4443  loss=0.1664
    [train] iter 4260/4443  loss=0.2019
    [train] iter 4280/4443  loss=0.1411
    [train] iter 4300/4443  loss=0.1092
    [train] iter 4320/4443  loss=0.1013
    [train] iter 4340/4443  loss=0.0916
    [train] iter 4360/4443  loss=0.0910
    [train] iter 4380/4443  loss=0.0738
    [train] iter 4400/4443  loss=0.2290
    [train] iter 4420/4443  loss=0.1626
    [train] iter 4440/4443  loss=0.1324
  train_loss=0.1286  val_loss=0.1663  val_dice=0.8091

--- Epoch 76/100 (lr=4.39e-05) ---
    [train] iter 20/4443  loss=0.1590
    [train] iter 40/4443  loss=0.0951
    [train] iter 60/4443  loss=0.1358
    [train] iter 80/4443  loss=0.1170
    [train] iter 100/4443  loss=0.0922
    [train] iter 120/4443  loss=0.1113
    [train] iter 140/4443  loss=0.1143
    [train] iter 160/4443  loss=0.2172
    [train] iter 180/4443  loss=0.0844
    [train] iter 200/4443  loss=0.1370
    [train] iter 220/4443  loss=0.1033
    [train] iter 240/4443  loss=0.1855
    [train] iter 260/4443  loss=0.1660
    [train] iter 280/4443  loss=0.1741
    [train] iter 300/4443  loss=0.0843
    [train] iter 320/4443  loss=0.0806
    [train] iter 340/4443  loss=0.1594
    [train] iter 360/4443  loss=0.1176
    [train] iter 380/4443  loss=0.1133
    [train] iter 400/4443  loss=0.1338
    [train] iter 420/4443  loss=0.0829
    [train] iter 440/4443  loss=0.1827
    [train] iter 460/4443  loss=0.1328
    [train] iter 480/4443  loss=0.1723
    [train] iter 500/4443  loss=0.1549
    [train] iter 520/4443  loss=0.1299
    [train] iter 540/4443  loss=0.0769
    [train] iter 560/4443  loss=0.1111
    [train] iter 580/4443  loss=0.1070
    [train] iter 600/4443  loss=0.1757
    [train] iter 620/4443  loss=0.1592
    [train] iter 640/4443  loss=0.0806
    [train] iter 660/4443  loss=0.1422
    [train] iter 680/4443  loss=0.1237
    [train] iter 700/4443  loss=0.1386
    [train] iter 720/4443  loss=0.1328
    [train] iter 740/4443  loss=0.1118
    [train] iter 760/4443  loss=0.1661
    [train] iter 780/4443  loss=0.1112
    [train] iter 800/4443  loss=0.1368
    [train] iter 820/4443  loss=0.1087
    [train] iter 840/4443  loss=0.0895
    [train] iter 860/4443  loss=0.1510
    [train] iter 880/4443  loss=0.1048
    [train] iter 900/4443  loss=0.1552
    [train] iter 920/4443  loss=0.0788
    [train] iter 940/4443  loss=0.2118
    [train] iter 960/4443  loss=0.1415
    [train] iter 980/4443  loss=0.0985
    [train] iter 1000/4443  loss=0.0804
    [train] iter 1020/4443  loss=0.1023
    [train] iter 1040/4443  loss=0.1867
    [train] iter 1060/4443  loss=0.1320
    [train] iter 1080/4443  loss=0.0810
    [train] iter 1100/4443  loss=0.1541
    [train] iter 1120/4443  loss=0.0819
    [train] iter 1140/4443  loss=0.1157
    [train] iter 1160/4443  loss=0.1080
    [train] iter 1180/4443  loss=0.1703
    [train] iter 1200/4443  loss=0.1199
    [train] iter 1220/4443  loss=0.0660
    [train] iter 1240/4443  loss=0.0800
    [train] iter 1260/4443  loss=0.0852
    [train] iter 1280/4443  loss=0.0988
    [train] iter 1300/4443  loss=0.1553
    [train] iter 1320/4443  loss=0.1946
    [train] iter 1340/4443  loss=0.1517
    [train] iter 1360/4443  loss=0.1556
    [train] iter 1380/4443  loss=0.1873
    [train] iter 1400/4443  loss=0.0627
    [train] iter 1420/4443  loss=0.1531
    [train] iter 1440/4443  loss=0.1219
    [train] iter 1460/4443  loss=0.1047
    [train] iter 1480/4443  loss=0.0836
    [train] iter 1500/4443  loss=0.1321
    [train] iter 1520/4443  loss=0.1054
    [train] iter 1540/4443  loss=0.2529
    [train] iter 1560/4443  loss=0.1059
    [train] iter 1580/4443  loss=0.0876
    [train] iter 1600/4443  loss=0.2549
    [train] iter 1620/4443  loss=0.0857
    [train] iter 1640/4443  loss=0.0834
    [train] iter 1660/4443  loss=0.1035
    [train] iter 1680/4443  loss=0.1512
    [train] iter 1700/4443  loss=0.3230
    [train] iter 1720/4443  loss=0.0733
    [train] iter 1740/4443  loss=0.1220
    [train] iter 1760/4443  loss=0.1177
    [train] iter 1780/4443  loss=0.1047
    [train] iter 1800/4443  loss=0.1020
    [train] iter 1820/4443  loss=0.1091
    [train] iter 1840/4443  loss=0.1725
    [train] iter 1860/4443  loss=0.1801
    [train] iter 1880/4443  loss=0.1265
    [train] iter 1900/4443  loss=0.1342
    [train] iter 1920/4443  loss=0.1141
    [train] iter 1940/4443  loss=0.1148
    [train] iter 1960/4443  loss=0.1611
    [train] iter 1980/4443  loss=0.0981
    [train] iter 2000/4443  loss=0.1197
    [train] iter 2020/4443  loss=0.1491
    [train] iter 2040/4443  loss=0.1419
    [train] iter 2060/4443  loss=0.1750
    [train] iter 2080/4443  loss=0.1011
    [train] iter 2100/4443  loss=0.2057
    [train] iter 2120/4443  loss=0.1836
    [train] iter 2140/4443  loss=0.0729
    [train] iter 2160/4443  loss=0.0936
    [train] iter 2180/4443  loss=0.1013
    [train] iter 2200/4443  loss=0.2308
    [train] iter 2220/4443  loss=0.1490
    [train] iter 2240/4443  loss=0.1071
    [train] iter 2260/4443  loss=0.1186
    [train] iter 2280/4443  loss=0.1378
    [train] iter 2300/4443  loss=0.1484
    [train] iter 2320/4443  loss=0.1120
    [train] iter 2340/4443  loss=0.1740
    [train] iter 2360/4443  loss=0.1806
    [train] iter 2380/4443  loss=0.1061
    [train] iter 2400/4443  loss=0.1239
    [train] iter 2420/4443  loss=0.1140
    [train] iter 2440/4443  loss=0.1504
    [train] iter 2460/4443  loss=0.1251
    [train] iter 2480/4443  loss=0.0980
    [train] iter 2500/4443  loss=0.0853
    [train] iter 2520/4443  loss=0.1161
    [train] iter 2540/4443  loss=0.1189
    [train] iter 2560/4443  loss=0.1928
    [train] iter 2580/4443  loss=0.1428
    [train] iter 2600/4443  loss=0.0779
    [train] iter 2620/4443  loss=0.1235
    [train] iter 2640/4443  loss=0.1149
    [train] iter 2660/4443  loss=0.0878
    [train] iter 2680/4443  loss=0.1319
    [train] iter 2700/4443  loss=0.2012
    [train] iter 2720/4443  loss=0.1010
    [train] iter 2740/4443  loss=0.1082
    [train] iter 2760/4443  loss=0.1356
    [train] iter 2780/4443  loss=0.1055
    [train] iter 2800/4443  loss=0.0952
    [train] iter 2820/4443  loss=0.1016
    [train] iter 2840/4443  loss=0.0903
    [train] iter 2860/4443  loss=0.1000
    [train] iter 2880/4443  loss=0.1533
    [train] iter 2900/4443  loss=0.1244
    [train] iter 2920/4443  loss=0.1078
    [train] iter 2940/4443  loss=0.1499
    [train] iter 2960/4443  loss=0.1134
    [train] iter 2980/4443  loss=0.1241
    [train] iter 3000/4443  loss=0.1139
    [train] iter 3020/4443  loss=0.1428
    [train] iter 3040/4443  loss=0.0450
    [train] iter 3060/4443  loss=0.2593
    [train] iter 3080/4443  loss=0.1235
    [train] iter 3100/4443  loss=0.0959
    [train] iter 3120/4443  loss=0.1291
    [train] iter 3140/4443  loss=0.1189
    [train] iter 3160/4443  loss=0.1105
    [train] iter 3180/4443  loss=0.0929
    [train] iter 3200/4443  loss=0.0853
    [train] iter 3220/4443  loss=0.1454
    [train] iter 3240/4443  loss=0.1606
    [train] iter 3260/4443  loss=0.1698
    [train] iter 3280/4443  loss=0.1475
    [train] iter 3300/4443  loss=0.1306
    [train] iter 3320/4443  loss=0.0655
    [train] iter 3340/4443  loss=0.0860
    [train] iter 3360/4443  loss=0.0788
    [train] iter 3380/4443  loss=0.1882
    [train] iter 3400/4443  loss=0.3087
    [train] iter 3420/4443  loss=0.1882
    [train] iter 3440/4443  loss=0.0846
    [train] iter 3460/4443  loss=0.1103
    [train] iter 3480/4443  loss=0.1142
    [train] iter 3500/4443  loss=0.1022
    [train] iter 3520/4443  loss=0.1331
    [train] iter 3540/4443  loss=0.1127
    [train] iter 3560/4443  loss=0.1142
    [train] iter 3580/4443  loss=0.0853
    [train] iter 3600/4443  loss=0.1196
    [train] iter 3620/4443  loss=0.1352
    [train] iter 3640/4443  loss=0.0827
    [train] iter 3660/4443  loss=0.1080
    [train] iter 3680/4443  loss=0.1397
    [train] iter 3700/4443  loss=0.1466
    [train] iter 3720/4443  loss=0.1690
    [train] iter 3740/4443  loss=0.1456
    [train] iter 3760/4443  loss=0.1193
    [train] iter 3780/4443  loss=0.1275
    [train] iter 3800/4443  loss=0.0775
    [train] iter 3820/4443  loss=0.1374
    [train] iter 3840/4443  loss=0.1442
    [train] iter 3860/4443  loss=0.1529
    [train] iter 3880/4443  loss=0.1449
    [train] iter 3900/4443  loss=0.1523
    [train] iter 3920/4443  loss=0.1319
    [train] iter 3940/4443  loss=0.0771
    [train] iter 3960/4443  loss=0.1120
    [train] iter 3980/4443  loss=0.0586
    [train] iter 4000/4443  loss=0.1091
    [train] iter 4020/4443  loss=0.1305
    [train] iter 4040/4443  loss=0.0689
    [train] iter 4060/4443  loss=0.2264
    [train] iter 4080/4443  loss=0.1422
    [train] iter 4100/4443  loss=0.1155
    [train] iter 4120/4443  loss=0.1535
    [train] iter 4140/4443  loss=0.1420
    [train] iter 4160/4443  loss=0.0960
    [train] iter 4180/4443  loss=0.1102
    [train] iter 4200/4443  loss=0.1207
    [train] iter 4220/4443  loss=0.0988
    [train] iter 4240/4443  loss=0.1639
    [train] iter 4260/4443  loss=0.1340
    [train] iter 4280/4443  loss=0.1388
    [train] iter 4300/4443  loss=0.1618
    [train] iter 4320/4443  loss=0.1042
    [train] iter 4340/4443  loss=0.1667
    [train] iter 4360/4443  loss=0.1145
    [train] iter 4380/4443  loss=0.1123
    [train] iter 4400/4443  loss=0.0746
    [train] iter 4420/4443  loss=0.0870
    [train] iter 4440/4443  loss=0.0667
  train_loss=0.1277  val_loss=0.1683  val_dice=0.8074

--- Epoch 77/100 (lr=4.07e-05) ---
    [train] iter 20/4443  loss=0.0856
    [train] iter 40/4443  loss=0.1849
    [train] iter 60/4443  loss=0.0887
    [train] iter 80/4443  loss=0.0990
    [train] iter 100/4443  loss=0.1410
    [train] iter 120/4443  loss=0.1138
    [train] iter 140/4443  loss=0.1266
    [train] iter 160/4443  loss=0.1639
    [train] iter 180/4443  loss=0.0885
    [train] iter 200/4443  loss=0.0869
    [train] iter 220/4443  loss=0.0759
    [train] iter 240/4443  loss=0.0707
    [train] iter 260/4443  loss=0.1155
    [train] iter 280/4443  loss=0.1097
    [train] iter 300/4443  loss=0.1485
    [train] iter 320/4443  loss=0.0887
    [train] iter 340/4443  loss=0.0804
    [train] iter 360/4443  loss=0.1097
    [train] iter 380/4443  loss=0.1366
    [train] iter 400/4443  loss=0.1311
    [train] iter 420/4443  loss=0.2120
    [train] iter 440/4443  loss=0.1375
    [train] iter 460/4443  loss=0.1564
    [train] iter 480/4443  loss=0.1910
    [train] iter 500/4443  loss=0.1273
    [train] iter 520/4443  loss=0.1306
    [train] iter 540/4443  loss=0.0872
    [train] iter 560/4443  loss=0.1345
    [train] iter 580/4443  loss=0.1493
    [train] iter 600/4443  loss=0.1771
    [train] iter 620/4443  loss=0.1090
    [train] iter 640/4443  loss=0.1490
    [train] iter 660/4443  loss=0.2159
    [train] iter 680/4443  loss=0.1820
    [train] iter 700/4443  loss=0.1337
    [train] iter 720/4443  loss=0.0701
    [train] iter 740/4443  loss=0.1444
    [train] iter 760/4443  loss=0.0889
    [train] iter 780/4443  loss=0.1201
    [train] iter 800/4443  loss=0.0969
    [train] iter 820/4443  loss=0.1062
    [train] iter 840/4443  loss=0.1227
    [train] iter 860/4443  loss=0.1252
    [train] iter 880/4443  loss=0.0777
    [train] iter 900/4443  loss=0.0930
    [train] iter 920/4443  loss=0.0991
    [train] iter 940/4443  loss=0.1231
    [train] iter 960/4443  loss=0.1291
    [train] iter 980/4443  loss=0.1098
    [train] iter 1000/4443  loss=0.1898
    [train] iter 1020/4443  loss=0.0888
    [train] iter 1040/4443  loss=0.0689
    [train] iter 1060/4443  loss=0.2271
    [train] iter 1080/4443  loss=0.0599
    [train] iter 1100/4443  loss=0.0810
    [train] iter 1120/4443  loss=0.1103
    [train] iter 1140/4443  loss=0.1157
    [train] iter 1160/4443  loss=0.1096
    [train] iter 1180/4443  loss=0.0863
    [train] iter 1200/4443  loss=0.1271
    [train] iter 1220/4443  loss=0.1678
    [train] iter 1240/4443  loss=0.1171
    [train] iter 1260/4443  loss=0.1100
    [train] iter 1280/4443  loss=0.0689
    [train] iter 1300/4443  loss=0.0678
    [train] iter 1320/4443  loss=0.1178
    [train] iter 1340/4443  loss=0.1098
    [train] iter 1360/4443  loss=0.1247
    [train] iter 1380/4443  loss=0.0944
    [train] iter 1400/4443  loss=0.1314
    [train] iter 1420/4443  loss=0.1529
    [train] iter 1440/4443  loss=0.0914
    [train] iter 1460/4443  loss=0.0989
    [train] iter 1480/4443  loss=0.1313
    [train] iter 1500/4443  loss=0.0919
    [train] iter 1520/4443  loss=0.1340
    [train] iter 1540/4443  loss=0.2043
    [train] iter 1560/4443  loss=0.1340
    [train] iter 1580/4443  loss=0.1073
    [train] iter 1600/4443  loss=0.1032
    [train] iter 1620/4443  loss=0.1531
    [train] iter 1640/4443  loss=0.1497
    [train] iter 1660/4443  loss=0.1184
    [train] iter 1680/4443  loss=0.1411
    [train] iter 1700/4443  loss=0.0991
    [train] iter 1720/4443  loss=0.1177
    [train] iter 1740/4443  loss=0.1789
    [train] iter 1760/4443  loss=0.1242
    [train] iter 1780/4443  loss=0.0816
    [train] iter 1800/4443  loss=0.1150
    [train] iter 1820/4443  loss=0.1253
    [train] iter 1840/4443  loss=0.1229
    [train] iter 1860/4443  loss=0.1013
    [train] iter 1880/4443  loss=0.1174
    [train] iter 1900/4443  loss=0.0961
    [train] iter 1920/4443  loss=0.0812
    [train] iter 1940/4443  loss=0.1156
    [train] iter 1960/4443  loss=0.0758
    [train] iter 1980/4443  loss=0.1076
    [train] iter 2000/4443  loss=0.1900
    [train] iter 2020/4443  loss=0.0589
    [train] iter 2040/4443  loss=0.0935
    [train] iter 2060/4443  loss=0.1410
    [train] iter 2080/4443  loss=0.0729
    [train] iter 2100/4443  loss=0.1540
    [train] iter 2120/4443  loss=0.1048
    [train] iter 2140/4443  loss=0.1489
    [train] iter 2160/4443  loss=0.0876
    [train] iter 2180/4443  loss=0.1108
    [train] iter 2200/4443  loss=0.1391
    [train] iter 2220/4443  loss=0.1981
    [train] iter 2240/4443  loss=0.2541
    [train] iter 2260/4443  loss=0.0866
    [train] iter 2280/4443  loss=0.1488
    [train] iter 2300/4443  loss=0.1518
    [train] iter 2320/4443  loss=0.2293
    [train] iter 2340/4443  loss=0.1240
    [train] iter 2360/4443  loss=0.2060
    [train] iter 2380/4443  loss=0.0818
    [train] iter 2400/4443  loss=0.1317
    [train] iter 2420/4443  loss=0.1078
    [train] iter 2440/4443  loss=0.0866
    [train] iter 2460/4443  loss=0.1113
    [train] iter 2480/4443  loss=0.0795
    [train] iter 2500/4443  loss=0.1738
    [train] iter 2520/4443  loss=0.1253
    [train] iter 2540/4443  loss=0.0763
    [train] iter 2560/4443  loss=0.0942
    [train] iter 2580/4443  loss=0.1354
    [train] iter 2600/4443  loss=0.2199
    [train] iter 2620/4443  loss=0.2436
    [train] iter 2640/4443  loss=0.2256
    [train] iter 2660/4443  loss=0.0983
    [train] iter 2680/4443  loss=0.0994
    [train] iter 2700/4443  loss=0.1386
    [train] iter 2720/4443  loss=0.1237
    [train] iter 2740/4443  loss=0.1201
    [train] iter 2760/4443  loss=0.1330
    [train] iter 2780/4443  loss=0.1788
    [train] iter 2800/4443  loss=0.0949
    [train] iter 2820/4443  loss=0.1364
    [train] iter 2840/4443  loss=0.1140
    [train] iter 2860/4443  loss=0.0847
    [train] iter 2880/4443  loss=0.0957
    [train] iter 2900/4443  loss=0.0903
    [train] iter 2920/4443  loss=0.1073
    [train] iter 2940/4443  loss=0.1760
    [train] iter 2960/4443  loss=0.1143
    [train] iter 2980/4443  loss=0.1358
    [train] iter 3000/4443  loss=0.0822
    [train] iter 3020/4443  loss=0.0997
    [train] iter 3040/4443  loss=0.1036
    [train] iter 3060/4443  loss=0.1505
    [train] iter 3080/4443  loss=0.1068
    [train] iter 3100/4443  loss=0.1107
    [train] iter 3120/4443  loss=0.1247
    [train] iter 3140/4443  loss=0.1987
    [train] iter 3160/4443  loss=0.2230
    [train] iter 3180/4443  loss=0.0957
    [train] iter 3200/4443  loss=0.1028
    [train] iter 3220/4443  loss=0.1001
    [train] iter 3240/4443  loss=0.1563
    [train] iter 3260/4443  loss=0.2082
    [train] iter 3280/4443  loss=0.0994
    [train] iter 3300/4443  loss=0.1053
    [train] iter 3320/4443  loss=0.1155
    [train] iter 3340/4443  loss=0.1030
    [train] iter 3360/4443  loss=0.2308
    [train] iter 3380/4443  loss=0.1144
    [train] iter 3400/4443  loss=0.1120
    [train] iter 3420/4443  loss=0.0705
    [train] iter 3440/4443  loss=0.1911
    [train] iter 3460/4443  loss=0.1098
    [train] iter 3480/4443  loss=0.1525
    [train] iter 3500/4443  loss=0.1346
    [train] iter 3520/4443  loss=0.1579
    [train] iter 3540/4443  loss=0.2321
    [train] iter 3560/4443  loss=0.1422
    [train] iter 3580/4443  loss=0.1496
    [train] iter 3600/4443  loss=0.0936
    [train] iter 3620/4443  loss=0.0705
    [train] iter 3640/4443  loss=0.0781
    [train] iter 3660/4443  loss=0.0768
    [train] iter 3680/4443  loss=0.2337
    [train] iter 3700/4443  loss=0.1207
    [train] iter 3720/4443  loss=0.0797
    [train] iter 3740/4443  loss=0.1319
    [train] iter 3760/4443  loss=0.1449
    [train] iter 3780/4443  loss=0.1273
    [train] iter 3800/4443  loss=0.1178
    [train] iter 3820/4443  loss=0.1056
    [train] iter 3840/4443  loss=0.0901
    [train] iter 3860/4443  loss=0.1620
    [train] iter 3880/4443  loss=0.0729
    [train] iter 3900/4443  loss=0.2290
    [train] iter 3920/4443  loss=0.0585
    [train] iter 3940/4443  loss=0.1277
    [train] iter 3960/4443  loss=0.1023
    [train] iter 3980/4443  loss=0.0957
    [train] iter 4000/4443  loss=0.1410
    [train] iter 4020/4443  loss=0.0692
    [train] iter 4040/4443  loss=0.1272
    [train] iter 4060/4443  loss=0.0850
    [train] iter 4080/4443  loss=0.1209
    [train] iter 4100/4443  loss=0.1267
    [train] iter 4120/4443  loss=0.1606
    [train] iter 4140/4443  loss=0.1620
    [train] iter 4160/4443  loss=0.1089
    [train] iter 4180/4443  loss=0.0999
    [train] iter 4200/4443  loss=0.0976
    [train] iter 4220/4443  loss=0.1174
    [train] iter 4240/4443  loss=0.1310
    [train] iter 4260/4443  loss=0.1871
    [train] iter 4280/4443  loss=0.1112
    [train] iter 4300/4443  loss=0.1266
    [train] iter 4320/4443  loss=0.1076
    [train] iter 4340/4443  loss=0.1197
    [train] iter 4360/4443  loss=0.3595
    [train] iter 4380/4443  loss=0.1678
    [train] iter 4400/4443  loss=0.1760
    [train] iter 4420/4443  loss=0.0834
    [train] iter 4440/4443  loss=0.1905
  train_loss=0.1265  val_loss=0.1661  val_dice=0.8093

--- Epoch 78/100 (lr=3.75e-05) ---
    [train] iter 20/4443  loss=0.1278
    [train] iter 40/4443  loss=0.1567
    [train] iter 60/4443  loss=0.1469
    [train] iter 80/4443  loss=0.1075
    [train] iter 100/4443  loss=0.2808
    [train] iter 120/4443  loss=0.0895
    [train] iter 140/4443  loss=0.0796
    [train] iter 160/4443  loss=0.0924
    [train] iter 180/4443  loss=0.0978
    [train] iter 200/4443  loss=0.1002
    [train] iter 220/4443  loss=0.1300
    [train] iter 240/4443  loss=0.1171
    [train] iter 260/4443  loss=0.1370
    [train] iter 280/4443  loss=0.1380
    [train] iter 300/4443  loss=0.1386
    [train] iter 320/4443  loss=0.0665
    [train] iter 340/4443  loss=0.0957
    [train] iter 360/4443  loss=0.1328
    [train] iter 380/4443  loss=0.1252
    [train] iter 400/4443  loss=0.1770
    [train] iter 420/4443  loss=0.1840
    [train] iter 440/4443  loss=0.0942
    [train] iter 460/4443  loss=0.1500
    [train] iter 480/4443  loss=0.1053
    [train] iter 500/4443  loss=0.1328
    [train] iter 520/4443  loss=0.1876
    [train] iter 540/4443  loss=0.2096
    [train] iter 560/4443  loss=0.1693
    [train] iter 580/4443  loss=0.1055
    [train] iter 600/4443  loss=0.1130
    [train] iter 620/4443  loss=0.1492
    [train] iter 640/4443  loss=0.1329
    [train] iter 660/4443  loss=0.0791
    [train] iter 680/4443  loss=0.0942
    [train] iter 700/4443  loss=0.0920
    [train] iter 720/4443  loss=0.2850
    [train] iter 740/4443  loss=0.1500
    [train] iter 760/4443  loss=0.0699
    [train] iter 780/4443  loss=0.0954
    [train] iter 800/4443  loss=0.2743
    [train] iter 820/4443  loss=0.1418
    [train] iter 840/4443  loss=0.1270
    [train] iter 860/4443  loss=0.1173
    [train] iter 880/4443  loss=0.0861
    [train] iter 900/4443  loss=0.0560
    [train] iter 920/4443  loss=0.1190
    [train] iter 940/4443  loss=0.1313
    [train] iter 960/4443  loss=0.1618
    [train] iter 980/4443  loss=0.1260
    [train] iter 1000/4443  loss=0.1617
    [train] iter 1020/4443  loss=0.0777
    [train] iter 1040/4443  loss=0.1217
    [train] iter 1060/4443  loss=0.1075
    [train] iter 1080/4443  loss=0.1134
    [train] iter 1100/4443  loss=0.1314
    [train] iter 1120/4443  loss=0.1526
    [train] iter 1140/4443  loss=0.1233
    [train] iter 1160/4443  loss=0.0987
    [train] iter 1180/4443  loss=0.1784
    [train] iter 1200/4443  loss=0.1116
    [train] iter 1220/4443  loss=0.1356
    [train] iter 1240/4443  loss=0.1160
    [train] iter 1260/4443  loss=0.1329
    [train] iter 1280/4443  loss=0.1104
    [train] iter 1300/4443  loss=0.1302
    [train] iter 1320/4443  loss=0.1281
    [train] iter 1340/4443  loss=0.0651
    [train] iter 1360/4443  loss=0.1755
    [train] iter 1380/4443  loss=0.1360
    [train] iter 1400/4443  loss=0.1228
    [train] iter 1420/4443  loss=0.0866
    [train] iter 1440/4443  loss=0.0843
    [train] iter 1460/4443  loss=0.0969
    [train] iter 1480/4443  loss=0.1508
    [train] iter 1500/4443  loss=0.1771
    [train] iter 1520/4443  loss=0.2306
    [train] iter 1540/4443  loss=0.1595
    [train] iter 1560/4443  loss=0.1534
    [train] iter 1580/4443  loss=0.1425
    [train] iter 1600/4443  loss=0.1413
    [train] iter 1620/4443  loss=0.1086
    [train] iter 1640/4443  loss=0.1486
    [train] iter 1660/4443  loss=0.1781
    [train] iter 1680/4443  loss=0.0938
    [train] iter 1700/4443  loss=0.1472
    [train] iter 1720/4443  loss=0.1003
    [train] iter 1740/4443  loss=0.1012
    [train] iter 1760/4443  loss=0.1322
    [train] iter 1780/4443  loss=0.0612
    [train] iter 1800/4443  loss=0.1432
    [train] iter 1820/4443  loss=0.1564
    [train] iter 1840/4443  loss=0.0847
    [train] iter 1860/4443  loss=0.1097
    [train] iter 1880/4443  loss=0.1169
    [train] iter 1900/4443  loss=0.1349
    [train] iter 1920/4443  loss=0.0841
    [train] iter 1940/4443  loss=0.1650
    [train] iter 1960/4443  loss=0.1367
    [train] iter 1980/4443  loss=0.1275
    [train] iter 2000/4443  loss=0.1550
    [train] iter 2020/4443  loss=0.0683
    [train] iter 2040/4443  loss=0.1495
    [train] iter 2060/4443  loss=0.0764
    [train] iter 2080/4443  loss=0.0790
    [train] iter 2100/4443  loss=0.0864
    [train] iter 2120/4443  loss=0.1352
    [train] iter 2140/4443  loss=0.2050
    [train] iter 2160/4443  loss=0.1147
    [train] iter 2180/4443  loss=0.0752
    [train] iter 2200/4443  loss=0.1506
    [train] iter 2220/4443  loss=0.1082
    [train] iter 2240/4443  loss=0.0806
    [train] iter 2260/4443  loss=0.2045
    [train] iter 2280/4443  loss=0.1020
    [train] iter 2300/4443  loss=0.1276
    [train] iter 2320/4443  loss=0.1249
    [train] iter 2340/4443  loss=0.1540
    [train] iter 2360/4443  loss=0.2252
    [train] iter 2380/4443  loss=0.0698
    [train] iter 2400/4443  loss=0.0932
    [train] iter 2420/4443  loss=0.0920
    [train] iter 2440/4443  loss=0.2654
    [train] iter 2460/4443  loss=0.0858
    [train] iter 2480/4443  loss=0.0902
    [train] iter 2500/4443  loss=0.1162
    [train] iter 2520/4443  loss=0.1067
    [train] iter 2540/4443  loss=0.1172
    [train] iter 2560/4443  loss=0.1566
    [train] iter 2580/4443  loss=0.1287
    [train] iter 2600/4443  loss=0.0855
    [train] iter 2620/4443  loss=0.1111
    [train] iter 2640/4443  loss=0.1363
    [train] iter 2660/4443  loss=0.0651
    [train] iter 2680/4443  loss=0.2217
    [train] iter 2700/4443  loss=0.0816
    [train] iter 2720/4443  loss=0.0581
    [train] iter 2740/4443  loss=0.1076
    [train] iter 2760/4443  loss=0.0899
    [train] iter 2780/4443  loss=0.1364
    [train] iter 2800/4443  loss=0.0725
    [train] iter 2820/4443  loss=0.1266
    [train] iter 2840/4443  loss=0.1688
    [train] iter 2860/4443  loss=0.1071
    [train] iter 2880/4443  loss=0.0944
    [train] iter 2900/4443  loss=0.1109
    [train] iter 2920/4443  loss=0.2245
    [train] iter 2940/4443  loss=0.1261
    [train] iter 2960/4443  loss=0.1469
    [train] iter 2980/4443  loss=0.1371
    [train] iter 3000/4443  loss=0.1106
    [train] iter 3020/4443  loss=0.0826
    [train] iter 3040/4443  loss=0.3200
    [train] iter 3060/4443  loss=0.1264
    [train] iter 3080/4443  loss=0.1244
    [train] iter 3100/4443  loss=0.1867
    [train] iter 3120/4443  loss=0.1732
    [train] iter 3140/4443  loss=0.1480
    [train] iter 3160/4443  loss=0.1706
    [train] iter 3180/4443  loss=0.1610
    [train] iter 3200/4443  loss=0.0946
    [train] iter 3220/4443  loss=0.1275
    [train] iter 3240/4443  loss=0.1595
    [train] iter 3260/4443  loss=0.1006
    [train] iter 3280/4443  loss=0.1205
    [train] iter 3300/4443  loss=0.1354
    [train] iter 3320/4443  loss=0.1169
    [train] iter 3340/4443  loss=0.1061
    [train] iter 3360/4443  loss=0.1865
    [train] iter 3380/4443  loss=0.0760
    [train] iter 3400/4443  loss=0.0908
    [train] iter 3420/4443  loss=0.1195
    [train] iter 3440/4443  loss=0.1167
    [train] iter 3460/4443  loss=0.1095
    [train] iter 3480/4443  loss=0.1286
    [train] iter 3500/4443  loss=0.1283
    [train] iter 3520/4443  loss=0.1632
    [train] iter 3540/4443  loss=0.0688
    [train] iter 3560/4443  loss=0.1663
    [train] iter 3580/4443  loss=0.0981
    [train] iter 3600/4443  loss=0.0785
    [train] iter 3620/4443  loss=0.1276
    [train] iter 3640/4443  loss=0.1088
    [train] iter 3660/4443  loss=0.1251
    [train] iter 3680/4443  loss=0.0961
    [train] iter 3700/4443  loss=0.1319
    [train] iter 3720/4443  loss=0.1090
    [train] iter 3740/4443  loss=0.0942
    [train] iter 3760/4443  loss=0.2325
    [train] iter 3780/4443  loss=0.1909
    [train] iter 3800/4443  loss=0.1825
    [train] iter 3820/4443  loss=0.0672
    [train] iter 3840/4443  loss=0.1178
    [train] iter 3860/4443  loss=0.1826
    [train] iter 3880/4443  loss=0.1178
    [train] iter 3900/4443  loss=0.1196
    [train] iter 3920/4443  loss=0.1224
    [train] iter 3940/4443  loss=0.1103
    [train] iter 3960/4443  loss=0.0684
    [train] iter 3980/4443  loss=0.1185
    [train] iter 4000/4443  loss=0.0886
    [train] iter 4020/4443  loss=0.1631
    [train] iter 4040/4443  loss=0.1070
    [train] iter 4060/4443  loss=0.1672
    [train] iter 4080/4443  loss=0.0788
    [train] iter 4100/4443  loss=0.1251
    [train] iter 4120/4443  loss=0.1784
    [train] iter 4140/4443  loss=0.1102
    [train] iter 4160/4443  loss=0.1164
    [train] iter 4180/4443  loss=0.1867
    [train] iter 4200/4443  loss=0.2000
    [train] iter 4220/4443  loss=0.1088
    [train] iter 4240/4443  loss=0.1624
    [train] iter 4260/4443  loss=0.0856
    [train] iter 4280/4443  loss=0.1198
    [train] iter 4300/4443  loss=0.0951
    [train] iter 4320/4443  loss=0.1996
    [train] iter 4340/4443  loss=0.0738
    [train] iter 4360/4443  loss=0.1423
    [train] iter 4380/4443  loss=0.1253
    [train] iter 4400/4443  loss=0.0815
    [train] iter 4420/4443  loss=0.1424
    [train] iter 4440/4443  loss=0.0852
  train_loss=0.1261  val_loss=0.1671  val_dice=0.8085

--- Epoch 79/100 (lr=3.44e-05) ---
    [train] iter 20/4443  loss=0.0751
    [train] iter 40/4443  loss=0.1156
    [train] iter 60/4443  loss=0.1516
    [train] iter 80/4443  loss=0.0795
    [train] iter 100/4443  loss=0.1772
    [train] iter 120/4443  loss=0.0717
    [train] iter 140/4443  loss=0.1220
    [train] iter 160/4443  loss=0.1207
    [train] iter 180/4443  loss=0.1124
    [train] iter 200/4443  loss=0.0836
    [train] iter 220/4443  loss=0.1326
    [train] iter 240/4443  loss=0.1213
    [train] iter 260/4443  loss=0.0770
    [train] iter 280/4443  loss=0.1407
    [train] iter 300/4443  loss=0.1994
    [train] iter 320/4443  loss=0.1225
    [train] iter 340/4443  loss=0.1748
    [train] iter 360/4443  loss=0.1249
    [train] iter 380/4443  loss=0.1534
    [train] iter 400/4443  loss=0.1377
    [train] iter 420/4443  loss=0.1076
    [train] iter 440/4443  loss=0.1535
    [train] iter 460/4443  loss=0.0861
    [train] iter 480/4443  loss=0.1470
    [train] iter 500/4443  loss=0.1015
    [train] iter 520/4443  loss=0.1277
    [train] iter 540/4443  loss=0.2316
    [train] iter 560/4443  loss=0.1073
    [train] iter 580/4443  loss=0.1248
    [train] iter 600/4443  loss=0.1299
    [train] iter 620/4443  loss=0.0924
    [train] iter 640/4443  loss=0.0734
    [train] iter 660/4443  loss=0.0971
    [train] iter 680/4443  loss=0.1504
    [train] iter 700/4443  loss=0.1981
    [train] iter 720/4443  loss=0.1503
    [train] iter 740/4443  loss=0.0843
    [train] iter 760/4443  loss=0.1398
    [train] iter 780/4443  loss=0.0764
    [train] iter 800/4443  loss=0.1527
    [train] iter 820/4443  loss=0.0678
    [train] iter 840/4443  loss=0.0791
    [train] iter 860/4443  loss=0.1754
    [train] iter 880/4443  loss=0.1393
    [train] iter 900/4443  loss=0.1198
    [train] iter 920/4443  loss=0.0691
    [train] iter 940/4443  loss=0.0739
    [train] iter 960/4443  loss=0.1127
    [train] iter 980/4443  loss=0.1570
    [train] iter 1000/4443  loss=0.2125
    [train] iter 1020/4443  loss=0.0802
    [train] iter 1040/4443  loss=0.2025
    [train] iter 1060/4443  loss=0.1934
    [train] iter 1080/4443  loss=0.1498
    [train] iter 1100/4443  loss=0.1069
    [train] iter 1120/4443  loss=0.1460
    [train] iter 1140/4443  loss=0.1022
    [train] iter 1160/4443  loss=0.1505
    [train] iter 1180/4443  loss=0.1547
    [train] iter 1200/4443  loss=0.1612
    [train] iter 1220/4443  loss=0.2241
    [train] iter 1240/4443  loss=0.1486
    [train] iter 1260/4443  loss=0.0896
    [train] iter 1280/4443  loss=0.1316
    [train] iter 1300/4443  loss=0.1410
    [train] iter 1320/4443  loss=0.0878
    [train] iter 1340/4443  loss=0.1141
    [train] iter 1360/4443  loss=0.1170
    [train] iter 1380/4443  loss=0.1040
    [train] iter 1400/4443  loss=0.1011
    [train] iter 1420/4443  loss=0.2046
    [train] iter 1440/4443  loss=0.1292
    [train] iter 1460/4443  loss=0.1501
    [train] iter 1480/4443  loss=0.1001
    [train] iter 1500/4443  loss=0.2119
    [train] iter 1520/4443  loss=0.1011
    [train] iter 1540/4443  loss=0.1058
    [train] iter 1560/4443  loss=0.0944
    [train] iter 1580/4443  loss=0.1588
    [train] iter 1600/4443  loss=0.1393
    [train] iter 1620/4443  loss=0.2559
    [train] iter 1640/4443  loss=0.0876
    [train] iter 1660/4443  loss=0.1712
    [train] iter 1680/4443  loss=0.0980
    [train] iter 1700/4443  loss=0.1376
    [train] iter 1720/4443  loss=0.1204
    [train] iter 1740/4443  loss=0.1019
    [train] iter 1760/4443  loss=0.1285
    [train] iter 1780/4443  loss=0.0770
    [train] iter 1800/4443  loss=0.1136
    [train] iter 1820/4443  loss=0.1302
    [train] iter 1840/4443  loss=0.1200
    [train] iter 1860/4443  loss=0.0649
    [train] iter 1880/4443  loss=0.0848
    [train] iter 1900/4443  loss=0.1134
    [train] iter 1920/4443  loss=0.1019
    [train] iter 1940/4443  loss=0.2261
    [train] iter 1960/4443  loss=0.1376
    [train] iter 1980/4443  loss=0.1221
    [train] iter 2000/4443  loss=0.1589
    [train] iter 2020/4443  loss=0.1734
    [train] iter 2040/4443  loss=0.0831
    [train] iter 2060/4443  loss=0.1884
    [train] iter 2080/4443  loss=0.1010
    [train] iter 2100/4443  loss=0.1012
    [train] iter 2120/4443  loss=0.0899
    [train] iter 2140/4443  loss=0.1069
    [train] iter 2160/4443  loss=0.1013
    [train] iter 2180/4443  loss=0.0800
    [train] iter 2200/4443  loss=0.1443
    [train] iter 2220/4443  loss=0.1810
    [train] iter 2240/4443  loss=0.1796
    [train] iter 2260/4443  loss=0.1314
    [train] iter 2280/4443  loss=0.1968
    [train] iter 2300/4443  loss=0.1068
    [train] iter 2320/4443  loss=0.1209
    [train] iter 2340/4443  loss=0.0719
    [train] iter 2360/4443  loss=0.1519
    [train] iter 2380/4443  loss=0.1483
    [train] iter 2400/4443  loss=0.0547
    [train] iter 2420/4443  loss=0.1370
    [train] iter 2440/4443  loss=0.1776
    [train] iter 2460/4443  loss=0.1182
    [train] iter 2480/4443  loss=0.2068
    [train] iter 2500/4443  loss=0.0953
    [train] iter 2520/4443  loss=0.1315
    [train] iter 2540/4443  loss=0.0698
    [train] iter 2560/4443  loss=0.2043
    [train] iter 2580/4443  loss=0.1497
    [train] iter 2600/4443  loss=0.2311
    [train] iter 2620/4443  loss=0.1672
    [train] iter 2640/4443  loss=0.1159
    [train] iter 2660/4443  loss=0.1576
    [train] iter 2680/4443  loss=0.0586
    [train] iter 2700/4443  loss=0.1089
    [train] iter 2720/4443  loss=0.0857
    [train] iter 2740/4443  loss=0.1153
    [train] iter 2760/4443  loss=0.1597
    [train] iter 2780/4443  loss=0.1432
    [train] iter 2800/4443  loss=0.1374
    [train] iter 2820/4443  loss=0.0869
    [train] iter 2840/4443  loss=0.1061
    [train] iter 2860/4443  loss=0.1130
    [train] iter 2880/4443  loss=0.1395
    [train] iter 2900/4443  loss=0.1116
    [train] iter 2920/4443  loss=0.1100
    [train] iter 2940/4443  loss=0.0956
    [train] iter 2960/4443  loss=0.0826
    [train] iter 2980/4443  loss=0.1727
    [train] iter 3000/4443  loss=0.1222
    [train] iter 3020/4443  loss=0.0845
    [train] iter 3040/4443  loss=0.0654
    [train] iter 3060/4443  loss=0.0620
    [train] iter 3080/4443  loss=0.1086
    [train] iter 3100/4443  loss=0.1171
    [train] iter 3120/4443  loss=0.0892
    [train] iter 3140/4443  loss=0.0834
    [train] iter 3160/4443  loss=0.1619
    [train] iter 3180/4443  loss=0.1638
    [train] iter 3200/4443  loss=0.0755
    [train] iter 3220/4443  loss=0.0999
    [train] iter 3240/4443  loss=0.1044
    [train] iter 3260/4443  loss=0.0854
    [train] iter 3280/4443  loss=0.0722
    [train] iter 3300/4443  loss=0.1122
    [train] iter 3320/4443  loss=0.0729
    [train] iter 3340/4443  loss=0.1112
    [train] iter 3360/4443  loss=0.0841
    [train] iter 3380/4443  loss=0.1899
    [train] iter 3400/4443  loss=0.1648
    [train] iter 3420/4443  loss=0.1360
    [train] iter 3440/4443  loss=0.0813
    [train] iter 3460/4443  loss=0.1088
    [train] iter 3480/4443  loss=0.1826
    [train] iter 3500/4443  loss=0.0893
    [train] iter 3520/4443  loss=0.1028
    [train] iter 3540/4443  loss=0.1279
    [train] iter 3560/4443  loss=0.1621
    [train] iter 3580/4443  loss=0.0846
    [train] iter 3600/4443  loss=0.2249
    [train] iter 3620/4443  loss=0.1210
    [train] iter 3640/4443  loss=0.0814
    [train] iter 3660/4443  loss=0.1311
    [train] iter 3680/4443  loss=0.1542
    [train] iter 3700/4443  loss=0.2215
    [train] iter 3720/4443  loss=0.2498
    [train] iter 3740/4443  loss=0.0807
    [train] iter 3760/4443  loss=0.1406
    [train] iter 3780/4443  loss=0.0852
    [train] iter 3800/4443  loss=0.1395
    [train] iter 3820/4443  loss=0.0991
    [train] iter 3840/4443  loss=0.0738
    [train] iter 3860/4443  loss=0.0976
    [train] iter 3880/4443  loss=0.1129
    [train] iter 3900/4443  loss=0.0713
    [train] iter 3920/4443  loss=0.0920
    [train] iter 3940/4443  loss=0.1163
    [train] iter 3960/4443  loss=0.0891
    [train] iter 3980/4443  loss=0.0937
    [train] iter 4000/4443  loss=0.1503
    [train] iter 4020/4443  loss=0.0907
    [train] iter 4040/4443  loss=0.1260
    [train] iter 4060/4443  loss=0.1454
    [train] iter 4080/4443  loss=0.0667
    [train] iter 4100/4443  loss=0.1034
    [train] iter 4120/4443  loss=0.0794
    [train] iter 4140/4443  loss=0.1329
    [train] iter 4160/4443  loss=0.1920
    [train] iter 4180/4443  loss=0.1417
    [train] iter 4200/4443  loss=0.1515
    [train] iter 4220/4443  loss=0.1131
    [train] iter 4240/4443  loss=0.0820
    [train] iter 4260/4443  loss=0.0920
    [train] iter 4280/4443  loss=0.0770
    [train] iter 4300/4443  loss=0.2353
    [train] iter 4320/4443  loss=0.0795
    [train] iter 4340/4443  loss=0.1346
    [train] iter 4360/4443  loss=0.1026
    [train] iter 4380/4443  loss=0.1251
    [train] iter 4400/4443  loss=0.1367
    [train] iter 4420/4443  loss=0.1186
    [train] iter 4440/4443  loss=0.1103
  train_loss=0.1257  val_loss=0.1676  val_dice=0.8075

--- Epoch 80/100 (lr=3.15e-05) ---
    [train] iter 20/4443  loss=0.1147
    [train] iter 40/4443  loss=0.0900
    [train] iter 60/4443  loss=0.1154
    [train] iter 80/4443  loss=0.0915
    [train] iter 100/4443  loss=0.1567
    [train] iter 120/4443  loss=0.0981
    [train] iter 140/4443  loss=0.1474
    [train] iter 160/4443  loss=0.1463
    [train] iter 180/4443  loss=0.1052
    [train] iter 200/4443  loss=0.1263
    [train] iter 220/4443  loss=0.1254
    [train] iter 240/4443  loss=0.0926
    [train] iter 260/4443  loss=0.1026
    [train] iter 280/4443  loss=0.1394
    [train] iter 300/4443  loss=0.1816
    [train] iter 320/4443  loss=0.1071
    [train] iter 340/4443  loss=0.0654
    [train] iter 360/4443  loss=0.1205
    [train] iter 380/4443  loss=0.1834
    [train] iter 400/4443  loss=0.1629
    [train] iter 420/4443  loss=0.1167
    [train] iter 440/4443  loss=0.1045
    [train] iter 460/4443  loss=0.2206
    [train] iter 480/4443  loss=0.0908
    [train] iter 500/4443  loss=0.1001
    [train] iter 520/4443  loss=0.1145
    [train] iter 540/4443  loss=0.1672
    [train] iter 560/4443  loss=0.1886
    [train] iter 580/4443  loss=0.1242
    [train] iter 600/4443  loss=0.1415
    [train] iter 620/4443  loss=0.0969
    [train] iter 640/4443  loss=0.0916
    [train] iter 660/4443  loss=0.1770
    [train] iter 680/4443  loss=0.1818
    [train] iter 700/4443  loss=0.0961
    [train] iter 720/4443  loss=0.1375
    [train] iter 740/4443  loss=0.1188
    [train] iter 760/4443  loss=0.1642
    [train] iter 780/4443  loss=0.1154
    [train] iter 800/4443  loss=0.0977
    [train] iter 820/4443  loss=0.0890
    [train] iter 840/4443  loss=0.1026
    [train] iter 860/4443  loss=0.1001
    [train] iter 880/4443  loss=0.1376
    [train] iter 900/4443  loss=0.1325
    [train] iter 920/4443  loss=0.0796
    [train] iter 940/4443  loss=0.1848
    [train] iter 960/4443  loss=0.1056
    [train] iter 980/4443  loss=0.0757
    [train] iter 1000/4443  loss=0.0826
    [train] iter 1020/4443  loss=0.0886
    [train] iter 1040/4443  loss=0.0731
    [train] iter 1060/4443  loss=0.1540
    [train] iter 1080/4443  loss=0.1087
    [train] iter 1100/4443  loss=0.2260
    [train] iter 1120/4443  loss=0.0923
    [train] iter 1140/4443  loss=0.0928
    [train] iter 1160/4443  loss=0.1537
    [train] iter 1180/4443  loss=0.2425
    [train] iter 1200/4443  loss=0.0873
    [train] iter 1220/4443  loss=0.0782
    [train] iter 1240/4443  loss=0.1004
    [train] iter 1260/4443  loss=0.1083
    [train] iter 1280/4443  loss=0.0799
    [train] iter 1300/4443  loss=0.0911
    [train] iter 1320/4443  loss=0.1384
    [train] iter 1340/4443  loss=0.0630
    [train] iter 1360/4443  loss=0.0986
    [train] iter 1380/4443  loss=0.0943
    [train] iter 1400/4443  loss=0.1071
    [train] iter 1420/4443  loss=0.0952
    [train] iter 1440/4443  loss=0.1142
    [train] iter 1460/4443  loss=0.0673
    [train] iter 1480/4443  loss=0.1562
    [train] iter 1500/4443  loss=0.1229
    [train] iter 1520/4443  loss=0.1627
    [train] iter 1540/4443  loss=0.0897
    [train] iter 1560/4443  loss=0.1447
    [train] iter 1580/4443  loss=0.1870
    [train] iter 1600/4443  loss=0.1447
    [train] iter 1620/4443  loss=0.1407
    [train] iter 1640/4443  loss=0.1174
    [train] iter 1660/4443  loss=0.1206
    [train] iter 1680/4443  loss=0.1772
    [train] iter 1700/4443  loss=0.1121
    [train] iter 1720/4443  loss=0.3128
    [train] iter 1740/4443  loss=0.0778
    [train] iter 1760/4443  loss=0.1598
    [train] iter 1780/4443  loss=0.0666
    [train] iter 1800/4443  loss=0.1443
    [train] iter 1820/4443  loss=0.1301
    [train] iter 1840/4443  loss=0.0908
    [train] iter 1860/4443  loss=0.1133
    [train] iter 1880/4443  loss=0.0997
    [train] iter 1900/4443  loss=0.0966
    [train] iter 1920/4443  loss=0.0949
    [train] iter 1940/4443  loss=0.0831
    [train] iter 1960/4443  loss=0.1229
    [train] iter 1980/4443  loss=0.0998
    [train] iter 2000/4443  loss=0.1141
    [train] iter 2020/4443  loss=0.1128
    [train] iter 2040/4443  loss=0.0843
    [train] iter 2060/4443  loss=0.2253
    [train] iter 2080/4443  loss=0.1060
    [train] iter 2100/4443  loss=0.1342
    [train] iter 2120/4443  loss=0.1204
    [train] iter 2140/4443  loss=0.0967
    [train] iter 2160/4443  loss=0.1124
    [train] iter 2180/4443  loss=0.1342
    [train] iter 2200/4443  loss=0.1302
    [train] iter 2220/4443  loss=0.1247
    [train] iter 2240/4443  loss=0.1168
    [train] iter 2260/4443  loss=0.1120
    [train] iter 2280/4443  loss=0.1143
    [train] iter 2300/4443  loss=0.1024
    [train] iter 2320/4443  loss=0.1118
    [train] iter 2340/4443  loss=0.1012
    [train] iter 2360/4443  loss=0.0893
    [train] iter 2380/4443  loss=0.1348
    [train] iter 2400/4443  loss=0.0865
    [train] iter 2420/4443  loss=0.1827
    [train] iter 2440/4443  loss=0.1537
    [train] iter 2460/4443  loss=0.1027
    [train] iter 2480/4443  loss=0.1307
    [train] iter 2500/4443  loss=0.1680
    [train] iter 2520/4443  loss=0.1975
    [train] iter 2540/4443  loss=0.1319
    [train] iter 2560/4443  loss=0.1112
    [train] iter 2580/4443  loss=0.1078
    [train] iter 2600/4443  loss=0.1350
    [train] iter 2620/4443  loss=0.1309
    [train] iter 2640/4443  loss=0.0967
    [train] iter 2660/4443  loss=0.1572
    [train] iter 2680/4443  loss=0.0867
    [train] iter 2700/4443  loss=0.1928
    [train] iter 2720/4443  loss=0.1180
    [train] iter 2740/4443  loss=0.1049
    [train] iter 2760/4443  loss=0.1542
    [train] iter 2780/4443  loss=0.0950
    [train] iter 2800/4443  loss=0.0857
    [train] iter 2820/4443  loss=0.1794
    [train] iter 2840/4443  loss=0.1031
    [train] iter 2860/4443  loss=0.1102
    [train] iter 2880/4443  loss=0.1409
    [train] iter 2900/4443  loss=0.1155
    [train] iter 2920/4443  loss=0.1476
    [train] iter 2940/4443  loss=0.1615
    [train] iter 2960/4443  loss=0.1337
    [train] iter 2980/4443  loss=0.0901
    [train] iter 3000/4443  loss=0.1312
    [train] iter 3020/4443  loss=0.1833
    [train] iter 3040/4443  loss=0.1676
    [train] iter 3060/4443  loss=0.1086
    [train] iter 3080/4443  loss=0.1970
    [train] iter 3100/4443  loss=0.0674
    [train] iter 3120/4443  loss=0.1610
    [train] iter 3140/4443  loss=0.1174
    [train] iter 3160/4443  loss=0.0941
    [train] iter 3180/4443  loss=0.1424
    [train] iter 3200/4443  loss=0.0892
    [train] iter 3220/4443  loss=0.1386
    [train] iter 3240/4443  loss=0.0841
    [train] iter 3260/4443  loss=0.1064
    [train] iter 3280/4443  loss=0.0702
    [train] iter 3300/4443  loss=0.0766
    [train] iter 3320/4443  loss=0.3423
    [train] iter 3340/4443  loss=0.0974
    [train] iter 3360/4443  loss=0.2253
    [train] iter 3380/4443  loss=0.0926
    [train] iter 3400/4443  loss=0.1247
    [train] iter 3420/4443  loss=0.0918
    [train] iter 3440/4443  loss=0.1066
    [train] iter 3460/4443  loss=0.1075
    [train] iter 3480/4443  loss=0.0775
    [train] iter 3500/4443  loss=0.0868
    [train] iter 3520/4443  loss=0.0780
    [train] iter 3540/4443  loss=0.0701
    [train] iter 3560/4443  loss=0.1165
    [train] iter 3580/4443  loss=0.2341
    [train] iter 3600/4443  loss=0.1600
    [train] iter 3620/4443  loss=0.2191
    [train] iter 3640/4443  loss=0.0665
    [train] iter 3660/4443  loss=0.1353
    [train] iter 3680/4443  loss=0.1184
    [train] iter 3700/4443  loss=0.1173
    [train] iter 3720/4443  loss=0.1336
    [train] iter 3740/4443  loss=0.1890
    [train] iter 3760/4443  loss=0.0673
    [train] iter 3780/4443  loss=0.0883
    [train] iter 3800/4443  loss=0.1271
    [train] iter 3820/4443  loss=0.0963
    [train] iter 3840/4443  loss=0.0948
    [train] iter 3860/4443  loss=0.0893
    [train] iter 3880/4443  loss=0.0922
    [train] iter 3900/4443  loss=0.1262
    [train] iter 3920/4443  loss=0.1615
    [train] iter 3940/4443  loss=0.1286
    [train] iter 3960/4443  loss=0.0746
    [train] iter 3980/4443  loss=0.1850
    [train] iter 4000/4443  loss=0.1063
    [train] iter 4020/4443  loss=0.1033
    [train] iter 4040/4443  loss=0.1044
    [train] iter 4060/4443  loss=0.1342
    [train] iter 4080/4443  loss=0.1350
    [train] iter 4100/4443  loss=0.1150
    [train] iter 4120/4443  loss=0.1091
    [train] iter 4140/4443  loss=0.0919
    [train] iter 4160/4443  loss=0.1062
    [train] iter 4180/4443  loss=0.1270
    [train] iter 4200/4443  loss=0.1726
    [train] iter 4220/4443  loss=0.1276
    [train] iter 4240/4443  loss=0.1162
    [train] iter 4260/4443  loss=0.1653
    [train] iter 4280/4443  loss=0.2338
    [train] iter 4300/4443  loss=0.0925
    [train] iter 4320/4443  loss=0.2205
    [train] iter 4340/4443  loss=0.0937
    [train] iter 4360/4443  loss=0.0989
    [train] iter 4380/4443  loss=0.1931
    [train] iter 4400/4443  loss=0.1221
    [train] iter 4420/4443  loss=0.0833
    [train] iter 4440/4443  loss=0.0717
[2026-07-06T15:04:42.155] error: *** JOB 16861115 ON node848 CANCELLED AT 2026-07-06T15:04:42 DUE to SIGNAL Terminated ***
