作业 16831428 在 host.cluster.example.org 启动
CUDA: True NVIDIA A100-SXM4-80GB
/path/to/env/coronary/lib/python3.11/site-packages/monai/utils/deprecate_utils.py:321: FutureWarning: monai.transforms.spatial.dictionary Orientationd.__init__:labels: Current default value of argument `labels=(('L', 'R'), ('P', 'A'), ('I', 'S'))` was changed in version None from `labels=(('L', 'R'), ('P', 'A'), ('I', 'S'))` to `labels=None`. Default value changed to None meaning that the transform now uses the 'space' of a meta-tensor, if applicable, to determine appropriate axis labels.
  warn_deprecated(argname, msg, warning_category)
device=cuda  amp=True
backbone=segresnet  参数量=6,299,649
  [复用] 切片索引 splits/sidx_train_k2_n700.json （152946 个切片样本）
  [复用] 切片索引 splits/sidx_val_k2_n100.json （22171 个切片样本）
train batches=4443  val batches=743

--- Epoch 1/100 (lr=5.00e-04) ---
    [train] iter 20/4443  loss=1.2302
    [train] iter 40/4443  loss=1.1889
    [train] iter 60/4443  loss=1.1578
    [train] iter 80/4443  loss=1.1056
    [train] iter 100/4443  loss=1.0641
    [train] iter 120/4443  loss=1.0590
    [train] iter 140/4443  loss=0.9889
    [train] iter 160/4443  loss=0.9583
    [train] iter 180/4443  loss=0.9196
    [train] iter 200/4443  loss=0.8161
    [train] iter 220/4443  loss=0.7279
    [train] iter 240/4443  loss=0.6856
    [train] iter 260/4443  loss=0.8428
    [train] iter 280/4443  loss=0.7139
    [train] iter 300/4443  loss=0.6707
    [train] iter 320/4443  loss=0.5202
    [train] iter 340/4443  loss=0.6489
    [train] iter 360/4443  loss=0.5731
    [train] iter 380/4443  loss=0.4878
    [train] iter 400/4443  loss=0.5688
    [train] iter 420/4443  loss=0.4931
    [train] iter 440/4443  loss=0.5880
    [train] iter 460/4443  loss=0.5608
    [train] iter 480/4443  loss=0.7763
    [train] iter 500/4443  loss=0.5980
    [train] iter 520/4443  loss=0.6643
    [train] iter 540/4443  loss=0.5497
    [train] iter 560/4443  loss=0.5844
    [train] iter 580/4443  loss=0.5270
    [train] iter 600/4443  loss=0.3956
    [train] iter 620/4443  loss=0.4693
    [train] iter 640/4443  loss=0.5686
    [train] iter 660/4443  loss=0.4430
    [train] iter 680/4443  loss=0.4882
    [train] iter 700/4443  loss=0.5659
    [train] iter 720/4443  loss=0.6262
    [train] iter 740/4443  loss=0.5181
    [train] iter 760/4443  loss=0.4649
    [train] iter 780/4443  loss=0.5933
    [train] iter 800/4443  loss=0.4649
    [train] iter 820/4443  loss=0.5026
    [train] iter 840/4443  loss=0.5477
    [train] iter 860/4443  loss=0.5059
    [train] iter 880/4443  loss=0.4343
    [train] iter 900/4443  loss=0.5075
    [train] iter 920/4443  loss=0.4417
    [train] iter 940/4443  loss=0.5309
    [train] iter 960/4443  loss=0.4566
    [train] iter 980/4443  loss=0.3321
    [train] iter 1000/4443  loss=0.5883
    [train] iter 1020/4443  loss=0.5235
    [train] iter 1040/4443  loss=0.3642
    [train] iter 1060/4443  loss=0.6312
    [train] iter 1080/4443  loss=0.4118
    [train] iter 1100/4443  loss=0.4898
    [train] iter 1120/4443  loss=0.4974
    [train] iter 1140/4443  loss=0.4801
    [train] iter 1160/4443  loss=0.3246
    [train] iter 1180/4443  loss=0.4181
    [train] iter 1200/4443  loss=0.3999
    [train] iter 1220/4443  loss=0.5921
    [train] iter 1240/4443  loss=0.6114
    [train] iter 1260/4443  loss=0.4399
    [train] iter 1280/4443  loss=0.3395
    [train] iter 1300/4443  loss=0.6544
    [train] iter 1320/4443  loss=0.3135
    [train] iter 1340/4443  loss=0.3400
    [train] iter 1360/4443  loss=0.3433
    [train] iter 1380/4443  loss=0.4956
    [train] iter 1400/4443  loss=0.6216
    [train] iter 1420/4443  loss=0.5513
    [train] iter 1440/4443  loss=0.4009
    [train] iter 1460/4443  loss=0.5845
    [train] iter 1480/4443  loss=0.4755
    [train] iter 1500/4443  loss=0.4891
    [train] iter 1520/4443  loss=0.4620
    [train] iter 1540/4443  loss=0.4902
    [train] iter 1560/4443  loss=0.3571
    [train] iter 1580/4443  loss=0.4326
    [train] iter 1600/4443  loss=0.5295
    [train] iter 1620/4443  loss=0.5597
    [train] iter 1640/4443  loss=0.3957
    [train] iter 1660/4443  loss=0.5099
    [train] iter 1680/4443  loss=0.4058
    [train] iter 1700/4443  loss=0.5000
    [train] iter 1720/4443  loss=0.3852
    [train] iter 1740/4443  loss=0.5527
    [train] iter 1760/4443  loss=0.4731
    [train] iter 1780/4443  loss=0.4125
    [train] iter 1800/4443  loss=0.4956
    [train] iter 1820/4443  loss=0.4334
    [train] iter 1840/4443  loss=0.4133
    [train] iter 1860/4443  loss=0.3363
    [train] iter 1880/4443  loss=0.5994
    [train] iter 1900/4443  loss=0.6371
    [train] iter 1920/4443  loss=0.6530
    [train] iter 1940/4443  loss=0.4151
    [train] iter 1960/4443  loss=0.4620
    [train] iter 1980/4443  loss=0.4565
    [train] iter 2000/4443  loss=0.4988
    [train] iter 2020/4443  loss=0.4377
    [train] iter 2040/4443  loss=0.3885
    [train] iter 2060/4443  loss=0.4986
    [train] iter 2080/4443  loss=0.4605
    [train] iter 2100/4443  loss=0.5144
    [train] iter 2120/4443  loss=0.3930
    [train] iter 2140/4443  loss=0.4375
    [train] iter 2160/4443  loss=0.4046
    [train] iter 2180/4443  loss=0.3639
    [train] iter 2200/4443  loss=0.4166
    [train] iter 2220/4443  loss=0.4680
    [train] iter 2240/4443  loss=0.6260
    [train] iter 2260/4443  loss=0.4623
    [train] iter 2280/4443  loss=0.3834
    [train] iter 2300/4443  loss=0.3398
    [train] iter 2320/4443  loss=0.5150
    [train] iter 2340/4443  loss=0.4091
    [train] iter 2360/4443  loss=0.4054
    [train] iter 2380/4443  loss=0.3335
    [train] iter 2400/4443  loss=0.4308
    [train] iter 2420/4443  loss=0.3502
    [train] iter 2440/4443  loss=0.3363
    [train] iter 2460/4443  loss=0.4280
    [train] iter 2480/4443  loss=0.5302
    [train] iter 2500/4443  loss=0.5602
    [train] iter 2520/4443  loss=0.3864
    [train] iter 2540/4443  loss=0.3575
    [train] iter 2560/4443  loss=0.4688
    [train] iter 2580/4443  loss=0.4944
    [train] iter 2600/4443  loss=0.5994
    [train] iter 2620/4443  loss=0.4200
    [train] iter 2640/4443  loss=0.4170
    [train] iter 2660/4443  loss=0.3573
    [train] iter 2680/4443  loss=0.4069
    [train] iter 2700/4443  loss=0.5252
    [train] iter 2720/4443  loss=0.3747
    [train] iter 2740/4443  loss=0.4470
    [train] iter 2760/4443  loss=0.3705
    [train] iter 2780/4443  loss=0.4828
    [train] iter 2800/4443  loss=0.3726
    [train] iter 2820/4443  loss=0.4853
    [train] iter 2840/4443  loss=0.4823
    [train] iter 2860/4443  loss=0.3625
    [train] iter 2880/4443  loss=0.4252
    [train] iter 2900/4443  loss=0.4374
    [train] iter 2920/4443  loss=0.3361
    [train] iter 2940/4443  loss=0.5342
    [train] iter 2960/4443  loss=0.4934
    [train] iter 2980/4443  loss=0.4325
    [train] iter 3000/4443  loss=0.4533
    [train] iter 3020/4443  loss=0.3894
    [train] iter 3040/4443  loss=0.3583
    [train] iter 3060/4443  loss=0.4936
    [train] iter 3080/4443  loss=0.6240
    [train] iter 3100/4443  loss=0.5196
    [train] iter 3120/4443  loss=0.5160
    [train] iter 3140/4443  loss=0.3355
    [train] iter 3160/4443  loss=0.3926
    [train] iter 3180/4443  loss=0.4166
    [train] iter 3200/4443  loss=0.4727
    [train] iter 3220/4443  loss=0.4758
    [train] iter 3240/4443  loss=0.4166
    [train] iter 3260/4443  loss=0.5383
    [train] iter 3280/4443  loss=0.3988
    [train] iter 3300/4443  loss=0.4913
    [train] iter 3320/4443  loss=0.2949
    [train] iter 3340/4443  loss=0.5073
    [train] iter 3360/4443  loss=0.5661
    [train] iter 3380/4443  loss=0.3732
    [train] iter 3400/4443  loss=0.4842
    [train] iter 3420/4443  loss=0.4355
    [train] iter 3440/4443  loss=0.4097
    [train] iter 3460/4443  loss=0.4127
    [train] iter 3480/4443  loss=0.2912
    [train] iter 3500/4443  loss=0.5354
    [train] iter 3520/4443  loss=0.5488
    [train] iter 3540/4443  loss=0.4052
    [train] iter 3560/4443  loss=0.3757
    [train] iter 3580/4443  loss=0.4184
    [train] iter 3600/4443  loss=0.4234
    [train] iter 3620/4443  loss=0.4448
    [train] iter 3640/4443  loss=0.4371
    [train] iter 3660/4443  loss=0.4936
    [train] iter 3680/4443  loss=0.4580
    [train] iter 3700/4443  loss=0.3895
    [train] iter 3720/4443  loss=0.4531
    [train] iter 3740/4443  loss=0.3870
    [train] iter 3760/4443  loss=0.3428
    [train] iter 3780/4443  loss=0.4863
    [train] iter 3800/4443  loss=0.5236
    [train] iter 3820/4443  loss=0.2982
    [train] iter 3840/4443  loss=0.5402
    [train] iter 3860/4443  loss=0.3937
    [train] iter 3880/4443  loss=0.4584
    [train] iter 3900/4443  loss=0.3339
    [train] iter 3920/4443  loss=0.3375
    [train] iter 3940/4443  loss=0.6177
    [train] iter 3960/4443  loss=0.3472
    [train] iter 3980/4443  loss=0.3465
    [train] iter 4000/4443  loss=0.2539
    [train] iter 4020/4443  loss=0.4287
    [train] iter 4040/4443  loss=0.4724
    [train] iter 4060/4443  loss=0.4269
    [train] iter 4080/4443  loss=0.5086
    [train] iter 4100/4443  loss=0.4301
    [train] iter 4120/4443  loss=0.4344
    [train] iter 4140/4443  loss=0.4126
    [train] iter 4160/4443  loss=0.3756
    [train] iter 4180/4443  loss=0.3284
    [train] iter 4200/4443  loss=0.5105
    [train] iter 4220/4443  loss=0.3844
    [train] iter 4240/4443  loss=0.4191
    [train] iter 4260/4443  loss=0.4449
    [train] iter 4280/4443  loss=0.3708
    [train] iter 4300/4443  loss=0.4983
    [train] iter 4320/4443  loss=0.4410
    [train] iter 4340/4443  loss=0.4178
    [train] iter 4360/4443  loss=0.4032
    [train] iter 4380/4443  loss=0.3918
    [train] iter 4400/4443  loss=0.3023
    [train] iter 4420/4443  loss=0.4541
    [train] iter 4440/4443  loss=0.4096
  train_loss=0.4887  val_loss=0.4163  val_dice=0.5716
  [best] val_dice=0.5716 已保存

--- Epoch 2/100 (lr=5.00e-04) ---
    [train] iter 20/4443  loss=0.4093
    [train] iter 40/4443  loss=0.3688
    [train] iter 60/4443  loss=0.3685
    [train] iter 80/4443  loss=0.4665
    [train] iter 100/4443  loss=0.3393
    [train] iter 120/4443  loss=0.4104
    [train] iter 140/4443  loss=0.3760
    [train] iter 160/4443  loss=0.4411
    [train] iter 180/4443  loss=0.3121
    [train] iter 200/4443  loss=0.3796
    [train] iter 220/4443  loss=0.4585
    [train] iter 240/4443  loss=0.2139
    [train] iter 260/4443  loss=0.3990
    [train] iter 280/4443  loss=0.4182
    [train] iter 300/4443  loss=0.4533
    [train] iter 320/4443  loss=0.3299
    [train] iter 340/4443  loss=0.4731
    [train] iter 360/4443  loss=0.3737
    [train] iter 380/4443  loss=0.3615
    [train] iter 400/4443  loss=0.3482
    [train] iter 420/4443  loss=0.3070
    [train] iter 440/4443  loss=0.3893
    [train] iter 460/4443  loss=0.2939
    [train] iter 480/4443  loss=0.5848
    [train] iter 500/4443  loss=0.4276
    [train] iter 520/4443  loss=0.5790
    [train] iter 540/4443  loss=0.3226
    [train] iter 560/4443  loss=0.3181
    [train] iter 580/4443  loss=0.3166
    [train] iter 600/4443  loss=0.5407
    [train] iter 620/4443  loss=0.4583
    [train] iter 640/4443  loss=0.3414
    [train] iter 660/4443  loss=0.3481
    [train] iter 680/4443  loss=0.5261
    [train] iter 700/4443  loss=0.4023
    [train] iter 720/4443  loss=0.4153
    [train] iter 740/4443  loss=0.3861
    [train] iter 760/4443  loss=0.5526
    [train] iter 780/4443  loss=0.3358
    [train] iter 800/4443  loss=0.4188
    [train] iter 820/4443  loss=0.4882
    [train] iter 840/4443  loss=0.4427
    [train] iter 860/4443  loss=0.3978
    [train] iter 880/4443  loss=0.3725
    [train] iter 900/4443  loss=0.4278
    [train] iter 920/4443  loss=0.5099
    [train] iter 940/4443  loss=0.4177
    [train] iter 960/4443  loss=0.3951
    [train] iter 980/4443  loss=0.3025
    [train] iter 1000/4443  loss=0.4337
    [train] iter 1020/4443  loss=0.3843
    [train] iter 1040/4443  loss=0.6239
    [train] iter 1060/4443  loss=0.4334
    [train] iter 1080/4443  loss=0.3552
    [train] iter 1100/4443  loss=0.5604
    [train] iter 1120/4443  loss=0.3586
    [train] iter 1140/4443  loss=0.3954
    [train] iter 1160/4443  loss=0.4122
    [train] iter 1180/4443  loss=0.4362
    [train] iter 1200/4443  loss=0.5266
    [train] iter 1220/4443  loss=0.3313
    [train] iter 1240/4443  loss=0.4821
    [train] iter 1260/4443  loss=0.5276
    [train] iter 1280/4443  loss=0.3700
    [train] iter 1300/4443  loss=0.3497
    [train] iter 1320/4443  loss=0.5259
    [train] iter 1340/4443  loss=0.5173
    [train] iter 1360/4443  loss=0.4734
    [train] iter 1380/4443  loss=0.4376
    [train] iter 1400/4443  loss=0.4537
    [train] iter 1420/4443  loss=0.3489
    [train] iter 1440/4443  loss=0.4151
    [train] iter 1460/4443  loss=0.2993
    [train] iter 1480/4443  loss=0.3746
    [train] iter 1500/4443  loss=0.2559
    [train] iter 1520/4443  loss=0.4997
    [train] iter 1540/4443  loss=0.3684
    [train] iter 1560/4443  loss=0.3899
    [train] iter 1580/4443  loss=0.4118
    [train] iter 1600/4443  loss=0.4119
    [train] iter 1620/4443  loss=0.2832
    [train] iter 1640/4443  loss=0.3038
    [train] iter 1660/4443  loss=0.4301
    [train] iter 1680/4443  loss=0.3386
    [train] iter 1700/4443  loss=0.4081
    [train] iter 1720/4443  loss=0.4110
    [train] iter 1740/4443  loss=0.3655
    [train] iter 1760/4443  loss=0.4647
    [train] iter 1780/4443  loss=0.3292
    [train] iter 1800/4443  loss=0.3471
    [train] iter 1820/4443  loss=0.3821
    [train] iter 1840/4443  loss=0.4521
    [train] iter 1860/4443  loss=0.3482
    [train] iter 1880/4443  loss=0.3510
    [train] iter 1900/4443  loss=0.2899
    [train] iter 1920/4443  loss=0.5351
    [train] iter 1940/4443  loss=0.3796
    [train] iter 1960/4443  loss=0.4561
    [train] iter 1980/4443  loss=0.4009
    [train] iter 2000/4443  loss=0.3012
    [train] iter 2020/4443  loss=0.3909
    [train] iter 2040/4443  loss=0.5032
    [train] iter 2060/4443  loss=0.5476
    [train] iter 2080/4443  loss=0.4059
    [train] iter 2100/4443  loss=0.4073
    [train] iter 2120/4443  loss=0.3654
    [train] iter 2140/4443  loss=0.4539
    [train] iter 2160/4443  loss=0.3964
    [train] iter 2180/4443  loss=0.3408
    [train] iter 2200/4443  loss=0.4900
    [train] iter 2220/4443  loss=0.5585
    [train] iter 2240/4443  loss=0.3711
    [train] iter 2260/4443  loss=0.4218
    [train] iter 2280/4443  loss=0.2710
    [train] iter 2300/4443  loss=0.4523
    [train] iter 2320/4443  loss=0.4297
    [train] iter 2340/4443  loss=0.4548
    [train] iter 2360/4443  loss=0.4320
    [train] iter 2380/4443  loss=0.3619
    [train] iter 2400/4443  loss=0.4018
    [train] iter 2420/4443  loss=0.4537
    [train] iter 2440/4443  loss=0.5370
    [train] iter 2460/4443  loss=0.4952
    [train] iter 2480/4443  loss=0.4769
    [train] iter 2500/4443  loss=0.3284
    [train] iter 2520/4443  loss=0.6065
    [train] iter 2540/4443  loss=0.5715
    [train] iter 2560/4443  loss=0.4878
    [train] iter 2580/4443  loss=0.4364
    [train] iter 2600/4443  loss=0.5014
    [train] iter 2620/4443  loss=0.4362
    [train] iter 2640/4443  loss=0.4783
    [train] iter 2660/4443  loss=0.4526
    [train] iter 2680/4443  loss=0.3436
    [train] iter 2700/4443  loss=0.4589
    [train] iter 2720/4443  loss=0.4634
    [train] iter 2740/4443  loss=0.4926
    [train] iter 2760/4443  loss=0.3334
    [train] iter 2780/4443  loss=0.3301
    [train] iter 2800/4443  loss=0.3437
    [train] iter 2820/4443  loss=0.4783
    [train] iter 2840/4443  loss=0.3335
    [train] iter 2860/4443  loss=0.3896
    [train] iter 2880/4443  loss=0.4265
    [train] iter 2900/4443  loss=0.3470
    [train] iter 2920/4443  loss=0.4189
    [train] iter 2940/4443  loss=0.3739
    [train] iter 2960/4443  loss=0.3792
    [train] iter 2980/4443  loss=0.4750
    [train] iter 3000/4443  loss=0.4076
    [train] iter 3020/4443  loss=0.4377
    [train] iter 3040/4443  loss=0.3354
    [train] iter 3060/4443  loss=0.4888
    [train] iter 3080/4443  loss=0.4369
    [train] iter 3100/4443  loss=0.3623
    [train] iter 3120/4443  loss=0.3919
    [train] iter 3140/4443  loss=0.3419
    [train] iter 3160/4443  loss=0.3955
    [train] iter 3180/4443  loss=0.3814
    [train] iter 3200/4443  loss=0.4307
    [train] iter 3220/4443  loss=0.4551
    [train] iter 3240/4443  loss=0.3727
    [train] iter 3260/4443  loss=0.4628
    [train] iter 3280/4443  loss=0.3841
    [train] iter 3300/4443  loss=0.3991
    [train] iter 3320/4443  loss=0.4356
    [train] iter 3340/4443  loss=0.3400
    [train] iter 3360/4443  loss=0.3911
    [train] iter 3380/4443  loss=0.2636
    [train] iter 3400/4443  loss=0.3280
    [train] iter 3420/4443  loss=0.4062
    [train] iter 3440/4443  loss=0.3104
    [train] iter 3460/4443  loss=0.3994
    [train] iter 3480/4443  loss=0.4363
    [train] iter 3500/4443  loss=0.4932
    [train] iter 3520/4443  loss=0.4802
    [train] iter 3540/4443  loss=0.3989
    [train] iter 3560/4443  loss=0.4131
    [train] iter 3580/4443  loss=0.3428
    [train] iter 3600/4443  loss=0.3936
    [train] iter 3620/4443  loss=0.4565
    [train] iter 3640/4443  loss=0.3271
    [train] iter 3660/4443  loss=0.5249
    [train] iter 3680/4443  loss=0.3781
    [train] iter 3700/4443  loss=0.2989
    [train] iter 3720/4443  loss=0.3088
    [train] iter 3740/4443  loss=0.4041
    [train] iter 3760/4443  loss=0.4266
    [train] iter 3780/4443  loss=0.4693
    [train] iter 3800/4443  loss=0.3950
    [train] iter 3820/4443  loss=0.3608
    [train] iter 3840/4443  loss=0.2284
    [train] iter 3860/4443  loss=0.3595
    [train] iter 3880/4443  loss=0.3383
    [train] iter 3900/4443  loss=0.4125
    [train] iter 3920/4443  loss=0.4570
    [train] iter 3940/4443  loss=0.3988
    [train] iter 3960/4443  loss=0.4327
    [train] iter 3980/4443  loss=0.4664
    [train] iter 4000/4443  loss=0.4484
    [train] iter 4020/4443  loss=0.4030
    [train] iter 4040/4443  loss=0.3717
    [train] iter 4060/4443  loss=0.3697
    [train] iter 4080/4443  loss=0.4042
    [train] iter 4100/4443  loss=0.3328
    [train] iter 4120/4443  loss=0.3738
    [train] iter 4140/4443  loss=0.2769
    [train] iter 4160/4443  loss=0.5323
    [train] iter 4180/4443  loss=0.3738
    [train] iter 4200/4443  loss=0.5405
    [train] iter 4220/4443  loss=0.4888
    [train] iter 4240/4443  loss=0.3533
    [train] iter 4260/4443  loss=0.4699
    [train] iter 4280/4443  loss=0.4051
    [train] iter 4300/4443  loss=0.3592
    [train] iter 4320/4443  loss=0.4815
    [train] iter 4340/4443  loss=0.3529
    [train] iter 4360/4443  loss=0.4403
    [train] iter 4380/4443  loss=0.3340
    [train] iter 4400/4443  loss=0.3726
    [train] iter 4420/4443  loss=0.3106
    [train] iter 4440/4443  loss=0.4445
  train_loss=0.4068  val_loss=0.3973  val_dice=0.5900
  [best] val_dice=0.5900 已保存

--- Epoch 3/100 (lr=5.00e-04) ---
    [train] iter 20/4443  loss=0.5158
    [train] iter 40/4443  loss=0.3601
    [train] iter 60/4443  loss=0.2694
    [train] iter 80/4443  loss=0.3963
    [train] iter 100/4443  loss=0.3184
    [train] iter 120/4443  loss=0.4426
    [train] iter 140/4443  loss=0.3977
    [train] iter 160/4443  loss=0.4940
    [train] iter 180/4443  loss=0.5038
    [train] iter 200/4443  loss=0.4333
    [train] iter 220/4443  loss=0.3477
    [train] iter 240/4443  loss=0.2478
    [train] iter 260/4443  loss=0.3951
    [train] iter 280/4443  loss=0.5101
    [train] iter 300/4443  loss=0.4759
    [train] iter 320/4443  loss=0.3383
    [train] iter 340/4443  loss=0.3789
    [train] iter 360/4443  loss=0.3144
    [train] iter 380/4443  loss=0.4820
    [train] iter 400/4443  loss=0.3216
    [train] iter 420/4443  loss=0.3425
    [train] iter 440/4443  loss=0.4571
    [train] iter 460/4443  loss=0.4318
    [train] iter 480/4443  loss=0.3931
    [train] iter 500/4443  loss=0.3197
    [train] iter 520/4443  loss=0.4909
    [train] iter 540/4443  loss=0.3261
    [train] iter 560/4443  loss=0.4042
    [train] iter 580/4443  loss=0.4448
    [train] iter 600/4443  loss=0.5700
    [train] iter 620/4443  loss=0.3266
    [train] iter 640/4443  loss=0.4178
    [train] iter 660/4443  loss=0.3762
    [train] iter 680/4443  loss=0.4605
    [train] iter 700/4443  loss=0.2520
    [train] iter 720/4443  loss=0.4618
    [train] iter 740/4443  loss=0.4930
    [train] iter 760/4443  loss=0.3473
    [train] iter 780/4443  loss=0.4268
    [train] iter 800/4443  loss=0.5407
    [train] iter 820/4443  loss=0.4082
    [train] iter 840/4443  loss=0.3294
    [train] iter 860/4443  loss=0.4336
    [train] iter 880/4443  loss=0.4152
    [train] iter 900/4443  loss=0.2598
    [train] iter 920/4443  loss=0.4219
    [train] iter 940/4443  loss=0.4222
    [train] iter 960/4443  loss=0.4503
    [train] iter 980/4443  loss=0.5270
    [train] iter 1000/4443  loss=0.2957
    [train] iter 1020/4443  loss=0.2837
    [train] iter 1040/4443  loss=0.4809
    [train] iter 1060/4443  loss=0.3895
    [train] iter 1080/4443  loss=0.3343
    [train] iter 1100/4443  loss=0.2823
    [train] iter 1120/4443  loss=0.3580
    [train] iter 1140/4443  loss=0.3887
    [train] iter 1160/4443  loss=0.2290
    [train] iter 1180/4443  loss=0.4558
    [train] iter 1200/4443  loss=0.3670
    [train] iter 1220/4443  loss=0.3068
    [train] iter 1240/4443  loss=0.4952
    [train] iter 1260/4443  loss=0.3359
    [train] iter 1280/4443  loss=0.3427
    [train] iter 1300/4443  loss=0.4739
    [train] iter 1320/4443  loss=0.3204
    [train] iter 1340/4443  loss=0.4431
    [train] iter 1360/4443  loss=0.5213
    [train] iter 1380/4443  loss=0.3480
    [train] iter 1400/4443  loss=0.4464
    [train] iter 1420/4443  loss=0.4417
    [train] iter 1440/4443  loss=0.4365
    [train] iter 1460/4443  loss=0.2896
    [train] iter 1480/4443  loss=0.3786
    [train] iter 1500/4443  loss=0.4217
    [train] iter 1520/4443  loss=0.3417
    [train] iter 1540/4443  loss=0.4098
    [train] iter 1560/4443  loss=0.4455
    [train] iter 1580/4443  loss=0.3739
    [train] iter 1600/4443  loss=0.3293
    [train] iter 1620/4443  loss=0.3959
    [train] iter 1640/4443  loss=0.4390
    [train] iter 1660/4443  loss=0.2975
    [train] iter 1680/4443  loss=0.4564
    [train] iter 1700/4443  loss=0.4589
    [train] iter 1720/4443  loss=0.5481
    [train] iter 1740/4443  loss=0.4567
    [train] iter 1760/4443  loss=0.3819
    [train] iter 1780/4443  loss=0.4204
    [train] iter 1800/4443  loss=0.3984
    [train] iter 1820/4443  loss=0.4178
    [train] iter 1840/4443  loss=0.3995
    [train] iter 1860/4443  loss=0.4431
    [train] iter 1880/4443  loss=0.3945
    [train] iter 1900/4443  loss=0.4601
    [train] iter 1920/4443  loss=0.4144
    [train] iter 1940/4443  loss=0.3913
    [train] iter 1960/4443  loss=0.2929
    [train] iter 1980/4443  loss=0.3881
    [train] iter 2000/4443  loss=0.2204
    [train] iter 2020/4443  loss=0.3967
    [train] iter 2040/4443  loss=0.2698
    [train] iter 2060/4443  loss=0.3713
    [train] iter 2080/4443  loss=0.3779
    [train] iter 2100/4443  loss=0.3763
    [train] iter 2120/4443  loss=0.4295
    [train] iter 2140/4443  loss=0.2958
    [train] iter 2160/4443  loss=0.3179
    [train] iter 2180/4443  loss=0.2736
    [train] iter 2200/4443  loss=0.2652
    [train] iter 2220/4443  loss=0.4069
    [train] iter 2240/4443  loss=0.4079
    [train] iter 2260/4443  loss=0.4381
    [train] iter 2280/4443  loss=0.3954
    [train] iter 2300/4443  loss=0.5172
    [train] iter 2320/4443  loss=0.3488
    [train] iter 2340/4443  loss=0.3869
    [train] iter 2360/4443  loss=0.4102
    [train] iter 2380/4443  loss=0.4047
    [train] iter 2400/4443  loss=0.3022
    [train] iter 2420/4443  loss=0.5206
    [train] iter 2440/4443  loss=0.3340
    [train] iter 2460/4443  loss=0.3329
    [train] iter 2480/4443  loss=0.4410
    [train] iter 2500/4443  loss=0.3225
    [train] iter 2520/4443  loss=0.2749
    [train] iter 2540/4443  loss=0.3706
    [train] iter 2560/4443  loss=0.4203
    [train] iter 2580/4443  loss=0.4430
    [train] iter 2600/4443  loss=0.2455
    [train] iter 2620/4443  loss=0.3854
    [train] iter 2640/4443  loss=0.3524
    [train] iter 2660/4443  loss=0.3100
    [train] iter 2680/4443  loss=0.3668
    [train] iter 2700/4443  loss=0.5023
    [train] iter 2720/4443  loss=0.4994
    [train] iter 2740/4443  loss=0.4648
    [train] iter 2760/4443  loss=0.4205
    [train] iter 2780/4443  loss=0.3591
    [train] iter 2800/4443  loss=0.3847
    [train] iter 2820/4443  loss=0.3993
    [train] iter 2840/4443  loss=0.6118
    [train] iter 2860/4443  loss=0.3820
    [train] iter 2880/4443  loss=0.4336
    [train] iter 2900/4443  loss=0.3263
    [train] iter 2920/4443  loss=0.4322
    [train] iter 2940/4443  loss=0.3098
    [train] iter 2960/4443  loss=0.4545
    [train] iter 2980/4443  loss=0.2981
    [train] iter 3000/4443  loss=0.5484
    [train] iter 3020/4443  loss=0.4042
    [train] iter 3040/4443  loss=0.3113
    [train] iter 3060/4443  loss=0.3954
    [train] iter 3080/4443  loss=0.3548
    [train] iter 3100/4443  loss=0.4092
    [train] iter 3120/4443  loss=0.4007
    [train] iter 3140/4443  loss=0.4560
    [train] iter 3160/4443  loss=0.3638
    [train] iter 3180/4443  loss=0.4586
    [train] iter 3200/4443  loss=0.2905
    [train] iter 3220/4443  loss=0.3278
    [train] iter 3240/4443  loss=0.4040
    [train] iter 3260/4443  loss=0.4707
    [train] iter 3280/4443  loss=0.4400
    [train] iter 3300/4443  loss=0.3881
    [train] iter 3320/4443  loss=0.2966
    [train] iter 3340/4443  loss=0.4013
    [train] iter 3360/4443  loss=0.4081
    [train] iter 3380/4443  loss=0.3999
    [train] iter 3400/4443  loss=0.4554
    [train] iter 3420/4443  loss=0.3193
    [train] iter 3440/4443  loss=0.3786
    [train] iter 3460/4443  loss=0.3754
    [train] iter 3480/4443  loss=0.3633
    [train] iter 3500/4443  loss=0.3321
    [train] iter 3520/4443  loss=0.4048
    [train] iter 3540/4443  loss=0.3304
    [train] iter 3560/4443  loss=0.4352
    [train] iter 3580/4443  loss=0.3286
    [train] iter 3600/4443  loss=0.5037
    [train] iter 3620/4443  loss=0.2732
    [train] iter 3640/4443  loss=0.3437
    [train] iter 3660/4443  loss=0.3410
    [train] iter 3680/4443  loss=0.3524
    [train] iter 3700/4443  loss=0.4279
    [train] iter 3720/4443  loss=0.3217
    [train] iter 3740/4443  loss=0.4326
    [train] iter 3760/4443  loss=0.2770
    [train] iter 3780/4443  loss=0.3637
    [train] iter 3800/4443  loss=0.3479
    [train] iter 3820/4443  loss=0.3438
    [train] iter 3840/4443  loss=0.2900
    [train] iter 3860/4443  loss=0.4577
    [train] iter 3880/4443  loss=0.4164
    [train] iter 3900/4443  loss=0.4811
    [train] iter 3920/4443  loss=0.4113
    [train] iter 3940/4443  loss=0.3390
    [train] iter 3960/4443  loss=0.4274
    [train] iter 3980/4443  loss=0.4398
    [train] iter 4000/4443  loss=0.4770
    [train] iter 4020/4443  loss=0.3024
    [train] iter 4040/4443  loss=0.3931
    [train] iter 4060/4443  loss=0.3835
    [train] iter 4080/4443  loss=0.3596
    [train] iter 4100/4443  loss=0.4416
    [train] iter 4120/4443  loss=0.3823
    [train] iter 4140/4443  loss=0.3628
    [train] iter 4160/4443  loss=0.4341
    [train] iter 4180/4443  loss=0.2727
    [train] iter 4200/4443  loss=0.2747
    [train] iter 4220/4443  loss=0.2991
    [train] iter 4240/4443  loss=0.3893
    [train] iter 4260/4443  loss=0.3973
    [train] iter 4280/4443  loss=0.5704
    [train] iter 4300/4443  loss=0.4053
    [train] iter 4320/4443  loss=0.4124
    [train] iter 4340/4443  loss=0.3900
    [train] iter 4360/4443  loss=0.2493
    [train] iter 4380/4443  loss=0.3618
    [train] iter 4400/4443  loss=0.5050
    [train] iter 4420/4443  loss=0.3370
    [train] iter 4440/4443  loss=0.4333
  train_loss=0.3893  val_loss=0.3878  val_dice=0.5900
  [best] val_dice=0.5900 已保存

--- Epoch 4/100 (lr=4.99e-04) ---
    [train] iter 20/4443  loss=0.5462
    [train] iter 40/4443  loss=0.4195
    [train] iter 60/4443  loss=0.3672
    [train] iter 80/4443  loss=0.4037
    [train] iter 100/4443  loss=0.3109
    [train] iter 120/4443  loss=0.3350
    [train] iter 140/4443  loss=0.4497
    [train] iter 160/4443  loss=0.5289
    [train] iter 180/4443  loss=0.2563
    [train] iter 200/4443  loss=0.4963
    [train] iter 220/4443  loss=0.5259
    [train] iter 240/4443  loss=0.3321
    [train] iter 260/4443  loss=0.4572
    [train] iter 280/4443  loss=0.4217
    [train] iter 300/4443  loss=0.3712
    [train] iter 320/4443  loss=0.3949
    [train] iter 340/4443  loss=0.2112
    [train] iter 360/4443  loss=0.4507
    [train] iter 380/4443  loss=0.2985
    [train] iter 400/4443  loss=0.3002
    [train] iter 420/4443  loss=0.2992
    [train] iter 440/4443  loss=0.2780
    [train] iter 460/4443  loss=0.3683
    [train] iter 480/4443  loss=0.4239
    [train] iter 500/4443  loss=0.3381
    [train] iter 520/4443  loss=0.3982
    [train] iter 540/4443  loss=0.2294
    [train] iter 560/4443  loss=0.3188
    [train] iter 580/4443  loss=0.2955
    [train] iter 600/4443  loss=0.4085
    [train] iter 620/4443  loss=0.4537
    [train] iter 640/4443  loss=0.3909
    [train] iter 660/4443  loss=0.3539
    [train] iter 680/4443  loss=0.4443
    [train] iter 700/4443  loss=0.3548
    [train] iter 720/4443  loss=0.3696
    [train] iter 740/4443  loss=0.3187
    [train] iter 760/4443  loss=0.3078
    [train] iter 780/4443  loss=0.4219
    [train] iter 800/4443  loss=0.4464
    [train] iter 820/4443  loss=0.3500
    [train] iter 840/4443  loss=0.3375
    [train] iter 860/4443  loss=0.2580
    [train] iter 880/4443  loss=0.3085
    [train] iter 900/4443  loss=0.3969
    [train] iter 920/4443  loss=0.4422
    [train] iter 940/4443  loss=0.3975
    [train] iter 960/4443  loss=0.4140
    [train] iter 980/4443  loss=0.3166
    [train] iter 1000/4443  loss=0.3997
    [train] iter 1020/4443  loss=0.3010
    [train] iter 1040/4443  loss=0.3669
    [train] iter 1060/4443  loss=0.4469
    [train] iter 1080/4443  loss=0.3367
    [train] iter 1100/4443  loss=0.3489
    [train] iter 1120/4443  loss=0.2944
    [train] iter 1140/4443  loss=0.3418
    [train] iter 1160/4443  loss=0.3464
    [train] iter 1180/4443  loss=0.4403
    [train] iter 1200/4443  loss=0.4332
    [train] iter 1220/4443  loss=0.4585
    [train] iter 1240/4443  loss=0.4373
    [train] iter 1260/4443  loss=0.2610
    [train] iter 1280/4443  loss=0.4635
    [train] iter 1300/4443  loss=0.3401
    [train] iter 1320/4443  loss=0.4569
    [train] iter 1340/4443  loss=0.4125
    [train] iter 1360/4443  loss=0.3956
    [train] iter 1380/4443  loss=0.3756
    [train] iter 1400/4443  loss=0.2855
    [train] iter 1420/4443  loss=0.6179
    [train] iter 1440/4443  loss=0.3532
    [train] iter 1460/4443  loss=0.3315
    [train] iter 1480/4443  loss=0.3533
    [train] iter 1500/4443  loss=0.4953
    [train] iter 1520/4443  loss=0.3443
    [train] iter 1540/4443  loss=0.4449
    [train] iter 1560/4443  loss=0.3575
    [train] iter 1580/4443  loss=0.5472
    [train] iter 1600/4443  loss=0.4438
    [train] iter 1620/4443  loss=0.4521
    [train] iter 1640/4443  loss=0.3804
    [train] iter 1660/4443  loss=0.3827
    [train] iter 1680/4443  loss=0.3732
    [train] iter 1700/4443  loss=0.3191
    [train] iter 1720/4443  loss=0.3404
    [train] iter 1740/4443  loss=0.2498
    [train] iter 1760/4443  loss=0.3978
    [train] iter 1780/4443  loss=0.3171
    [train] iter 1800/4443  loss=0.4147
    [train] iter 1820/4443  loss=0.4763
    [train] iter 1840/4443  loss=0.4094
    [train] iter 1860/4443  loss=0.3451
    [train] iter 1880/4443  loss=0.3786
    [train] iter 1900/4443  loss=0.4326
    [train] iter 1920/4443  loss=0.3548
    [train] iter 1940/4443  loss=0.3380
    [train] iter 1960/4443  loss=0.2773
    [train] iter 1980/4443  loss=0.2742
    [train] iter 2000/4443  loss=0.2891
    [train] iter 2020/4443  loss=0.3665
    [train] iter 2040/4443  loss=0.3518
    [train] iter 2060/4443  loss=0.4872
    [train] iter 2080/4443  loss=0.3450
    [train] iter 2100/4443  loss=0.3101
    [train] iter 2120/4443  loss=0.2797
    [train] iter 2140/4443  loss=0.4214
    [train] iter 2160/4443  loss=0.2603
    [train] iter 2180/4443  loss=0.2022
    [train] iter 2200/4443  loss=0.3330
    [train] iter 2220/4443  loss=0.3411
    [train] iter 2240/4443  loss=0.2394
    [train] iter 2260/4443  loss=0.3901
    [train] iter 2280/4443  loss=0.3107
    [train] iter 2300/4443  loss=0.2834
    [train] iter 2320/4443  loss=0.2330
    [train] iter 2340/4443  loss=0.2559
    [train] iter 2360/4443  loss=0.2743
    [train] iter 2380/4443  loss=0.2433
    [train] iter 2400/4443  loss=0.4655
    [train] iter 2420/4443  loss=0.2880
    [train] iter 2440/4443  loss=0.1686
    [train] iter 2460/4443  loss=0.3193
    [train] iter 2480/4443  loss=0.2731
    [train] iter 2500/4443  loss=0.1755
    [train] iter 2520/4443  loss=0.3469
    [train] iter 2540/4443  loss=0.2664
    [train] iter 2560/4443  loss=0.2533
    [train] iter 2580/4443  loss=0.3020
    [train] iter 2600/4443  loss=0.2629
    [train] iter 2620/4443  loss=0.3140
    [train] iter 2640/4443  loss=0.2941
    [train] iter 2660/4443  loss=0.3810
    [train] iter 2680/4443  loss=0.2721
    [train] iter 2700/4443  loss=0.1332
    [train] iter 2720/4443  loss=0.2731
    [train] iter 2740/4443  loss=0.1740
    [train] iter 2760/4443  loss=0.2635
    [train] iter 2780/4443  loss=0.2581
    [train] iter 2800/4443  loss=0.3160
    [train] iter 2820/4443  loss=0.1583
    [train] iter 2840/4443  loss=0.2536
    [train] iter 2860/4443  loss=0.3094
    [train] iter 2880/4443  loss=0.3003
    [train] iter 2900/4443  loss=0.4075
    [train] iter 2920/4443  loss=0.3447
    [train] iter 2940/4443  loss=0.2130
    [train] iter 2960/4443  loss=0.3626
    [train] iter 2980/4443  loss=0.2246
    [train] iter 3000/4443  loss=0.3855
    [train] iter 3020/4443  loss=0.2887
    [train] iter 3040/4443  loss=0.1984
    [train] iter 3060/4443  loss=0.2404
    [train] iter 3080/4443  loss=0.2864
    [train] iter 3100/4443  loss=0.1672
    [train] iter 3120/4443  loss=0.3560
    [train] iter 3140/4443  loss=0.3065
    [train] iter 3160/4443  loss=0.2565
    [train] iter 3180/4443  loss=0.2012
    [train] iter 3200/4443  loss=0.4185
    [train] iter 3220/4443  loss=0.2514
    [train] iter 3240/4443  loss=0.3311
    [train] iter 3260/4443  loss=0.1709
    [train] iter 3280/4443  loss=0.2801
    [train] iter 3300/4443  loss=0.2830
    [train] iter 3320/4443  loss=0.2528
    [train] iter 3340/4443  loss=0.1618
    [train] iter 3360/4443  loss=0.2744
    [train] iter 3380/4443  loss=0.2272
    [train] iter 3400/4443  loss=0.1500
    [train] iter 3420/4443  loss=0.1791
    [train] iter 3440/4443  loss=0.3976
    [train] iter 3460/4443  loss=0.4061
    [train] iter 3480/4443  loss=0.3614
    [train] iter 3500/4443  loss=0.1969
    [train] iter 3520/4443  loss=0.2708
    [train] iter 3540/4443  loss=0.1930
    [train] iter 3560/4443  loss=0.2436
    [train] iter 3580/4443  loss=0.2238
    [train] iter 3600/4443  loss=0.4422
    [train] iter 3620/4443  loss=0.1715
    [train] iter 3640/4443  loss=0.3767
    [train] iter 3660/4443  loss=0.2098
    [train] iter 3680/4443  loss=0.4684
    [train] iter 3700/4443  loss=0.3036
    [train] iter 3720/4443  loss=0.1607
    [train] iter 3740/4443  loss=0.2217
    [train] iter 3760/4443  loss=0.2748
    [train] iter 3780/4443  loss=0.1627
    [train] iter 3800/4443  loss=0.2516
    [train] iter 3820/4443  loss=0.3203
    [train] iter 3840/4443  loss=0.2528
    [train] iter 3860/4443  loss=0.3011
    [train] iter 3880/4443  loss=0.1318
    [train] iter 3900/4443  loss=0.3163
    [train] iter 3920/4443  loss=0.1797
    [train] iter 3940/4443  loss=0.1513
    [train] iter 3960/4443  loss=0.1606
    [train] iter 3980/4443  loss=0.2698
    [train] iter 4000/4443  loss=0.2308
    [train] iter 4020/4443  loss=0.1701
    [train] iter 4040/4443  loss=0.3671
    [train] iter 4060/4443  loss=0.2781
    [train] iter 4080/4443  loss=0.3824
    [train] iter 4100/4443  loss=0.4125
    [train] iter 4120/4443  loss=0.3246
    [train] iter 4140/4443  loss=0.1894
    [train] iter 4160/4443  loss=0.2215
    [train] iter 4180/4443  loss=0.2243
    [train] iter 4200/4443  loss=0.2418
    [train] iter 4220/4443  loss=0.3597
    [train] iter 4240/4443  loss=0.2699
    [train] iter 4260/4443  loss=0.3075
    [train] iter 4280/4443  loss=0.1843
    [train] iter 4300/4443  loss=0.3382
    [train] iter 4320/4443  loss=0.1803
    [train] iter 4340/4443  loss=0.1560
    [train] iter 4360/4443  loss=0.2343
    [train] iter 4380/4443  loss=0.1806
    [train] iter 4400/4443  loss=0.1494
    [train] iter 4420/4443  loss=0.3061
    [train] iter 4440/4443  loss=0.2804
  train_loss=0.3185  val_loss=0.2341  val_dice=0.7389
  [best] val_dice=0.7389 已保存

--- Epoch 5/100 (lr=4.98e-04) ---
    [train] iter 20/4443  loss=0.2878
    [train] iter 40/4443  loss=0.3971
    [train] iter 60/4443  loss=0.2214
    [train] iter 80/4443  loss=0.2665
    [train] iter 100/4443  loss=0.2864
    [train] iter 120/4443  loss=0.2184
    [train] iter 140/4443  loss=0.2711
    [train] iter 160/4443  loss=0.1452
    [train] iter 180/4443  loss=0.2440
    [train] iter 200/4443  loss=0.1891
    [train] iter 220/4443  loss=0.1788
    [train] iter 240/4443  loss=0.2218
    [train] iter 260/4443  loss=0.1759
    [train] iter 280/4443  loss=0.1812
    [train] iter 300/4443  loss=0.1566
    [train] iter 320/4443  loss=0.1835
    [train] iter 340/4443  loss=0.3934
    [train] iter 360/4443  loss=0.4615
    [train] iter 380/4443  loss=0.3727
    [train] iter 400/4443  loss=0.2354
    [train] iter 420/4443  loss=0.4063
    [train] iter 440/4443  loss=0.2936
    [train] iter 460/4443  loss=0.2411
    [train] iter 480/4443  loss=0.2680
    [train] iter 500/4443  loss=0.1701
    [train] iter 520/4443  loss=0.1518
    [train] iter 540/4443  loss=0.2522
    [train] iter 560/4443  loss=0.2663
    [train] iter 580/4443  loss=0.1788
    [train] iter 600/4443  loss=0.3731
    [train] iter 620/4443  loss=0.2162
    [train] iter 640/4443  loss=0.2128
    [train] iter 660/4443  loss=0.2193
    [train] iter 680/4443  loss=0.3611
    [train] iter 700/4443  loss=0.2981
    [train] iter 720/4443  loss=0.1898
    [train] iter 740/4443  loss=0.2203
    [train] iter 760/4443  loss=0.4282
    [train] iter 780/4443  loss=0.3696
    [train] iter 800/4443  loss=0.2040
    [train] iter 820/4443  loss=0.1765
    [train] iter 840/4443  loss=0.2046
    [train] iter 860/4443  loss=0.3742
    [train] iter 880/4443  loss=0.2951
    [train] iter 900/4443  loss=0.3363
    [train] iter 920/4443  loss=0.2573
    [train] iter 940/4443  loss=0.2031
    [train] iter 960/4443  loss=0.2890
    [train] iter 980/4443  loss=0.2089
    [train] iter 1000/4443  loss=0.2098
    [train] iter 1020/4443  loss=0.1333
    [train] iter 1040/4443  loss=0.2816
    [train] iter 1060/4443  loss=0.3176
    [train] iter 1080/4443  loss=0.3601
    [train] iter 1100/4443  loss=0.2375
    [train] iter 1120/4443  loss=0.1355
    [train] iter 1140/4443  loss=0.1465
    [train] iter 1160/4443  loss=0.2692
    [train] iter 1180/4443  loss=0.1978
    [train] iter 1200/4443  loss=0.1741
    [train] iter 1220/4443  loss=0.1956
    [train] iter 1240/4443  loss=0.2721
    [train] iter 1260/4443  loss=0.4094
    [train] iter 1280/4443  loss=0.2900
    [train] iter 1300/4443  loss=0.2799
    [train] iter 1320/4443  loss=0.1564
    [train] iter 1340/4443  loss=0.3328
    [train] iter 1360/4443  loss=0.1492
    [train] iter 1380/4443  loss=0.2919
    [train] iter 1400/4443  loss=0.2180
    [train] iter 1420/4443  loss=0.2094
    [train] iter 1440/4443  loss=0.2764
    [train] iter 1460/4443  loss=0.2076
    [train] iter 1480/4443  loss=0.2786
    [train] iter 1500/4443  loss=0.2419
    [train] iter 1520/4443  loss=0.2268
    [train] iter 1540/4443  loss=0.2668
    [train] iter 1560/4443  loss=0.3221
    [train] iter 1580/4443  loss=0.4334
    [train] iter 1600/4443  loss=0.1967
    [train] iter 1620/4443  loss=0.3628
    [train] iter 1640/4443  loss=0.1754
    [train] iter 1660/4443  loss=0.3419
    [train] iter 1680/4443  loss=0.2956
    [train] iter 1700/4443  loss=0.3540
    [train] iter 1720/4443  loss=0.1621
    [train] iter 1740/4443  loss=0.2825
    [train] iter 1760/4443  loss=0.2048
    [train] iter 1780/4443  loss=0.2643
    [train] iter 1800/4443  loss=0.3650
    [train] iter 1820/4443  loss=0.2950
    [train] iter 1840/4443  loss=0.2138
    [train] iter 1860/4443  loss=0.2321
    [train] iter 1880/4443  loss=0.3588
    [train] iter 1900/4443  loss=0.2885
    [train] iter 1920/4443  loss=0.1603
    [train] iter 1940/4443  loss=0.2284
    [train] iter 1960/4443  loss=0.2425
    [train] iter 1980/4443  loss=0.1776
    [train] iter 2000/4443  loss=0.2472
    [train] iter 2020/4443  loss=0.1962
    [train] iter 2040/4443  loss=0.1767
    [train] iter 2060/4443  loss=0.2719
    [train] iter 2080/4443  loss=0.3449
    [train] iter 2100/4443  loss=0.2415
    [train] iter 2120/4443  loss=0.3977
    [train] iter 2140/4443  loss=0.2191
    [train] iter 2160/4443  loss=0.2331
    [train] iter 2180/4443  loss=0.1965
    [train] iter 2200/4443  loss=0.3266
    [train] iter 2220/4443  loss=0.3140
    [train] iter 2240/4443  loss=0.2392
    [train] iter 2260/4443  loss=0.3136
    [train] iter 2280/4443  loss=0.2474
    [train] iter 2300/4443  loss=0.3189
    [train] iter 2320/4443  loss=0.2161
    [train] iter 2340/4443  loss=0.1936
    [train] iter 2360/4443  loss=0.1999
    [train] iter 2380/4443  loss=0.3147
    [train] iter 2400/4443  loss=0.1467
    [train] iter 2420/4443  loss=0.2739
    [train] iter 2440/4443  loss=0.2278
    [train] iter 2460/4443  loss=0.1856
    [train] iter 2480/4443  loss=0.1676
    [train] iter 2500/4443  loss=0.2499
    [train] iter 2520/4443  loss=0.2071
    [train] iter 2540/4443  loss=0.3342
    [train] iter 2560/4443  loss=0.1456
    [train] iter 2580/4443  loss=0.1439
    [train] iter 2600/4443  loss=0.3300
    [train] iter 2620/4443  loss=0.3033
    [train] iter 2640/4443  loss=0.3457
    [train] iter 2660/4443  loss=0.3297
    [train] iter 2680/4443  loss=0.4917
    [train] iter 2700/4443  loss=0.1612
    [train] iter 2720/4443  loss=0.3028
    [train] iter 2740/4443  loss=0.3247
    [train] iter 2760/4443  loss=0.3548
    [train] iter 2780/4443  loss=0.1464
    [train] iter 2800/4443  loss=0.3412
    [train] iter 2820/4443  loss=0.1341
    [train] iter 2840/4443  loss=0.2387
    [train] iter 2860/4443  loss=0.2353
    [train] iter 2880/4443  loss=0.1957
    [train] iter 2900/4443  loss=0.2092
    [train] iter 2920/4443  loss=0.1819
    [train] iter 2940/4443  loss=0.2659
    [train] iter 2960/4443  loss=0.2254
    [train] iter 2980/4443  loss=0.2521
    [train] iter 3000/4443  loss=0.2683
    [train] iter 3020/4443  loss=0.1988
    [train] iter 3040/4443  loss=0.2122
    [train] iter 3060/4443  loss=0.2911
    [train] iter 3080/4443  loss=0.2192
    [train] iter 3100/4443  loss=0.2734
    [train] iter 3120/4443  loss=0.2503
    [train] iter 3140/4443  loss=0.2049
    [train] iter 3160/4443  loss=0.2127
    [train] iter 3180/4443  loss=0.2675
    [train] iter 3200/4443  loss=0.1504
    [train] iter 3220/4443  loss=0.3777
    [train] iter 3240/4443  loss=0.2606
    [train] iter 3260/4443  loss=0.2200
    [train] iter 3280/4443  loss=0.2421
    [train] iter 3300/4443  loss=0.1718
    [train] iter 3320/4443  loss=0.3093
    [train] iter 3340/4443  loss=0.2104
    [train] iter 3360/4443  loss=0.1347
    [train] iter 3380/4443  loss=0.1416
    [train] iter 3400/4443  loss=0.2890
    [train] iter 3420/4443  loss=0.2961
    [train] iter 3440/4443  loss=0.2343
    [train] iter 3460/4443  loss=0.2143
    [train] iter 3480/4443  loss=0.2401
    [train] iter 3500/4443  loss=0.3854
    [train] iter 3520/4443  loss=0.3363
    [train] iter 3540/4443  loss=0.1643
    [train] iter 3560/4443  loss=0.2030
    [train] iter 3580/4443  loss=0.1994
    [train] iter 3600/4443  loss=0.2918
    [train] iter 3620/4443  loss=0.1933
    [train] iter 3640/4443  loss=0.2570
    [train] iter 3660/4443  loss=0.1450
    [train] iter 3680/4443  loss=0.1210
    [train] iter 3700/4443  loss=0.3507
    [train] iter 3720/4443  loss=0.3055
    [train] iter 3740/4443  loss=0.1539
    [train] iter 3760/4443  loss=0.2746
    [train] iter 3780/4443  loss=0.2060
    [train] iter 3800/4443  loss=0.2308
    [train] iter 3820/4443  loss=0.1656
    [train] iter 3840/4443  loss=0.2289
    [train] iter 3860/4443  loss=0.2163
    [train] iter 3880/4443  loss=0.2627
    [train] iter 3900/4443  loss=0.1500
    [train] iter 3920/4443  loss=0.1456
    [train] iter 3940/4443  loss=0.3705
    [train] iter 3960/4443  loss=0.3552
    [train] iter 3980/4443  loss=0.1727
    [train] iter 4000/4443  loss=0.2121
    [train] iter 4020/4443  loss=0.2767
    [train] iter 4040/4443  loss=0.1695
    [train] iter 4060/4443  loss=0.2391
    [train] iter 4080/4443  loss=0.3057
    [train] iter 4100/4443  loss=0.1978
    [train] iter 4120/4443  loss=0.2246
    [train] iter 4140/4443  loss=0.1807
    [train] iter 4160/4443  loss=0.1769
    [train] iter 4180/4443  loss=0.2187
    [train] iter 4200/4443  loss=0.1852
    [train] iter 4220/4443  loss=0.3076
    [train] iter 4240/4443  loss=0.2310
    [train] iter 4260/4443  loss=0.3305
    [train] iter 4280/4443  loss=0.1925
    [train] iter 4300/4443  loss=0.2609
    [train] iter 4320/4443  loss=0.3296
    [train] iter 4340/4443  loss=0.1994
    [train] iter 4360/4443  loss=0.1877
    [train] iter 4380/4443  loss=0.2305
    [train] iter 4400/4443  loss=0.1861
    [train] iter 4420/4443  loss=0.2061
    [train] iter 4440/4443  loss=0.3466
  train_loss=0.2468  val_loss=0.2789  val_dice=0.6975

--- Epoch 6/100 (lr=4.97e-04) ---
    [train] iter 20/4443  loss=0.2685
    [train] iter 40/4443  loss=0.2265
    [train] iter 60/4443  loss=0.2382
    [train] iter 80/4443  loss=0.2112
    [train] iter 100/4443  loss=0.2209
    [train] iter 120/4443  loss=0.2523
    [train] iter 140/4443  loss=0.1553
    [train] iter 160/4443  loss=0.1738
    [train] iter 180/4443  loss=0.1845
    [train] iter 200/4443  loss=0.2662
    [train] iter 220/4443  loss=0.1882
    [train] iter 240/4443  loss=0.3124
    [train] iter 260/4443  loss=0.1618
    [train] iter 280/4443  loss=0.1602
    [train] iter 300/4443  loss=0.2410
    [train] iter 320/4443  loss=0.3800
    [train] iter 340/4443  loss=0.2568
    [train] iter 360/4443  loss=0.2478
    [train] iter 380/4443  loss=0.2013
    [train] iter 400/4443  loss=0.1310
    [train] iter 420/4443  loss=0.2418
    [train] iter 440/4443  loss=0.3266
    [train] iter 460/4443  loss=0.1729
    [train] iter 480/4443  loss=0.2473
    [train] iter 500/4443  loss=0.2204
    [train] iter 520/4443  loss=0.1873
    [train] iter 540/4443  loss=0.1682
    [train] iter 560/4443  loss=0.1694
    [train] iter 580/4443  loss=0.2055
    [train] iter 600/4443  loss=0.1455
    [train] iter 620/4443  loss=0.1603
    [train] iter 640/4443  loss=0.2192
    [train] iter 660/4443  loss=0.3010
    [train] iter 680/4443  loss=0.2230
    [train] iter 700/4443  loss=0.2172
    [train] iter 720/4443  loss=0.2482
    [train] iter 740/4443  loss=0.2817
    [train] iter 760/4443  loss=0.2171
    [train] iter 780/4443  loss=0.3737
    [train] iter 800/4443  loss=0.1390
    [train] iter 820/4443  loss=0.2422
    [train] iter 840/4443  loss=0.2274
    [train] iter 860/4443  loss=0.1490
    [train] iter 880/4443  loss=0.2707
    [train] iter 900/4443  loss=0.3318
    [train] iter 920/4443  loss=0.2039
    [train] iter 940/4443  loss=0.2339
    [train] iter 960/4443  loss=0.1547
    [train] iter 980/4443  loss=0.1710
    [train] iter 1000/4443  loss=0.3382
    [train] iter 1020/4443  loss=0.3023
    [train] iter 1040/4443  loss=0.1466
    [train] iter 1060/4443  loss=0.2511
    [train] iter 1080/4443  loss=0.1388
    [train] iter 1100/4443  loss=0.3387
    [train] iter 1120/4443  loss=0.2345
    [train] iter 1140/4443  loss=0.1751
    [train] iter 1160/4443  loss=0.1715
    [train] iter 1180/4443  loss=0.3126
    [train] iter 1200/4443  loss=0.2666
    [train] iter 1220/4443  loss=0.2454
    [train] iter 1240/4443  loss=0.1656
    [train] iter 1260/4443  loss=0.1765
    [train] iter 1280/4443  loss=0.1961
    [train] iter 1300/4443  loss=0.2075
    [train] iter 1320/4443  loss=0.2531
    [train] iter 1340/4443  loss=0.2354
    [train] iter 1360/4443  loss=0.1351
    [train] iter 1380/4443  loss=0.2836
    [train] iter 1400/4443  loss=0.1840
    [train] iter 1420/4443  loss=0.2350
    [train] iter 1440/4443  loss=0.1865
    [train] iter 1460/4443  loss=0.2211
    [train] iter 1480/4443  loss=0.1849
    [train] iter 1500/4443  loss=0.2905
    [train] iter 1520/4443  loss=0.3070
    [train] iter 1540/4443  loss=0.2203
    [train] iter 1560/4443  loss=0.2985
    [train] iter 1580/4443  loss=0.2213
    [train] iter 1600/4443  loss=0.2100
    [train] iter 1620/4443  loss=0.2920
    [train] iter 1640/4443  loss=0.2549
    [train] iter 1660/4443  loss=0.2434
    [train] iter 1680/4443  loss=0.3582
    [train] iter 1700/4443  loss=0.3099
    [train] iter 1720/4443  loss=0.2676
    [train] iter 1740/4443  loss=0.2079
    [train] iter 1760/4443  loss=0.2213
    [train] iter 1780/4443  loss=0.3648
    [train] iter 1800/4443  loss=0.3089
    [train] iter 1820/4443  loss=0.1286
    [train] iter 1840/4443  loss=0.1903
    [train] iter 1860/4443  loss=0.2589
    [train] iter 1880/4443  loss=0.2408
    [train] iter 1900/4443  loss=0.2553
    [train] iter 1920/4443  loss=0.2033
    [train] iter 1940/4443  loss=0.2170
    [train] iter 1960/4443  loss=0.2766
    [train] iter 1980/4443  loss=0.2134
    [train] iter 2000/4443  loss=0.1744
    [train] iter 2020/4443  loss=0.1688
    [train] iter 2040/4443  loss=0.2147
    [train] iter 2060/4443  loss=0.2150
    [train] iter 2080/4443  loss=0.3388
    [train] iter 2100/4443  loss=0.2793
    [train] iter 2120/4443  loss=0.1885
    [train] iter 2140/4443  loss=0.1393
    [train] iter 2160/4443  loss=0.1739
    [train] iter 2180/4443  loss=0.2473
    [train] iter 2200/4443  loss=0.2222
    [train] iter 2220/4443  loss=0.1904
    [train] iter 2240/4443  loss=0.2004
    [train] iter 2260/4443  loss=0.2310
    [train] iter 2280/4443  loss=0.1911
    [train] iter 2300/4443  loss=0.2238
    [train] iter 2320/4443  loss=0.2806
    [train] iter 2340/4443  loss=0.1964
    [train] iter 2360/4443  loss=0.1766
    [train] iter 2380/4443  loss=0.2655
    [train] iter 2400/4443  loss=0.2958
    [train] iter 2420/4443  loss=0.2401
    [train] iter 2440/4443  loss=0.1485
    [train] iter 2460/4443  loss=0.2200
    [train] iter 2480/4443  loss=0.1634
    [train] iter 2500/4443  loss=0.2083
    [train] iter 2520/4443  loss=0.2551
    [train] iter 2540/4443  loss=0.2883
    [train] iter 2560/4443  loss=0.1641
    [train] iter 2580/4443  loss=0.3444
    [train] iter 2600/4443  loss=0.1331
    [train] iter 2620/4443  loss=0.1670
    [train] iter 2640/4443  loss=0.2407
    [train] iter 2660/4443  loss=0.2529
    [train] iter 2680/4443  loss=0.1655
    [train] iter 2700/4443  loss=0.1818
    [train] iter 2720/4443  loss=0.1787
    [train] iter 2740/4443  loss=0.1847
    [train] iter 2760/4443  loss=0.2446
    [train] iter 2780/4443  loss=0.1389
    [train] iter 2800/4443  loss=0.1939
    [train] iter 2820/4443  loss=0.1611
    [train] iter 2840/4443  loss=0.2338
    [train] iter 2860/4443  loss=0.2133
    [train] iter 2880/4443  loss=0.1770
    [train] iter 2900/4443  loss=0.2320
    [train] iter 2920/4443  loss=0.1827
    [train] iter 2940/4443  loss=0.1679
    [train] iter 2960/4443  loss=0.2132
    [train] iter 2980/4443  loss=0.2844
    [train] iter 3000/4443  loss=0.1399
    [train] iter 3020/4443  loss=0.2832
    [train] iter 3040/4443  loss=0.2086
    [train] iter 3060/4443  loss=0.2701
    [train] iter 3080/4443  loss=0.2849
    [train] iter 3100/4443  loss=0.3018
    [train] iter 3120/4443  loss=0.3690
    [train] iter 3140/4443  loss=0.1578
    [train] iter 3160/4443  loss=0.2533
    [train] iter 3180/4443  loss=0.1819
    [train] iter 3200/4443  loss=0.2420
    [train] iter 3220/4443  loss=0.1367
    [train] iter 3240/4443  loss=0.1732
    [train] iter 3260/4443  loss=0.1724
    [train] iter 3280/4443  loss=0.2797
    [train] iter 3300/4443  loss=0.2483
    [train] iter 3320/4443  loss=0.1677
    [train] iter 3340/4443  loss=0.2642
    [train] iter 3360/4443  loss=0.2855
    [train] iter 3380/4443  loss=0.2458
    [train] iter 3400/4443  loss=0.2328
    [train] iter 3420/4443  loss=0.3036
    [train] iter 3440/4443  loss=0.3022
    [train] iter 3460/4443  loss=0.2934
    [train] iter 3480/4443  loss=0.2912
    [train] iter 3500/4443  loss=0.2923
    [train] iter 3520/4443  loss=0.2644
    [train] iter 3540/4443  loss=0.4219
    [train] iter 3560/4443  loss=0.1431
    [train] iter 3580/4443  loss=0.3672
    [train] iter 3600/4443  loss=0.2185
    [train] iter 3620/4443  loss=0.3590
    [train] iter 3640/4443  loss=0.1449
    [train] iter 3660/4443  loss=0.1799
    [train] iter 3680/4443  loss=0.2230
    [train] iter 3700/4443  loss=0.3279
    [train] iter 3720/4443  loss=0.2078
    [train] iter 3740/4443  loss=0.2468
    [train] iter 3760/4443  loss=0.1750
    [train] iter 3780/4443  loss=0.1595
    [train] iter 3800/4443  loss=0.2296
    [train] iter 3820/4443  loss=0.2741
    [train] iter 3840/4443  loss=0.2432
    [train] iter 3860/4443  loss=0.2492
    [train] iter 3880/4443  loss=0.2543
    [train] iter 3900/4443  loss=0.5016
    [train] iter 3920/4443  loss=0.1176
    [train] iter 3940/4443  loss=0.2708
    [train] iter 3960/4443  loss=0.2794
    [train] iter 3980/4443  loss=0.2570
    [train] iter 4000/4443  loss=0.1544
    [train] iter 4020/4443  loss=0.4841
    [train] iter 4040/4443  loss=0.1843
    [train] iter 4060/4443  loss=0.2110
    [train] iter 4080/4443  loss=0.2384
    [train] iter 4100/4443  loss=0.3501
    [train] iter 4120/4443  loss=0.2612
    [train] iter 4140/4443  loss=0.2940
    [train] iter 4160/4443  loss=0.2446
    [train] iter 4180/4443  loss=0.1618
    [train] iter 4200/4443  loss=0.2189
    [train] iter 4220/4443  loss=0.2335
    [train] iter 4240/4443  loss=0.2084
    [train] iter 4260/4443  loss=0.2277
    [train] iter 4280/4443  loss=0.4000
    [train] iter 4300/4443  loss=0.2167
    [train] iter 4320/4443  loss=0.1920
    [train] iter 4340/4443  loss=0.2575
    [train] iter 4360/4443  loss=0.1620
    [train] iter 4380/4443  loss=0.1181
    [train] iter 4400/4443  loss=0.3031
    [train] iter 4420/4443  loss=0.2705
    [train] iter 4440/4443  loss=0.3848
  train_loss=0.2311  val_loss=0.2407  val_dice=0.7209

--- Epoch 7/100 (lr=4.96e-04) ---
    [train] iter 20/4443  loss=0.2103
    [train] iter 40/4443  loss=0.2434
    [train] iter 60/4443  loss=0.1541
    [train] iter 80/4443  loss=0.1584
    [train] iter 100/4443  loss=0.1481
    [train] iter 120/4443  loss=0.1745
    [train] iter 140/4443  loss=0.3194
    [train] iter 160/4443  loss=0.2144
    [train] iter 180/4443  loss=0.2829
    [train] iter 200/4443  loss=0.1493
    [train] iter 220/4443  loss=0.0788
    [train] iter 240/4443  loss=0.2527
    [train] iter 260/4443  loss=0.1230
    [train] iter 280/4443  loss=0.1031
    [train] iter 300/4443  loss=0.2240
    [train] iter 320/4443  loss=0.1778
    [train] iter 340/4443  loss=0.3564
    [train] iter 360/4443  loss=0.2806
    [train] iter 380/4443  loss=0.1469
    [train] iter 400/4443  loss=0.2018
    [train] iter 420/4443  loss=0.2679
    [train] iter 440/4443  loss=0.1856
    [train] iter 460/4443  loss=0.3118
    [train] iter 480/4443  loss=0.2201
    [train] iter 500/4443  loss=0.3028
    [train] iter 520/4443  loss=0.4059
    [train] iter 540/4443  loss=0.2984
    [train] iter 560/4443  loss=0.2079
    [train] iter 580/4443  loss=0.1665
    [train] iter 600/4443  loss=0.2094
    [train] iter 620/4443  loss=0.1436
    [train] iter 640/4443  loss=0.1217
    [train] iter 660/4443  loss=0.1855
    [train] iter 680/4443  loss=0.1680
    [train] iter 700/4443  loss=0.3057
    [train] iter 720/4443  loss=0.1444
    [train] iter 740/4443  loss=0.1560
    [train] iter 760/4443  loss=0.2707
    [train] iter 780/4443  loss=0.1262
    [train] iter 800/4443  loss=0.1987
    [train] iter 820/4443  loss=0.2128
    [train] iter 840/4443  loss=0.3818
    [train] iter 860/4443  loss=0.2776
    [train] iter 880/4443  loss=0.2034
    [train] iter 900/4443  loss=0.3871
    [train] iter 920/4443  loss=0.1865
    [train] iter 940/4443  loss=0.2273
    [train] iter 960/4443  loss=0.1588
    [train] iter 980/4443  loss=0.1686
    [train] iter 1000/4443  loss=0.2569
    [train] iter 1020/4443  loss=0.1458
    [train] iter 1040/4443  loss=0.1634
    [train] iter 1060/4443  loss=0.1675
    [train] iter 1080/4443  loss=0.1607
    [train] iter 1100/4443  loss=0.2158
    [train] iter 1120/4443  loss=0.1858
    [train] iter 1140/4443  loss=0.1860
    [train] iter 1160/4443  loss=0.1923
    [train] iter 1180/4443  loss=0.2413
    [train] iter 1200/4443  loss=0.2139
    [train] iter 1220/4443  loss=0.1537
    [train] iter 1240/4443  loss=0.3661
    [train] iter 1260/4443  loss=0.1379
    [train] iter 1280/4443  loss=0.2626
    [train] iter 1300/4443  loss=0.1893
    [train] iter 1320/4443  loss=0.2000
    [train] iter 1340/4443  loss=0.2411
    [train] iter 1360/4443  loss=0.2398
    [train] iter 1380/4443  loss=0.2202
    [train] iter 1400/4443  loss=0.3070
    [train] iter 1420/4443  loss=0.1220
    [train] iter 1440/4443  loss=0.1627
    [train] iter 1460/4443  loss=0.2729
    [train] iter 1480/4443  loss=0.1993
    [train] iter 1500/4443  loss=0.1628
    [train] iter 1520/4443  loss=0.1393
    [train] iter 1540/4443  loss=0.3294
    [train] iter 1560/4443  loss=0.1717
    [train] iter 1580/4443  loss=0.2784
    [train] iter 1600/4443  loss=0.2269
    [train] iter 1620/4443  loss=0.2457
    [train] iter 1640/4443  loss=0.1272
    [train] iter 1660/4443  loss=0.1703
    [train] iter 1680/4443  loss=0.2632
    [train] iter 1700/4443  loss=0.2100
    [train] iter 1720/4443  loss=0.2500
    [train] iter 1740/4443  loss=0.2737
    [train] iter 1760/4443  loss=0.3115
    [train] iter 1780/4443  loss=0.1564
    [train] iter 1800/4443  loss=0.3112
    [train] iter 1820/4443  loss=0.2093
    [train] iter 1840/4443  loss=0.2147
    [train] iter 1860/4443  loss=0.2411
    [train] iter 1880/4443  loss=0.1692
    [train] iter 1900/4443  loss=0.1185
    [train] iter 1920/4443  loss=0.3023
    [train] iter 1940/4443  loss=0.1539
    [train] iter 1960/4443  loss=0.1725
    [train] iter 1980/4443  loss=0.1571
    [train] iter 2000/4443  loss=0.2599
    [train] iter 2020/4443  loss=0.1408
    [train] iter 2040/4443  loss=0.2010
    [train] iter 2060/4443  loss=0.3125
    [train] iter 2080/4443  loss=0.2676
    [train] iter 2100/4443  loss=0.1455
    [train] iter 2120/4443  loss=0.1569
    [train] iter 2140/4443  loss=0.1769
    [train] iter 2160/4443  loss=0.1824
    [train] iter 2180/4443  loss=0.2105
    [train] iter 2200/4443  loss=0.2230
    [train] iter 2220/4443  loss=0.1901
    [train] iter 2240/4443  loss=0.1629
    [train] iter 2260/4443  loss=0.1170
    [train] iter 2280/4443  loss=0.2415
    [train] iter 2300/4443  loss=0.1275
    [train] iter 2320/4443  loss=0.2426
    [train] iter 2340/4443  loss=0.2556
    [train] iter 2360/4443  loss=0.2222
    [train] iter 2380/4443  loss=0.1838
    [train] iter 2400/4443  loss=0.2435
    [train] iter 2420/4443  loss=0.1699
    [train] iter 2440/4443  loss=0.1649
    [train] iter 2460/4443  loss=0.1677
    [train] iter 2480/4443  loss=0.2015
    [train] iter 2500/4443  loss=0.2167
    [train] iter 2520/4443  loss=0.2242
    [train] iter 2540/4443  loss=0.2446
    [train] iter 2560/4443  loss=0.2077
    [train] iter 2580/4443  loss=0.2366
    [train] iter 2600/4443  loss=0.1045
    [train] iter 2620/4443  loss=0.2988
    [train] iter 2640/4443  loss=0.1327
    [train] iter 2660/4443  loss=0.1534
    [train] iter 2680/4443  loss=0.1023
    [train] iter 2700/4443  loss=0.2112
    [train] iter 2720/4443  loss=0.1663
    [train] iter 2740/4443  loss=0.1939
    [train] iter 2760/4443  loss=0.2234
    [train] iter 2780/4443  loss=0.2808
    [train] iter 2800/4443  loss=0.1901
    [train] iter 2820/4443  loss=0.1374
    [train] iter 2840/4443  loss=0.3040
    [train] iter 2860/4443  loss=0.3270
    [train] iter 2880/4443  loss=0.1916
    [train] iter 2900/4443  loss=0.1753
    [train] iter 2920/4443  loss=0.1719
    [train] iter 2940/4443  loss=0.2616
    [train] iter 2960/4443  loss=0.2504
    [train] iter 2980/4443  loss=0.1801
    [train] iter 3000/4443  loss=0.3156
    [train] iter 3020/4443  loss=0.1987
    [train] iter 3040/4443  loss=0.1461
    [train] iter 3060/4443  loss=0.1908
    [train] iter 3080/4443  loss=0.1608
    [train] iter 3100/4443  loss=0.3507
    [train] iter 3120/4443  loss=0.3581
    [train] iter 3140/4443  loss=0.2131
    [train] iter 3160/4443  loss=0.3144
    [train] iter 3180/4443  loss=0.2913
    [train] iter 3200/4443  loss=0.2500
    [train] iter 3220/4443  loss=0.3219
    [train] iter 3240/4443  loss=0.3196
    [train] iter 3260/4443  loss=0.2541
    [train] iter 3280/4443  loss=0.1909
    [train] iter 3300/4443  loss=0.1407
    [train] iter 3320/4443  loss=0.2227
    [train] iter 3340/4443  loss=0.1838
    [train] iter 3360/4443  loss=0.1699
    [train] iter 3380/4443  loss=0.3257
    [train] iter 3400/4443  loss=0.1569
    [train] iter 3420/4443  loss=0.1355
    [train] iter 3440/4443  loss=0.2515
    [train] iter 3460/4443  loss=0.3028
    [train] iter 3480/4443  loss=0.2643
    [train] iter 3500/4443  loss=0.3539
    [train] iter 3520/4443  loss=0.3584
    [train] iter 3540/4443  loss=0.3119
    [train] iter 3560/4443  loss=0.1045
    [train] iter 3580/4443  loss=0.1783
    [train] iter 3600/4443  loss=0.1677
    [train] iter 3620/4443  loss=0.2626
    [train] iter 3640/4443  loss=0.1927
    [train] iter 3660/4443  loss=0.1759
    [train] iter 3680/4443  loss=0.2021
    [train] iter 3700/4443  loss=0.1441
    [train] iter 3720/4443  loss=0.3263
    [train] iter 3740/4443  loss=0.2145
    [train] iter 3760/4443  loss=0.1801
    [train] iter 3780/4443  loss=0.3172
    [train] iter 3800/4443  loss=0.1752
    [train] iter 3820/4443  loss=0.2134
    [train] iter 3840/4443  loss=0.3580
    [train] iter 3860/4443  loss=0.1618
    [train] iter 3880/4443  loss=0.2223
    [train] iter 3900/4443  loss=0.2004
    [train] iter 3920/4443  loss=0.1990
    [train] iter 3940/4443  loss=0.2686
    [train] iter 3960/4443  loss=0.1883
    [train] iter 3980/4443  loss=0.1847
    [train] iter 4000/4443  loss=0.1867
    [train] iter 4020/4443  loss=0.2698
    [train] iter 4040/4443  loss=0.2238
    [train] iter 4060/4443  loss=0.1535
    [train] iter 4080/4443  loss=0.1472
    [train] iter 4100/4443  loss=0.2598
    [train] iter 4120/4443  loss=0.1611
    [train] iter 4140/4443  loss=0.1254
    [train] iter 4160/4443  loss=0.1837
    [train] iter 4180/4443  loss=0.3009
    [train] iter 4200/4443  loss=0.2237
    [train] iter 4220/4443  loss=0.2765
    [train] iter 4240/4443  loss=0.1435
    [train] iter 4260/4443  loss=0.1080
    [train] iter 4280/4443  loss=0.1809
    [train] iter 4300/4443  loss=0.2833
    [train] iter 4320/4443  loss=0.2325
    [train] iter 4340/4443  loss=0.1227
    [train] iter 4360/4443  loss=0.2198
    [train] iter 4380/4443  loss=0.3242
    [train] iter 4400/4443  loss=0.1406
    [train] iter 4420/4443  loss=0.1928
    [train] iter 4440/4443  loss=0.3274
  train_loss=0.2213  val_loss=0.2351  val_dice=0.7412
  [best] val_dice=0.7412 已保存

--- Epoch 8/100 (lr=4.94e-04) ---
    [train] iter 20/4443  loss=0.1153
    [train] iter 40/4443  loss=0.2362
    [train] iter 60/4443  loss=0.1507
    [train] iter 80/4443  loss=0.1933
    [train] iter 100/4443  loss=0.2037
    [train] iter 120/4443  loss=0.2990
    [train] iter 140/4443  loss=0.1547
    [train] iter 160/4443  loss=0.2421
    [train] iter 180/4443  loss=0.2591
    [train] iter 200/4443  loss=0.2680
    [train] iter 220/4443  loss=0.2530
    [train] iter 240/4443  loss=0.2109
    [train] iter 260/4443  loss=0.2173
    [train] iter 280/4443  loss=0.2186
    [train] iter 300/4443  loss=0.3959
    [train] iter 320/4443  loss=0.1822
    [train] iter 340/4443  loss=0.2525
    [train] iter 360/4443  loss=0.2101
    [train] iter 380/4443  loss=0.2959
    [train] iter 400/4443  loss=0.1647
    [train] iter 420/4443  loss=0.2426
    [train] iter 440/4443  loss=0.3055
    [train] iter 460/4443  loss=0.1057
    [train] iter 480/4443  loss=0.2315
    [train] iter 500/4443  loss=0.1867
    [train] iter 520/4443  loss=0.1780
    [train] iter 540/4443  loss=0.1784
    [train] iter 560/4443  loss=0.2394
    [train] iter 580/4443  loss=0.1667
    [train] iter 600/4443  loss=0.3732
    [train] iter 620/4443  loss=0.3615
    [train] iter 640/4443  loss=0.2189
    [train] iter 660/4443  loss=0.2394
    [train] iter 680/4443  loss=0.2324
    [train] iter 700/4443  loss=0.1979
    [train] iter 720/4443  loss=0.3664
    [train] iter 740/4443  loss=0.2104
    [train] iter 760/4443  loss=0.1664
    [train] iter 780/4443  loss=0.1322
    [train] iter 800/4443  loss=0.1365
    [train] iter 820/4443  loss=0.1987
    [train] iter 840/4443  loss=0.2112
    [train] iter 860/4443  loss=0.1749
    [train] iter 880/4443  loss=0.1484
    [train] iter 900/4443  loss=0.3405
    [train] iter 920/4443  loss=0.2625
    [train] iter 940/4443  loss=0.2604
    [train] iter 960/4443  loss=0.1580
    [train] iter 980/4443  loss=0.1560
    [train] iter 1000/4443  loss=0.2464
    [train] iter 1020/4443  loss=0.1820
    [train] iter 1040/4443  loss=0.2153
    [train] iter 1060/4443  loss=0.1162
    [train] iter 1080/4443  loss=0.1599
    [train] iter 1100/4443  loss=0.1539
    [train] iter 1120/4443  loss=0.3632
    [train] iter 1140/4443  loss=0.2323
    [train] iter 1160/4443  loss=0.1080
    [train] iter 1180/4443  loss=0.2431
    [train] iter 1200/4443  loss=0.3807
    [train] iter 1220/4443  loss=0.2808
    [train] iter 1240/4443  loss=0.2844
    [train] iter 1260/4443  loss=0.1954
    [train] iter 1280/4443  loss=0.2684
    [train] iter 1300/4443  loss=0.1677
    [train] iter 1320/4443  loss=0.0969
    [train] iter 1340/4443  loss=0.1237
    [train] iter 1360/4443  loss=0.1760
    [train] iter 1380/4443  loss=0.2182
    [train] iter 1400/4443  loss=0.1801
    [train] iter 1420/4443  loss=0.2250
    [train] iter 1440/4443  loss=0.2184
    [train] iter 1460/4443  loss=0.2724
    [train] iter 1480/4443  loss=0.1441
    [train] iter 1500/4443  loss=0.2292
    [train] iter 1520/4443  loss=0.2214
    [train] iter 1540/4443  loss=0.2690
    [train] iter 1560/4443  loss=0.2687
    [train] iter 1580/4443  loss=0.2024
    [train] iter 1600/4443  loss=0.1341
    [train] iter 1620/4443  loss=0.3350
    [train] iter 1640/4443  loss=0.2359
    [train] iter 1660/4443  loss=0.1453
    [train] iter 1680/4443  loss=0.2164
    [train] iter 1700/4443  loss=0.1561
    [train] iter 1720/4443  loss=0.1842
    [train] iter 1740/4443  loss=0.2818
    [train] iter 1760/4443  loss=0.2648
    [train] iter 1780/4443  loss=0.1392
    [train] iter 1800/4443  loss=0.1384
    [train] iter 1820/4443  loss=0.1945
    [train] iter 1840/4443  loss=0.2088
    [train] iter 1860/4443  loss=0.2407
    [train] iter 1880/4443  loss=0.2892
    [train] iter 1900/4443  loss=0.3285
    [train] iter 1920/4443  loss=0.2552
    [train] iter 1940/4443  loss=0.2277
    [train] iter 1960/4443  loss=0.2676
    [train] iter 1980/4443  loss=0.2868
    [train] iter 2000/4443  loss=0.3185
    [train] iter 2020/4443  loss=0.3179
    [train] iter 2040/4443  loss=0.2178
    [train] iter 2060/4443  loss=0.1765
    [train] iter 2080/4443  loss=0.1645
    [train] iter 2100/4443  loss=0.1704
    [train] iter 2120/4443  loss=0.2864
    [train] iter 2140/4443  loss=0.2397
    [train] iter 2160/4443  loss=0.1414
    [train] iter 2180/4443  loss=0.2721
    [train] iter 2200/4443  loss=0.1532
    [train] iter 2220/4443  loss=0.2567
    [train] iter 2240/4443  loss=0.1489
    [train] iter 2260/4443  loss=0.3234
    [train] iter 2280/4443  loss=0.1231
    [train] iter 2300/4443  loss=0.3078
    [train] iter 2320/4443  loss=0.1749
    [train] iter 2340/4443  loss=0.1873
    [train] iter 2360/4443  loss=0.1407
    [train] iter 2380/4443  loss=0.1602
    [train] iter 2400/4443  loss=0.2128
    [train] iter 2420/4443  loss=0.2288
    [train] iter 2440/4443  loss=0.3403
    [train] iter 2460/4443  loss=0.1646
    [train] iter 2480/4443  loss=0.1357
    [train] iter 2500/4443  loss=0.2188
    [train] iter 2520/4443  loss=0.2716
    [train] iter 2540/4443  loss=0.2232
    [train] iter 2560/4443  loss=0.2937
    [train] iter 2580/4443  loss=0.2560
    [train] iter 2600/4443  loss=0.1842
    [train] iter 2620/4443  loss=0.1638
    [train] iter 2640/4443  loss=0.2173
    [train] iter 2660/4443  loss=0.3056
    [train] iter 2680/4443  loss=0.2282
    [train] iter 2700/4443  loss=0.3870
    [train] iter 2720/4443  loss=0.1970
    [train] iter 2740/4443  loss=0.2031
    [train] iter 2760/4443  loss=0.1862
    [train] iter 2780/4443  loss=0.2653
    [train] iter 2800/4443  loss=0.2939
    [train] iter 2820/4443  loss=0.3004
    [train] iter 2840/4443  loss=0.1026
    [train] iter 2860/4443  loss=0.2693
    [train] iter 2880/4443  loss=0.1770
    [train] iter 2900/4443  loss=0.1387
    [train] iter 2920/4443  loss=0.1216
    [train] iter 2940/4443  loss=0.2878
    [train] iter 2960/4443  loss=0.2584
    [train] iter 2980/4443  loss=0.2023
    [train] iter 3000/4443  loss=0.1369
    [train] iter 3020/4443  loss=0.1438
    [train] iter 3040/4443  loss=0.2067
    [train] iter 3060/4443  loss=0.3105
    [train] iter 3080/4443  loss=0.2366
    [train] iter 3100/4443  loss=0.1193
    [train] iter 3120/4443  loss=0.2146
    [train] iter 3140/4443  loss=0.1761
    [train] iter 3160/4443  loss=0.1752
    [train] iter 3180/4443  loss=0.0874
    [train] iter 3200/4443  loss=0.2562
    [train] iter 3220/4443  loss=0.1604
    [train] iter 3240/4443  loss=0.2157
    [train] iter 3260/4443  loss=0.2292
    [train] iter 3280/4443  loss=0.1775
    [train] iter 3300/4443  loss=0.1477
    [train] iter 3320/4443  loss=0.2775
    [train] iter 3340/4443  loss=0.2541
    [train] iter 3360/4443  loss=0.2042
    [train] iter 3380/4443  loss=0.1491
    [train] iter 3400/4443  loss=0.4619
    [train] iter 3420/4443  loss=0.2388
    [train] iter 3440/4443  loss=0.1910
    [train] iter 3460/4443  loss=0.1921
    [train] iter 3480/4443  loss=0.1537
    [train] iter 3500/4443  loss=0.2190
    [train] iter 3520/4443  loss=0.2350
    [train] iter 3540/4443  loss=0.1574
    [train] iter 3560/4443  loss=0.2579
    [train] iter 3580/4443  loss=0.2186
    [train] iter 3600/4443  loss=0.2867
    [train] iter 3620/4443  loss=0.3039
    [train] iter 3640/4443  loss=0.2776
    [train] iter 3660/4443  loss=0.1413
    [train] iter 3680/4443  loss=0.0990
    [train] iter 3700/4443  loss=0.1186
    [train] iter 3720/4443  loss=0.2107
    [train] iter 3740/4443  loss=0.2834
    [train] iter 3760/4443  loss=0.2090
    [train] iter 3780/4443  loss=0.2592
    [train] iter 3800/4443  loss=0.1817
    [train] iter 3820/4443  loss=0.1926
    [train] iter 3840/4443  loss=0.1244
    [train] iter 3860/4443  loss=0.1840
    [train] iter 3880/4443  loss=0.1360
    [train] iter 3900/4443  loss=0.1710
    [train] iter 3920/4443  loss=0.2298
    [train] iter 3940/4443  loss=0.3082
    [train] iter 3960/4443  loss=0.1495
    [train] iter 3980/4443  loss=0.2249
    [train] iter 4000/4443  loss=0.1961
    [train] iter 4020/4443  loss=0.2014
    [train] iter 4040/4443  loss=0.1774
    [train] iter 4060/4443  loss=0.1608
    [train] iter 4080/4443  loss=0.1844
    [train] iter 4100/4443  loss=0.3050
    [train] iter 4120/4443  loss=0.2040
    [train] iter 4140/4443  loss=0.2629
    [train] iter 4160/4443  loss=0.1895
    [train] iter 4180/4443  loss=0.2135
    [train] iter 4200/4443  loss=0.1596
    [train] iter 4220/4443  loss=0.2573
    [train] iter 4240/4443  loss=0.2157
    [train] iter 4260/4443  loss=0.1464
    [train] iter 4280/4443  loss=0.2503
    [train] iter 4300/4443  loss=0.2525
    [train] iter 4320/4443  loss=0.2701
    [train] iter 4340/4443  loss=0.1277
    [train] iter 4360/4443  loss=0.1816
    [train] iter 4380/4443  loss=0.2001
    [train] iter 4400/4443  loss=0.2811
    [train] iter 4420/4443  loss=0.1920
    [train] iter 4440/4443  loss=0.3799
  train_loss=0.2135  val_loss=0.2419  val_dice=0.7298

--- Epoch 9/100 (lr=4.92e-04) ---
    [train] iter 20/4443  loss=0.2201
    [train] iter 40/4443  loss=0.1686
    [train] iter 60/4443  loss=0.3940
    [train] iter 80/4443  loss=0.1953
    [train] iter 100/4443  loss=0.1658
    [train] iter 120/4443  loss=0.2833
    [train] iter 140/4443  loss=0.2300
    [train] iter 160/4443  loss=0.1542
    [train] iter 180/4443  loss=0.2003
    [train] iter 200/4443  loss=0.2697
    [train] iter 220/4443  loss=0.1042
    [train] iter 240/4443  loss=0.1096
    [train] iter 260/4443  loss=0.1905
    [train] iter 280/4443  loss=0.1845
    [train] iter 300/4443  loss=0.1987
    [train] iter 320/4443  loss=0.2889
    [train] iter 340/4443  loss=0.2764
    [train] iter 360/4443  loss=0.1912
    [train] iter 380/4443  loss=0.1942
    [train] iter 400/4443  loss=0.3621
    [train] iter 420/4443  loss=0.2843
    [train] iter 440/4443  loss=0.2317
    [train] iter 460/4443  loss=0.1576
    [train] iter 480/4443  loss=0.2012
    [train] iter 500/4443  loss=0.1978
    [train] iter 520/4443  loss=0.2357
    [train] iter 540/4443  loss=0.2348
    [train] iter 560/4443  loss=0.1511
    [train] iter 580/4443  loss=0.1865
    [train] iter 600/4443  loss=0.2082
    [train] iter 620/4443  loss=0.2112
    [train] iter 640/4443  loss=0.1588
    [train] iter 660/4443  loss=0.1258
    [train] iter 680/4443  loss=0.1868
    [train] iter 700/4443  loss=0.1922
    [train] iter 720/4443  loss=0.1198
    [train] iter 740/4443  loss=0.1626
    [train] iter 760/4443  loss=0.3730
    [train] iter 780/4443  loss=0.1769
    [train] iter 800/4443  loss=0.2416
    [train] iter 820/4443  loss=0.1306
    [train] iter 840/4443  loss=0.2924
    [train] iter 860/4443  loss=0.3317
    [train] iter 880/4443  loss=0.2677
    [train] iter 900/4443  loss=0.1407
    [train] iter 920/4443  loss=0.1782
    [train] iter 940/4443  loss=0.1616
    [train] iter 960/4443  loss=0.1350
    [train] iter 980/4443  loss=0.2161
    [train] iter 1000/4443  loss=0.2880
    [train] iter 1020/4443  loss=0.1698
    [train] iter 1040/4443  loss=0.2021
    [train] iter 1060/4443  loss=0.0852
    [train] iter 1080/4443  loss=0.2686
    [train] iter 1100/4443  loss=0.2945
    [train] iter 1120/4443  loss=0.2364
    [train] iter 1140/4443  loss=0.2236
    [train] iter 1160/4443  loss=0.1917
    [train] iter 1180/4443  loss=0.2168
    [train] iter 1200/4443  loss=0.1968
    [train] iter 1220/4443  loss=0.1763
    [train] iter 1240/4443  loss=0.2327
    [train] iter 1260/4443  loss=0.3046
    [train] iter 1280/4443  loss=0.1885
    [train] iter 1300/4443  loss=0.2012
    [train] iter 1320/4443  loss=0.3704
    [train] iter 1340/4443  loss=0.2612
    [train] iter 1360/4443  loss=0.3197
    [train] iter 1380/4443  loss=0.3034
    [train] iter 1400/4443  loss=0.2312
    [train] iter 1420/4443  loss=0.1300
    [train] iter 1440/4443  loss=0.1753
    [train] iter 1460/4443  loss=0.1958
    [train] iter 1480/4443  loss=0.2479
    [train] iter 1500/4443  loss=0.2092
    [train] iter 1520/4443  loss=0.2444
    [train] iter 1540/4443  loss=0.2217
    [train] iter 1560/4443  loss=0.2049
    [train] iter 1580/4443  loss=0.3008
    [train] iter 1600/4443  loss=0.1590
    [train] iter 1620/4443  loss=0.1565
    [train] iter 1640/4443  loss=0.1881
    [train] iter 1660/4443  loss=0.0988
    [train] iter 1680/4443  loss=0.3201
    [train] iter 1700/4443  loss=0.1961
    [train] iter 1720/4443  loss=0.1944
    [train] iter 1740/4443  loss=0.3131
    [train] iter 1760/4443  loss=0.3024
    [train] iter 1780/4443  loss=0.2220
    [train] iter 1800/4443  loss=0.2660
    [train] iter 1820/4443  loss=0.1358
    [train] iter 1840/4443  loss=0.1672
    [train] iter 1860/4443  loss=0.2550
    [train] iter 1880/4443  loss=0.1242
    [train] iter 1900/4443  loss=0.0963
    [train] iter 1920/4443  loss=0.1846
    [train] iter 1940/4443  loss=0.1529
    [train] iter 1960/4443  loss=0.2106
    [train] iter 1980/4443  loss=0.1689
    [train] iter 2000/4443  loss=0.2000
    [train] iter 2020/4443  loss=0.2394
    [train] iter 2040/4443  loss=0.1617
    [train] iter 2060/4443  loss=0.2088
    [train] iter 2080/4443  loss=0.1866
    [train] iter 2100/4443  loss=0.1134
    [train] iter 2120/4443  loss=0.1925
    [train] iter 2140/4443  loss=0.1837
    [train] iter 2160/4443  loss=0.2265
    [train] iter 2180/4443  loss=0.1631
    [train] iter 2200/4443  loss=0.1562
    [train] iter 2220/4443  loss=0.1703
    [train] iter 2240/4443  loss=0.1123
    [train] iter 2260/4443  loss=0.1516
    [train] iter 2280/4443  loss=0.2088
    [train] iter 2300/4443  loss=0.2347
    [train] iter 2320/4443  loss=0.1212
    [train] iter 2340/4443  loss=0.1499
    [train] iter 2360/4443  loss=0.1164
    [train] iter 2380/4443  loss=0.1549
    [train] iter 2400/4443  loss=0.1782
    [train] iter 2420/4443  loss=0.1450
    [train] iter 2440/4443  loss=0.2125
    [train] iter 2460/4443  loss=0.1171
    [train] iter 2480/4443  loss=0.1379
    [train] iter 2500/4443  loss=0.3184
    [train] iter 2520/4443  loss=0.1546
    [train] iter 2540/4443  loss=0.2859
    [train] iter 2560/4443  loss=0.1555
    [train] iter 2580/4443  loss=0.1132
    [train] iter 2600/4443  loss=0.2410
    [train] iter 2620/4443  loss=0.1991
    [train] iter 2640/4443  loss=0.1143
    [train] iter 2660/4443  loss=0.0989
    [train] iter 2680/4443  loss=0.1309
    [train] iter 2700/4443  loss=0.3494
    [train] iter 2720/4443  loss=0.2420
    [train] iter 2740/4443  loss=0.2171
    [train] iter 2760/4443  loss=0.1898
    [train] iter 2780/4443  loss=0.1246
    [train] iter 2800/4443  loss=0.2769
    [train] iter 2820/4443  loss=0.1758
    [train] iter 2840/4443  loss=0.2063
    [train] iter 2860/4443  loss=0.2196
    [train] iter 2880/4443  loss=0.1205
    [train] iter 2900/4443  loss=0.2907
    [train] iter 2920/4443  loss=0.2277
    [train] iter 2940/4443  loss=0.2313
    [train] iter 2960/4443  loss=0.1725
    [train] iter 2980/4443  loss=0.1603
    [train] iter 3000/4443  loss=0.1903
    [train] iter 3020/4443  loss=0.2142
    [train] iter 3040/4443  loss=0.2641
    [train] iter 3060/4443  loss=0.2512
    [train] iter 3080/4443  loss=0.2583
    [train] iter 3100/4443  loss=0.2334
    [train] iter 3120/4443  loss=0.1126
    [train] iter 3140/4443  loss=0.2473
    [train] iter 3160/4443  loss=0.1400
    [train] iter 3180/4443  loss=0.1788
    [train] iter 3200/4443  loss=0.1747
    [train] iter 3220/4443  loss=0.1733
    [train] iter 3240/4443  loss=0.1849
    [train] iter 3260/4443  loss=0.2764
    [train] iter 3280/4443  loss=0.1581
    [train] iter 3300/4443  loss=0.1714
    [train] iter 3320/4443  loss=0.2832
    [train] iter 3340/4443  loss=0.2323
    [train] iter 3360/4443  loss=0.1834
    [train] iter 3380/4443  loss=0.1894
    [train] iter 3400/4443  loss=0.1297
    [train] iter 3420/4443  loss=0.1445
    [train] iter 3440/4443  loss=0.2424
    [train] iter 3460/4443  loss=0.2211
    [train] iter 3480/4443  loss=0.1766
    [train] iter 3500/4443  loss=0.2641
    [train] iter 3520/4443  loss=0.2271
    [train] iter 3540/4443  loss=0.1507
    [train] iter 3560/4443  loss=0.2004
    [train] iter 3580/4443  loss=0.3105
    [train] iter 3600/4443  loss=0.1937
    [train] iter 3620/4443  loss=0.1975
    [train] iter 3640/4443  loss=0.1260
    [train] iter 3660/4443  loss=0.1244
    [train] iter 3680/4443  loss=0.1696
    [train] iter 3700/4443  loss=0.1466
    [train] iter 3720/4443  loss=0.1039
    [train] iter 3740/4443  loss=0.2211
    [train] iter 3760/4443  loss=0.2388
    [train] iter 3780/4443  loss=0.1891
    [train] iter 3800/4443  loss=0.1369
    [train] iter 3820/4443  loss=0.1463
    [train] iter 3840/4443  loss=0.1924
    [train] iter 3860/4443  loss=0.3230
    [train] iter 3880/4443  loss=0.1196
    [train] iter 3900/4443  loss=0.1390
    [train] iter 3920/4443  loss=0.1656
    [train] iter 3940/4443  loss=0.2271
    [train] iter 3960/4443  loss=0.1100
    [train] iter 3980/4443  loss=0.2172
    [train] iter 4000/4443  loss=0.2791
    [train] iter 4020/4443  loss=0.2602
    [train] iter 4040/4443  loss=0.1773
    [train] iter 4060/4443  loss=0.2694
    [train] iter 4080/4443  loss=0.1948
    [train] iter 4100/4443  loss=0.1860
    [train] iter 4120/4443  loss=0.1529
    [train] iter 4140/4443  loss=0.1450
    [train] iter 4160/4443  loss=0.1362
    [train] iter 4180/4443  loss=0.3350
    [train] iter 4200/4443  loss=0.3915
    [train] iter 4220/4443  loss=0.2023
    [train] iter 4240/4443  loss=0.2709
    [train] iter 4260/4443  loss=0.2145
    [train] iter 4280/4443  loss=0.2184
    [train] iter 4300/4443  loss=0.1732
    [train] iter 4320/4443  loss=0.2108
    [train] iter 4340/4443  loss=0.2538
    [train] iter 4360/4443  loss=0.1739
    [train] iter 4380/4443  loss=0.2385
    [train] iter 4400/4443  loss=0.2901
    [train] iter 4420/4443  loss=0.1782
    [train] iter 4440/4443  loss=0.2917
  train_loss=0.2100  val_loss=0.2151  val_dice=0.7567
  [best] val_dice=0.7567 已保存

--- Epoch 10/100 (lr=4.90e-04) ---
    [train] iter 20/4443  loss=0.2383
    [train] iter 40/4443  loss=0.2414
    [train] iter 60/4443  loss=0.2647
    [train] iter 80/4443  loss=0.2680
    [train] iter 100/4443  loss=0.3072
    [train] iter 120/4443  loss=0.3395
    [train] iter 140/4443  loss=0.1879
    [train] iter 160/4443  loss=0.1769
    [train] iter 180/4443  loss=0.1366
    [train] iter 200/4443  loss=0.1719
    [train] iter 220/4443  loss=0.1772
    [train] iter 240/4443  loss=0.1376
    [train] iter 260/4443  loss=0.1691
    [train] iter 280/4443  loss=0.2553
    [train] iter 300/4443  loss=0.2336
    [train] iter 320/4443  loss=0.1928
    [train] iter 340/4443  loss=0.2485
    [train] iter 360/4443  loss=0.1496
    [train] iter 380/4443  loss=0.1903
    [train] iter 400/4443  loss=0.1330
    [train] iter 420/4443  loss=0.1776
    [train] iter 440/4443  loss=0.1164
    [train] iter 460/4443  loss=0.3169
    [train] iter 480/4443  loss=0.0924
    [train] iter 500/4443  loss=0.1215
    [train] iter 520/4443  loss=0.1948
    [train] iter 540/4443  loss=0.3627
    [train] iter 560/4443  loss=0.1651
    [train] iter 580/4443  loss=0.1537
    [train] iter 600/4443  loss=0.2477
    [train] iter 620/4443  loss=0.2484
    [train] iter 640/4443  loss=0.1293
    [train] iter 660/4443  loss=0.3088
    [train] iter 680/4443  loss=0.2613
    [train] iter 700/4443  loss=0.2246
    [train] iter 720/4443  loss=0.2460
    [train] iter 740/4443  loss=0.2441
    [train] iter 760/4443  loss=0.1433
    [train] iter 780/4443  loss=0.3474
    [train] iter 800/4443  loss=0.1800
    [train] iter 820/4443  loss=0.1455
    [train] iter 840/4443  loss=0.1798
    [train] iter 860/4443  loss=0.1963
    [train] iter 880/4443  loss=0.2887
    [train] iter 900/4443  loss=0.1917
    [train] iter 920/4443  loss=0.1283
    [train] iter 940/4443  loss=0.1726
    [train] iter 960/4443  loss=0.3886
    [train] iter 980/4443  loss=0.1778
    [train] iter 1000/4443  loss=0.2580
    [train] iter 1020/4443  loss=0.1268
    [train] iter 1040/4443  loss=0.2667
    [train] iter 1060/4443  loss=0.2952
    [train] iter 1080/4443  loss=0.2897
    [train] iter 1100/4443  loss=0.1934
    [train] iter 1120/4443  loss=0.2417
    [train] iter 1140/4443  loss=0.1193
    [train] iter 1160/4443  loss=0.2213
    [train] iter 1180/4443  loss=0.2243
    [train] iter 1200/4443  loss=0.2348
    [train] iter 1220/4443  loss=0.2060
    [train] iter 1240/4443  loss=0.2043
    [train] iter 1260/4443  loss=0.2333
    [train] iter 1280/4443  loss=0.2688
    [train] iter 1300/4443  loss=0.1398
    [train] iter 1320/4443  loss=0.2447
    [train] iter 1340/4443  loss=0.2504
    [train] iter 1360/4443  loss=0.2313
    [train] iter 1380/4443  loss=0.1479
    [train] iter 1400/4443  loss=0.3015
    [train] iter 1420/4443  loss=0.1684
    [train] iter 1440/4443  loss=0.1966
    [train] iter 1460/4443  loss=0.2492
    [train] iter 1480/4443  loss=0.2500
    [train] iter 1500/4443  loss=0.2215
    [train] iter 1520/4443  loss=0.3156
    [train] iter 1540/4443  loss=0.1849
    [train] iter 1560/4443  loss=0.2153
    [train] iter 1580/4443  loss=0.3050
    [train] iter 1600/4443  loss=0.1388
    [train] iter 1620/4443  loss=0.3431
    [train] iter 1640/4443  loss=0.1645
    [train] iter 1660/4443  loss=0.2611
    [train] iter 1680/4443  loss=0.1178
    [train] iter 1700/4443  loss=0.1477
    [train] iter 1720/4443  loss=0.3155
    [train] iter 1740/4443  loss=0.2660
    [train] iter 1760/4443  loss=0.1323
    [train] iter 1780/4443  loss=0.2005
    [train] iter 1800/4443  loss=0.2451
    [train] iter 1820/4443  loss=0.2759
    [train] iter 1840/4443  loss=0.1591
    [train] iter 1860/4443  loss=0.1403
    [train] iter 1880/4443  loss=0.2196
    [train] iter 1900/4443  loss=0.2000
    [train] iter 1920/4443  loss=0.1640
    [train] iter 1940/4443  loss=0.1558
    [train] iter 1960/4443  loss=0.1548
    [train] iter 1980/4443  loss=0.1903
    [train] iter 2000/4443  loss=0.2457
    [train] iter 2020/4443  loss=0.2449
    [train] iter 2040/4443  loss=0.2821
    [train] iter 2060/4443  loss=0.1192
    [train] iter 2080/4443  loss=0.2322
    [train] iter 2100/4443  loss=0.1743
    [train] iter 2120/4443  loss=0.2387
    [train] iter 2140/4443  loss=0.1840
    [train] iter 2160/4443  loss=0.1092
    [train] iter 2180/4443  loss=0.2377
    [train] iter 2200/4443  loss=0.2122
    [train] iter 2220/4443  loss=0.2125
    [train] iter 2240/4443  loss=0.3288
    [train] iter 2260/4443  loss=0.1635
    [train] iter 2280/4443  loss=0.2954
    [train] iter 2300/4443  loss=0.2109
    [train] iter 2320/4443  loss=0.1712
    [train] iter 2340/4443  loss=0.2517
    [train] iter 2360/4443  loss=0.2190
    [train] iter 2380/4443  loss=0.1854
    [train] iter 2400/4443  loss=0.1963
    [train] iter 2420/4443  loss=0.3899
    [train] iter 2440/4443  loss=0.2380
    [train] iter 2460/4443  loss=0.2290
    [train] iter 2480/4443  loss=0.2699
    [train] iter 2500/4443  loss=0.2374
    [train] iter 2520/4443  loss=0.1871
    [train] iter 2540/4443  loss=0.1578
    [train] iter 2560/4443  loss=0.1828
    [train] iter 2580/4443  loss=0.1187
    [train] iter 2600/4443  loss=0.2409
    [train] iter 2620/4443  loss=0.1513
    [train] iter 2640/4443  loss=0.1673
    [train] iter 2660/4443  loss=0.2980
    [train] iter 2680/4443  loss=0.3853
    [train] iter 2700/4443  loss=0.1731
    [train] iter 2720/4443  loss=0.2243
    [train] iter 2740/4443  loss=0.1733
    [train] iter 2760/4443  loss=0.1737
    [train] iter 2780/4443  loss=0.3369
    [train] iter 2800/4443  loss=0.2686
    [train] iter 2820/4443  loss=0.1251
    [train] iter 2840/4443  loss=0.1089
    [train] iter 2860/4443  loss=0.1625
    [train] iter 2880/4443  loss=0.1581
    [train] iter 2900/4443  loss=0.2455
    [train] iter 2920/4443  loss=0.1845
    [train] iter 2940/4443  loss=0.1504
    [train] iter 2960/4443  loss=0.2910
    [train] iter 2980/4443  loss=0.3062
    [train] iter 3000/4443  loss=0.1909
    [train] iter 3020/4443  loss=0.2327
    [train] iter 3040/4443  loss=0.2005
    [train] iter 3060/4443  loss=0.1797
    [train] iter 3080/4443  loss=0.1932
    [train] iter 3100/4443  loss=0.1549
    [train] iter 3120/4443  loss=0.3295
    [train] iter 3140/4443  loss=0.1579
    [train] iter 3160/4443  loss=0.1797
    [train] iter 3180/4443  loss=0.1333
    [train] iter 3200/4443  loss=0.1287
    [train] iter 3220/4443  loss=0.2598
    [train] iter 3240/4443  loss=0.1886
    [train] iter 3260/4443  loss=0.1678
    [train] iter 3280/4443  loss=0.1394
    [train] iter 3300/4443  loss=0.1061
    [train] iter 3320/4443  loss=0.1455
    [train] iter 3340/4443  loss=0.1535
    [train] iter 3360/4443  loss=0.2368
    [train] iter 3380/4443  loss=0.3199
    [train] iter 3400/4443  loss=0.2729
    [train] iter 3420/4443  loss=0.2654
    [train] iter 3440/4443  loss=0.3964
    [train] iter 3460/4443  loss=0.1420
    [train] iter 3480/4443  loss=0.2536
    [train] iter 3500/4443  loss=0.1355
    [train] iter 3520/4443  loss=0.1815
    [train] iter 3540/4443  loss=0.1829
    [train] iter 3560/4443  loss=0.1727
    [train] iter 3580/4443  loss=0.1582
    [train] iter 3600/4443  loss=0.2707
    [train] iter 3620/4443  loss=0.3192
    [train] iter 3640/4443  loss=0.2552
    [train] iter 3660/4443  loss=0.2069
    [train] iter 3680/4443  loss=0.1365
    [train] iter 3700/4443  loss=0.1970
    [train] iter 3720/4443  loss=0.3211
    [train] iter 3740/4443  loss=0.1313
    [train] iter 3760/4443  loss=0.1949
    [train] iter 3780/4443  loss=0.1736
    [train] iter 3800/4443  loss=0.2058
    [train] iter 3820/4443  loss=0.2073
    [train] iter 3840/4443  loss=0.3049
    [train] iter 3860/4443  loss=0.1992
    [train] iter 3880/4443  loss=0.1327
    [train] iter 3900/4443  loss=0.2216
    [train] iter 3920/4443  loss=0.2312
    [train] iter 3940/4443  loss=0.1897
    [train] iter 3960/4443  loss=0.0969
    [train] iter 3980/4443  loss=0.1194
    [train] iter 4000/4443  loss=0.2537
    [train] iter 4020/4443  loss=0.1057
    [train] iter 4040/4443  loss=0.1605
    [train] iter 4060/4443  loss=0.3123
    [train] iter 4080/4443  loss=0.1475
    [train] iter 4100/4443  loss=0.2956
    [train] iter 4120/4443  loss=0.1709
    [train] iter 4140/4443  loss=0.1429
    [train] iter 4160/4443  loss=0.2736
    [train] iter 4180/4443  loss=0.1702
    [train] iter 4200/4443  loss=0.2521
    [train] iter 4220/4443  loss=0.1374
    [train] iter 4240/4443  loss=0.1450
    [train] iter 4260/4443  loss=0.1677
    [train] iter 4280/4443  loss=0.0961
    [train] iter 4300/4443  loss=0.1473
    [train] iter 4320/4443  loss=0.2802
    [train] iter 4340/4443  loss=0.2363
    [train] iter 4360/4443  loss=0.2957
    [train] iter 4380/4443  loss=0.2812
    [train] iter 4400/4443  loss=0.1882
    [train] iter 4420/4443  loss=0.1045
    [train] iter 4440/4443  loss=0.1428
  train_loss=0.2046  val_loss=0.1919  val_dice=0.7811
  [best] val_dice=0.7811 已保存

--- Epoch 11/100 (lr=4.88e-04) ---
    [train] iter 20/4443  loss=0.1791
    [train] iter 40/4443  loss=0.2876
    [train] iter 60/4443  loss=0.1905
    [train] iter 80/4443  loss=0.1791
    [train] iter 100/4443  loss=0.3200
    [train] iter 120/4443  loss=0.3078
    [train] iter 140/4443  loss=0.1920
    [train] iter 160/4443  loss=0.2820
    [train] iter 180/4443  loss=0.1995
    [train] iter 200/4443  loss=0.1664
    [train] iter 220/4443  loss=0.1763
    [train] iter 240/4443  loss=0.2337
    [train] iter 260/4443  loss=0.1488
    [train] iter 280/4443  loss=0.1728
    [train] iter 300/4443  loss=0.3091
    [train] iter 320/4443  loss=0.1439
    [train] iter 340/4443  loss=0.1327
    [train] iter 360/4443  loss=0.2233
    [train] iter 380/4443  loss=0.2271
    [train] iter 400/4443  loss=0.1580
    [train] iter 420/4443  loss=0.1498
    [train] iter 440/4443  loss=0.1947
    [train] iter 460/4443  loss=0.2832
    [train] iter 480/4443  loss=0.3175
    [train] iter 500/4443  loss=0.1934
    [train] iter 520/4443  loss=0.1758
    [train] iter 540/4443  loss=0.2047
    [train] iter 560/4443  loss=0.1878
    [train] iter 580/4443  loss=0.1444
    [train] iter 600/4443  loss=0.1199
    [train] iter 620/4443  loss=0.2300
    [train] iter 640/4443  loss=0.2971
    [train] iter 660/4443  loss=0.1498
    [train] iter 680/4443  loss=0.2345
    [train] iter 700/4443  loss=0.2273
    [train] iter 720/4443  loss=0.3559
    [train] iter 740/4443  loss=0.1654
    [train] iter 760/4443  loss=0.0947
    [train] iter 780/4443  loss=0.1372
    [train] iter 800/4443  loss=0.1861
    [train] iter 820/4443  loss=0.2438
    [train] iter 840/4443  loss=0.3346
    [train] iter 860/4443  loss=0.1518
    [train] iter 880/4443  loss=0.2960
    [train] iter 900/4443  loss=0.1228
    [train] iter 920/4443  loss=0.2865
    [train] iter 940/4443  loss=0.2143
    [train] iter 960/4443  loss=0.1204
    [train] iter 980/4443  loss=0.1533
    [train] iter 1000/4443  loss=0.2060
    [train] iter 1020/4443  loss=0.2119
    [train] iter 1040/4443  loss=0.2270
    [train] iter 1060/4443  loss=0.1424
    [train] iter 1080/4443  loss=0.2691
    [train] iter 1100/4443  loss=0.1333
    [train] iter 1120/4443  loss=0.2236
    [train] iter 1140/4443  loss=0.2009
    [train] iter 1160/4443  loss=0.1578
    [train] iter 1180/4443  loss=0.1330
    [train] iter 1200/4443  loss=0.2579
    [train] iter 1220/4443  loss=0.1933
    [train] iter 1240/4443  loss=0.1891
    [train] iter 1260/4443  loss=0.1994
    [train] iter 1280/4443  loss=0.3478
    [train] iter 1300/4443  loss=0.3149
    [train] iter 1320/4443  loss=0.1989
    [train] iter 1340/4443  loss=0.2243
    [train] iter 1360/4443  loss=0.1244
    [train] iter 1380/4443  loss=0.1194
    [train] iter 1400/4443  loss=0.2760
    [train] iter 1420/4443  loss=0.1783
    [train] iter 1440/4443  loss=0.1303
    [train] iter 1460/4443  loss=0.1029
    [train] iter 1480/4443  loss=0.1814
    [train] iter 1500/4443  loss=0.1765
    [train] iter 1520/4443  loss=0.1677
    [train] iter 1540/4443  loss=0.2400
    [train] iter 1560/4443  loss=0.1539
    [train] iter 1580/4443  loss=0.1865
    [train] iter 1600/4443  loss=0.1668
    [train] iter 1620/4443  loss=0.1366
    [train] iter 1640/4443  loss=0.2090
    [train] iter 1660/4443  loss=0.1897
    [train] iter 1680/4443  loss=0.1785
    [train] iter 1700/4443  loss=0.1782
    [train] iter 1720/4443  loss=0.1527
    [train] iter 1740/4443  loss=0.3166
    [train] iter 1760/4443  loss=0.2030
    [train] iter 1780/4443  loss=0.2212
    [train] iter 1800/4443  loss=0.2605
    [train] iter 1820/4443  loss=0.3328
    [train] iter 1840/4443  loss=0.1210
    [train] iter 1860/4443  loss=0.2862
    [train] iter 1880/4443  loss=0.2189
    [train] iter 1900/4443  loss=0.2724
    [train] iter 1920/4443  loss=0.1624
    [train] iter 1940/4443  loss=0.1884
    [train] iter 1960/4443  loss=0.1241
    [train] iter 1980/4443  loss=0.1807
    [train] iter 2000/4443  loss=0.3057
    [train] iter 2020/4443  loss=0.1674
    [train] iter 2040/4443  loss=0.2382
    [train] iter 2060/4443  loss=0.1528
    [train] iter 2080/4443  loss=0.2654
    [train] iter 2100/4443  loss=0.1777
    [train] iter 2120/4443  loss=0.1798
    [train] iter 2140/4443  loss=0.2972
    [train] iter 2160/4443  loss=0.1385
    [train] iter 2180/4443  loss=0.1234
    [train] iter 2200/4443  loss=0.1706
    [train] iter 2220/4443  loss=0.1713
    [train] iter 2240/4443  loss=0.1483
    [train] iter 2260/4443  loss=0.2264
    [train] iter 2280/4443  loss=0.1435
    [train] iter 2300/4443  loss=0.1687
    [train] iter 2320/4443  loss=0.1757
    [train] iter 2340/4443  loss=0.2349
    [train] iter 2360/4443  loss=0.1446
    [train] iter 2380/4443  loss=0.2050
    [train] iter 2400/4443  loss=0.1174
    [train] iter 2420/4443  loss=0.2670
    [train] iter 2440/4443  loss=0.2653
    [train] iter 2460/4443  loss=0.2307
    [train] iter 2480/4443  loss=0.1583
    [train] iter 2500/4443  loss=0.3543
    [train] iter 2520/4443  loss=0.2294
    [train] iter 2540/4443  loss=0.1947
    [train] iter 2560/4443  loss=0.1869
    [train] iter 2580/4443  loss=0.1364
    [train] iter 2600/4443  loss=0.1442
    [train] iter 2620/4443  loss=0.1514
    [train] iter 2640/4443  loss=0.2963
    [train] iter 2660/4443  loss=0.1309
    [train] iter 2680/4443  loss=0.1799
    [train] iter 2700/4443  loss=0.2225
    [train] iter 2720/4443  loss=0.1914
    [train] iter 2740/4443  loss=0.1379
    [train] iter 2760/4443  loss=0.3158
    [train] iter 2780/4443  loss=0.2928
    [train] iter 2800/4443  loss=0.2126
    [train] iter 2820/4443  loss=0.0905
    [train] iter 2840/4443  loss=0.2466
    [train] iter 2860/4443  loss=0.1557
    [train] iter 2880/4443  loss=0.1164
    [train] iter 2900/4443  loss=0.2182
    [train] iter 2920/4443  loss=0.1480
    [train] iter 2940/4443  loss=0.3988
    [train] iter 2960/4443  loss=0.2418
    [train] iter 2980/4443  loss=0.2496
    [train] iter 3000/4443  loss=0.2479
    [train] iter 3020/4443  loss=0.1485
    [train] iter 3040/4443  loss=0.1462
    [train] iter 3060/4443  loss=0.2441
    [train] iter 3080/4443  loss=0.3462
    [train] iter 3100/4443  loss=0.2463
    [train] iter 3120/4443  loss=0.1310
    [train] iter 3140/4443  loss=0.2010
    [train] iter 3160/4443  loss=0.2893
    [train] iter 3180/4443  loss=0.2404
    [train] iter 3200/4443  loss=0.1597
    [train] iter 3220/4443  loss=0.2564
    [train] iter 3240/4443  loss=0.3399
    [train] iter 3260/4443  loss=0.3281
    [train] iter 3280/4443  loss=0.2634
    [train] iter 3300/4443  loss=0.2343
    [train] iter 3320/4443  loss=0.1464
    [train] iter 3340/4443  loss=0.2067
    [train] iter 3360/4443  loss=0.1677
    [train] iter 3380/4443  loss=0.2314
    [train] iter 3400/4443  loss=0.1294
    [train] iter 3420/4443  loss=0.2688
    [train] iter 3440/4443  loss=0.2538
    [train] iter 3460/4443  loss=0.1812
    [train] iter 3480/4443  loss=0.2071
    [train] iter 3500/4443  loss=0.1902
    [train] iter 3520/4443  loss=0.2004
    [train] iter 3540/4443  loss=0.2033
    [train] iter 3560/4443  loss=0.1704
    [train] iter 3580/4443  loss=0.3074
    [train] iter 3600/4443  loss=0.1674
    [train] iter 3620/4443  loss=0.2035
    [train] iter 3640/4443  loss=0.2577
    [train] iter 3660/4443  loss=0.1844
    [train] iter 3680/4443  loss=0.2042
    [train] iter 3700/4443  loss=0.1882
    [train] iter 3720/4443  loss=0.3221
    [train] iter 3740/4443  loss=0.2503
    [train] iter 3760/4443  loss=0.2138
    [train] iter 3780/4443  loss=0.1867
    [train] iter 3800/4443  loss=0.1474
    [train] iter 3820/4443  loss=0.3442
    [train] iter 3840/4443  loss=0.1424
    [train] iter 3860/4443  loss=0.2467
    [train] iter 3880/4443  loss=0.2880
    [train] iter 3900/4443  loss=0.1119
    [train] iter 3920/4443  loss=0.0979
    [train] iter 3940/4443  loss=0.2461
    [train] iter 3960/4443  loss=0.2413
    [train] iter 3980/4443  loss=0.2651
    [train] iter 4000/4443  loss=0.3515
    [train] iter 4020/4443  loss=0.2151
    [train] iter 4040/4443  loss=0.2277
    [train] iter 4060/4443  loss=0.2860
    [train] iter 4080/4443  loss=0.2478
    [train] iter 4100/4443  loss=0.2331
    [train] iter 4120/4443  loss=0.2988
    [train] iter 4140/4443  loss=0.2083
    [train] iter 4160/4443  loss=0.1782
    [train] iter 4180/4443  loss=0.1497
    [train] iter 4200/4443  loss=0.2483
    [train] iter 4220/4443  loss=0.1339
    [train] iter 4240/4443  loss=0.1695
    [train] iter 4260/4443  loss=0.1822
    [train] iter 4280/4443  loss=0.3896
    [train] iter 4300/4443  loss=0.1629
    [train] iter 4320/4443  loss=0.3337
    [train] iter 4340/4443  loss=0.2264
    [train] iter 4360/4443  loss=0.1897
    [train] iter 4380/4443  loss=0.1212
    [train] iter 4400/4443  loss=0.1745
    [train] iter 4420/4443  loss=0.2367
    [train] iter 4440/4443  loss=0.2269
  train_loss=0.2023  val_loss=0.2592  val_dice=0.7165

--- Epoch 12/100 (lr=4.85e-04) ---
    [train] iter 20/4443  loss=0.1399
    [train] iter 40/4443  loss=0.1935
    [train] iter 60/4443  loss=0.1041
    [train] iter 80/4443  loss=0.2616
    [train] iter 100/4443  loss=0.1854
    [train] iter 120/4443  loss=0.1692
    [train] iter 140/4443  loss=0.1354
    [train] iter 160/4443  loss=0.1773
    [train] iter 180/4443  loss=0.3053
    [train] iter 200/4443  loss=0.1541
    [train] iter 220/4443  loss=0.2841
    [train] iter 240/4443  loss=0.2241
    [train] iter 260/4443  loss=0.1772
    [train] iter 280/4443  loss=0.1871
    [train] iter 300/4443  loss=0.1224
    [train] iter 320/4443  loss=0.1806
    [train] iter 340/4443  loss=0.1125
    [train] iter 360/4443  loss=0.1287
    [train] iter 380/4443  loss=0.2154
    [train] iter 400/4443  loss=0.1454
    [train] iter 420/4443  loss=0.1802
    [train] iter 440/4443  loss=0.2405
    [train] iter 460/4443  loss=0.2379
    [train] iter 480/4443  loss=0.1547
    [train] iter 500/4443  loss=0.2168
    [train] iter 520/4443  loss=0.1240
    [train] iter 540/4443  loss=0.1432
    [train] iter 560/4443  loss=0.3815
    [train] iter 580/4443  loss=0.1300
    [train] iter 600/4443  loss=0.2214
    [train] iter 620/4443  loss=0.2092
    [train] iter 640/4443  loss=0.1298
    [train] iter 660/4443  loss=0.1194
    [train] iter 680/4443  loss=0.1914
    [train] iter 700/4443  loss=0.1312
    [train] iter 720/4443  loss=0.1632
    [train] iter 740/4443  loss=0.2382
    [train] iter 760/4443  loss=0.2990
    [train] iter 780/4443  loss=0.1209
    [train] iter 800/4443  loss=0.1873
    [train] iter 820/4443  loss=0.1782
    [train] iter 840/4443  loss=0.2452
    [train] iter 860/4443  loss=0.1505
    [train] iter 880/4443  loss=0.1789
    [train] iter 900/4443  loss=0.2775
    [train] iter 920/4443  loss=0.2767
    [train] iter 940/4443  loss=0.4289
    [train] iter 960/4443  loss=0.2258
    [train] iter 980/4443  loss=0.2711
    [train] iter 1000/4443  loss=0.1400
    [train] iter 1020/4443  loss=0.2468
    [train] iter 1040/4443  loss=0.1429
    [train] iter 1060/4443  loss=0.1903
    [train] iter 1080/4443  loss=0.3192
    [train] iter 1100/4443  loss=0.2541
    [train] iter 1120/4443  loss=0.2114
    [train] iter 1140/4443  loss=0.1561
    [train] iter 1160/4443  loss=0.1764
    [train] iter 1180/4443  loss=0.2200
    [train] iter 1200/4443  loss=0.2235
    [train] iter 1220/4443  loss=0.2426
    [train] iter 1240/4443  loss=0.1320
    [train] iter 1260/4443  loss=0.1283
    [train] iter 1280/4443  loss=0.2317
    [train] iter 1300/4443  loss=0.1243
    [train] iter 1320/4443  loss=0.1102
    [train] iter 1340/4443  loss=0.2442
    [train] iter 1360/4443  loss=0.2326
    [train] iter 1380/4443  loss=0.1410
    [train] iter 1400/4443  loss=0.1226
    [train] iter 1420/4443  loss=0.1969
    [train] iter 1440/4443  loss=0.2540
    [train] iter 1460/4443  loss=0.2031
    [train] iter 1480/4443  loss=0.2769
    [train] iter 1500/4443  loss=0.1582
    [train] iter 1520/4443  loss=0.2018
    [train] iter 1540/4443  loss=0.2202
    [train] iter 1560/4443  loss=0.2517
    [train] iter 1580/4443  loss=0.2969
    [train] iter 1600/4443  loss=0.1476
    [train] iter 1620/4443  loss=0.2094
    [train] iter 1640/4443  loss=0.3846
    [train] iter 1660/4443  loss=0.1410
    [train] iter 1680/4443  loss=0.3216
    [train] iter 1700/4443  loss=0.2200
    [train] iter 1720/4443  loss=0.1599
    [train] iter 1740/4443  loss=0.1811
    [train] iter 1760/4443  loss=0.2766
    [train] iter 1780/4443  loss=0.1633
    [train] iter 1800/4443  loss=0.1282
    [train] iter 1820/4443  loss=0.1427
    [train] iter 1840/4443  loss=0.1298
    [train] iter 1860/4443  loss=0.1781
    [train] iter 1880/4443  loss=0.1878
    [train] iter 1900/4443  loss=0.2289
    [train] iter 1920/4443  loss=0.1836
    [train] iter 1940/4443  loss=0.1342
    [train] iter 1960/4443  loss=0.2022
    [train] iter 1980/4443  loss=0.3316
    [train] iter 2000/4443  loss=0.1789
    [train] iter 2020/4443  loss=0.2490
    [train] iter 2040/4443  loss=0.2046
    [train] iter 2060/4443  loss=0.2008
    [train] iter 2080/4443  loss=0.1218
    [train] iter 2100/4443  loss=0.1296
    [train] iter 2120/4443  loss=0.3638
    [train] iter 2140/4443  loss=0.2301
    [train] iter 2160/4443  loss=0.1796
    [train] iter 2180/4443  loss=0.1500
    [train] iter 2200/4443  loss=0.1712
    [train] iter 2220/4443  loss=0.2145
    [train] iter 2240/4443  loss=0.2642
    [train] iter 2260/4443  loss=0.1878
    [train] iter 2280/4443  loss=0.2996
    [train] iter 2300/4443  loss=0.3172
    [train] iter 2320/4443  loss=0.3045
    [train] iter 2340/4443  loss=0.2722
    [train] iter 2360/4443  loss=0.2145
    [train] iter 2380/4443  loss=0.2771
    [train] iter 2400/4443  loss=0.1922
    [train] iter 2420/4443  loss=0.3019
    [train] iter 2440/4443  loss=0.2024
    [train] iter 2460/4443  loss=0.2560
    [train] iter 2480/4443  loss=0.1589
    [train] iter 2500/4443  loss=0.2913
    [train] iter 2520/4443  loss=0.2385
    [train] iter 2540/4443  loss=0.1568
    [train] iter 2560/4443  loss=0.1490
    [train] iter 2580/4443  loss=0.2801
    [train] iter 2600/4443  loss=0.1387
    [train] iter 2620/4443  loss=0.1315
    [train] iter 2640/4443  loss=0.2276
    [train] iter 2660/4443  loss=0.1550
    [train] iter 2680/4443  loss=0.1690
    [train] iter 2700/4443  loss=0.1147
    [train] iter 2720/4443  loss=0.1565
    [train] iter 2740/4443  loss=0.1424
    [train] iter 2760/4443  loss=0.2252
    [train] iter 2780/4443  loss=0.1624
    [train] iter 2800/4443  loss=0.2047
    [train] iter 2820/4443  loss=0.2278
    [train] iter 2840/4443  loss=0.2486
    [train] iter 2860/4443  loss=0.1506
    [train] iter 2880/4443  loss=0.1370
    [train] iter 2900/4443  loss=0.2223
    [train] iter 2920/4443  loss=0.1315
    [train] iter 2940/4443  loss=0.2265
    [train] iter 2960/4443  loss=0.2117
    [train] iter 2980/4443  loss=0.2496
    [train] iter 3000/4443  loss=0.1050
    [train] iter 3020/4443  loss=0.2259
    [train] iter 3040/4443  loss=0.1197
    [train] iter 3060/4443  loss=0.3031
    [train] iter 3080/4443  loss=0.1362
    [train] iter 3100/4443  loss=0.2279
    [train] iter 3120/4443  loss=0.1147
    [train] iter 3140/4443  loss=0.1583
    [train] iter 3160/4443  loss=0.1229
    [train] iter 3180/4443  loss=0.1924
    [train] iter 3200/4443  loss=0.1917
    [train] iter 3220/4443  loss=0.1519
    [train] iter 3240/4443  loss=0.1185
    [train] iter 3260/4443  loss=0.3866
    [train] iter 3280/4443  loss=0.1902
    [train] iter 3300/4443  loss=0.1750
    [train] iter 3320/4443  loss=0.1007
    [train] iter 3340/4443  loss=0.2416
    [train] iter 3360/4443  loss=0.1421
    [train] iter 3380/4443  loss=0.3995
    [train] iter 3400/4443  loss=0.1766
    [train] iter 3420/4443  loss=0.2466
    [train] iter 3440/4443  loss=0.1349
    [train] iter 3460/4443  loss=0.1908
    [train] iter 3480/4443  loss=0.2095
    [train] iter 3500/4443  loss=0.2113
    [train] iter 3520/4443  loss=0.1454
    [train] iter 3540/4443  loss=0.1629
    [train] iter 3560/4443  loss=0.1485
    [train] iter 3580/4443  loss=0.2238
    [train] iter 3600/4443  loss=0.1756
    [train] iter 3620/4443  loss=0.1828
    [train] iter 3640/4443  loss=0.1051
    [train] iter 3660/4443  loss=0.1183
    [train] iter 3680/4443  loss=0.1797
    [train] iter 3700/4443  loss=0.1348
    [train] iter 3720/4443  loss=0.2041
    [train] iter 3740/4443  loss=0.2030
    [train] iter 3760/4443  loss=0.1082
    [train] iter 3780/4443  loss=0.1631
    [train] iter 3800/4443  loss=0.2375
    [train] iter 3820/4443  loss=0.2651
    [train] iter 3840/4443  loss=0.2110
    [train] iter 3860/4443  loss=0.1319
    [train] iter 3880/4443  loss=0.3332
    [train] iter 3900/4443  loss=0.1668
    [train] iter 3920/4443  loss=0.2256
    [train] iter 3940/4443  loss=0.2627
    [train] iter 3960/4443  loss=0.1307
    [train] iter 3980/4443  loss=0.2124
    [train] iter 4000/4443  loss=0.1856
    [train] iter 4020/4443  loss=0.0907
    [train] iter 4040/4443  loss=0.2494
    [train] iter 4060/4443  loss=0.1214
    [train] iter 4080/4443  loss=0.1839
    [train] iter 4100/4443  loss=0.1353
    [train] iter 4120/4443  loss=0.2093
    [train] iter 4140/4443  loss=0.3012
    [train] iter 4160/4443  loss=0.1894
    [train] iter 4180/4443  loss=0.3337
    [train] iter 4200/4443  loss=0.1464
    [train] iter 4220/4443  loss=0.1639
    [train] iter 4240/4443  loss=0.1260
    [train] iter 4260/4443  loss=0.2517
    [train] iter 4280/4443  loss=0.1892
    [train] iter 4300/4443  loss=0.3383
    [train] iter 4320/4443  loss=0.0668
    [train] iter 4340/4443  loss=0.1536
    [train] iter 4360/4443  loss=0.2708
    [train] iter 4380/4443  loss=0.1533
    [train] iter 4400/4443  loss=0.1287
    [train] iter 4420/4443  loss=0.2172
    [train] iter 4440/4443  loss=0.2740
  train_loss=0.1985  val_loss=0.2034  val_dice=0.7713

--- Epoch 13/100 (lr=4.82e-04) ---
    [train] iter 20/4443  loss=0.1309
    [train] iter 40/4443  loss=0.1548
    [train] iter 60/4443  loss=0.1408
    [train] iter 80/4443  loss=0.2168
    [train] iter 100/4443  loss=0.1655
    [train] iter 120/4443  loss=0.1961
    [train] iter 140/4443  loss=0.3754
    [train] iter 160/4443  loss=0.2811
    [train] iter 180/4443  loss=0.1860
    [train] iter 200/4443  loss=0.1514
    [train] iter 220/4443  loss=0.1823
    [train] iter 240/4443  loss=0.1509
    [train] iter 260/4443  loss=0.1897
    [train] iter 280/4443  loss=0.1610
    [train] iter 300/4443  loss=0.3307
    [train] iter 320/4443  loss=0.1758
    [train] iter 340/4443  loss=0.1181
    [train] iter 360/4443  loss=0.1946
    [train] iter 380/4443  loss=0.2174
    [train] iter 400/4443  loss=0.1847
    [train] iter 420/4443  loss=0.2090
    [train] iter 440/4443  loss=0.1856
    [train] iter 460/4443  loss=0.1641
    [train] iter 480/4443  loss=0.2127
    [train] iter 500/4443  loss=0.2527
    [train] iter 520/4443  loss=0.1399
    [train] iter 540/4443  loss=0.1728
    [train] iter 560/4443  loss=0.1500
    [train] iter 580/4443  loss=0.1936
    [train] iter 600/4443  loss=0.1431
    [train] iter 620/4443  loss=0.3584
    [train] iter 640/4443  loss=0.1397
    [train] iter 660/4443  loss=0.4460
    [train] iter 680/4443  loss=0.2486
    [train] iter 700/4443  loss=0.2590
    [train] iter 720/4443  loss=0.1450
    [train] iter 740/4443  loss=0.1478
    [train] iter 760/4443  loss=0.2739
    [train] iter 780/4443  loss=0.1603
    [train] iter 800/4443  loss=0.2122
    [train] iter 820/4443  loss=0.2403
    [train] iter 840/4443  loss=0.1466
    [train] iter 860/4443  loss=0.2366
    [train] iter 880/4443  loss=0.1497
    [train] iter 900/4443  loss=0.2574
    [train] iter 920/4443  loss=0.2372
    [train] iter 940/4443  loss=0.1411
    [train] iter 960/4443  loss=0.2200
    [train] iter 980/4443  loss=0.1102
    [train] iter 1000/4443  loss=0.1109
    [train] iter 1020/4443  loss=0.1718
    [train] iter 1040/4443  loss=0.1222
    [train] iter 1060/4443  loss=0.2221
    [train] iter 1080/4443  loss=0.3240
    [train] iter 1100/4443  loss=0.1214
    [train] iter 1120/4443  loss=0.1536
    [train] iter 1140/4443  loss=0.1708
    [train] iter 1160/4443  loss=0.1636
    [train] iter 1180/4443  loss=0.1176
    [train] iter 1200/4443  loss=0.2257
    [train] iter 1220/4443  loss=0.2085
    [train] iter 1240/4443  loss=0.2041
    [train] iter 1260/4443  loss=0.2051
    [train] iter 1280/4443  loss=0.2067
    [train] iter 1300/4443  loss=0.1902
    [train] iter 1320/4443  loss=0.2250
    [train] iter 1340/4443  loss=0.1159
    [train] iter 1360/4443  loss=0.1165
    [train] iter 1380/4443  loss=0.1282
    [train] iter 1400/4443  loss=0.3830
    [train] iter 1420/4443  loss=0.1520
    [train] iter 1440/4443  loss=0.2081
    [train] iter 1460/4443  loss=0.2506
    [train] iter 1480/4443  loss=0.2207
    [train] iter 1500/4443  loss=0.2206
    [train] iter 1520/4443  loss=0.2156
    [train] iter 1540/4443  loss=0.1745
    [train] iter 1560/4443  loss=0.1773
    [train] iter 1580/4443  loss=0.2184
    [train] iter 1600/4443  loss=0.1582
    [train] iter 1620/4443  loss=0.1538
    [train] iter 1640/4443  loss=0.1678
    [train] iter 1660/4443  loss=0.1954
    [train] iter 1680/4443  loss=0.1252
    [train] iter 1700/4443  loss=0.1167
    [train] iter 1720/4443  loss=0.1250
    [train] iter 1740/4443  loss=0.2263
    [train] iter 1760/4443  loss=0.1486
    [train] iter 1780/4443  loss=0.2317
    [train] iter 1800/4443  loss=0.2485
    [train] iter 1820/4443  loss=0.2375
    [train] iter 1840/4443  loss=0.2200
    [train] iter 1860/4443  loss=0.1630
    [train] iter 1880/4443  loss=0.1817
    [train] iter 1900/4443  loss=0.2122
    [train] iter 1920/4443  loss=0.2059
    [train] iter 1940/4443  loss=0.1834
    [train] iter 1960/4443  loss=0.1110
    [train] iter 1980/4443  loss=0.2143
    [train] iter 2000/4443  loss=0.4519
    [train] iter 2020/4443  loss=0.1466
    [train] iter 2040/4443  loss=0.2044
    [train] iter 2060/4443  loss=0.1485
    [train] iter 2080/4443  loss=0.2769
    [train] iter 2100/4443  loss=0.3616
    [train] iter 2120/4443  loss=0.1762
    [train] iter 2140/4443  loss=0.2522
    [train] iter 2160/4443  loss=0.2191
    [train] iter 2180/4443  loss=0.2382
    [train] iter 2200/4443  loss=0.2213
    [train] iter 2220/4443  loss=0.1854
    [train] iter 2240/4443  loss=0.2907
    [train] iter 2260/4443  loss=0.1651
    [train] iter 2280/4443  loss=0.1491
    [train] iter 2300/4443  loss=0.1897
    [train] iter 2320/4443  loss=0.2281
    [train] iter 2340/4443  loss=0.2292
    [train] iter 2360/4443  loss=0.2164
    [train] iter 2380/4443  loss=0.2403
    [train] iter 2400/4443  loss=0.1663
    [train] iter 2420/4443  loss=0.2006
    [train] iter 2440/4443  loss=0.1246
    [train] iter 2460/4443  loss=0.1306
    [train] iter 2480/4443  loss=0.2189
    [train] iter 2500/4443  loss=0.1737
    [train] iter 2520/4443  loss=0.2180
    [train] iter 2540/4443  loss=0.2245
    [train] iter 2560/4443  loss=0.1791
    [train] iter 2580/4443  loss=0.1983
    [train] iter 2600/4443  loss=0.2621
    [train] iter 2620/4443  loss=0.2312
    [train] iter 2640/4443  loss=0.1481
    [train] iter 2660/4443  loss=0.1448
    [train] iter 2680/4443  loss=0.1104
    [train] iter 2700/4443  loss=0.1533
    [train] iter 2720/4443  loss=0.2732
    [train] iter 2740/4443  loss=0.1371
    [train] iter 2760/4443  loss=0.0849
    [train] iter 2780/4443  loss=0.1468
    [train] iter 2800/4443  loss=0.1688
    [train] iter 2820/4443  loss=0.1967
    [train] iter 2840/4443  loss=0.1280
    [train] iter 2860/4443  loss=0.1909
    [train] iter 2880/4443  loss=0.1697
    [train] iter 2900/4443  loss=0.1931
    [train] iter 2920/4443  loss=0.1798
    [train] iter 2940/4443  loss=0.1141
    [train] iter 2960/4443  loss=0.1854
    [train] iter 2980/4443  loss=0.2223
    [train] iter 3000/4443  loss=0.1197
    [train] iter 3020/4443  loss=0.1171
    [train] iter 3040/4443  loss=0.2491
    [train] iter 3060/4443  loss=0.1053
    [train] iter 3080/4443  loss=0.2120
    [train] iter 3100/4443  loss=0.1607
    [train] iter 3120/4443  loss=0.1091
    [train] iter 3140/4443  loss=0.2477
    [train] iter 3160/4443  loss=0.2114
    [train] iter 3180/4443  loss=0.2268
    [train] iter 3200/4443  loss=0.1630
    [train] iter 3220/4443  loss=0.0878
    [train] iter 3240/4443  loss=0.1071
    [train] iter 3260/4443  loss=0.1783
    [train] iter 3280/4443  loss=0.1317
    [train] iter 3300/4443  loss=0.2284
    [train] iter 3320/4443  loss=0.2290
    [train] iter 3340/4443  loss=0.2344
    [train] iter 3360/4443  loss=0.3007
    [train] iter 3380/4443  loss=0.2212
    [train] iter 3400/4443  loss=0.1712
    [train] iter 3420/4443  loss=0.1978
    [train] iter 3440/4443  loss=0.1334
    [train] iter 3460/4443  loss=0.1787
    [train] iter 3480/4443  loss=0.3007
    [train] iter 3500/4443  loss=0.1354
    [train] iter 3520/4443  loss=0.1918
    [train] iter 3540/4443  loss=0.1745
    [train] iter 3560/4443  loss=0.1649
    [train] iter 3580/4443  loss=0.2803
    [train] iter 3600/4443  loss=0.1854
    [train] iter 3620/4443  loss=0.2423
    [train] iter 3640/4443  loss=0.1393
    [train] iter 3660/4443  loss=0.1184
    [train] iter 3680/4443  loss=0.1596
    [train] iter 3700/4443  loss=0.2694
    [train] iter 3720/4443  loss=0.1652
    [train] iter 3740/4443  loss=0.2679
    [train] iter 3760/4443  loss=0.1780
    [train] iter 3780/4443  loss=0.1167
    [train] iter 3800/4443  loss=0.0738
    [train] iter 3820/4443  loss=0.1633
    [train] iter 3840/4443  loss=0.1671
    [train] iter 3860/4443  loss=0.1680
    [train] iter 3880/4443  loss=0.1635
    [train] iter 3900/4443  loss=0.1869
    [train] iter 3920/4443  loss=0.2094
    [train] iter 3940/4443  loss=0.1731
    [train] iter 3960/4443  loss=0.1657
    [train] iter 3980/4443  loss=0.1986
    [train] iter 4000/4443  loss=0.1471
    [train] iter 4020/4443  loss=0.1639
    [train] iter 4040/4443  loss=0.2230
    [train] iter 4060/4443  loss=0.2835
    [train] iter 4080/4443  loss=0.1805
    [train] iter 4100/4443  loss=0.1677
    [train] iter 4120/4443  loss=0.2171
    [train] iter 4140/4443  loss=0.2086
    [train] iter 4160/4443  loss=0.1405
    [train] iter 4180/4443  loss=0.2217
    [train] iter 4200/4443  loss=0.2331
    [train] iter 4220/4443  loss=0.3015
    [train] iter 4240/4443  loss=0.1875
    [train] iter 4260/4443  loss=0.0931
    [train] iter 4280/4443  loss=0.2016
    [train] iter 4300/4443  loss=0.1572
    [train] iter 4320/4443  loss=0.2050
    [train] iter 4340/4443  loss=0.2788
    [train] iter 4360/4443  loss=0.1991
    [train] iter 4380/4443  loss=0.1314
    [train] iter 4400/4443  loss=0.1905
    [train] iter 4420/4443  loss=0.2229
    [train] iter 4440/4443  loss=0.2486
  train_loss=0.1964  val_loss=0.1875  val_dice=0.7830
  [best] val_dice=0.7830 已保存

--- Epoch 14/100 (lr=4.79e-04) ---
    [train] iter 20/4443  loss=0.2718
    [train] iter 40/4443  loss=0.1466
    [train] iter 60/4443  loss=0.2514
    [train] iter 80/4443  loss=0.1022
    [train] iter 100/4443  loss=0.2583
    [train] iter 120/4443  loss=0.1458
    [train] iter 140/4443  loss=0.1543
    [train] iter 160/4443  loss=0.3006
    [train] iter 180/4443  loss=0.2225
    [train] iter 200/4443  loss=0.2719
    [train] iter 220/4443  loss=0.2177
    [train] iter 240/4443  loss=0.1187
    [train] iter 260/4443  loss=0.2623
    [train] iter 280/4443  loss=0.1181
    [train] iter 300/4443  loss=0.2020
    [train] iter 320/4443  loss=0.2310
    [train] iter 340/4443  loss=0.1337
    [train] iter 360/4443  loss=0.1918
    [train] iter 380/4443  loss=0.2655
    [train] iter 400/4443  loss=0.1717
    [train] iter 420/4443  loss=0.1367
    [train] iter 440/4443  loss=0.2109
    [train] iter 460/4443  loss=0.2867
    [train] iter 480/4443  loss=0.3070
    [train] iter 500/4443  loss=0.1382
    [train] iter 520/4443  loss=0.1912
    [train] iter 540/4443  loss=0.1473
    [train] iter 560/4443  loss=0.2076
    [train] iter 580/4443  loss=0.1521
    [train] iter 600/4443  loss=0.1323
    [train] iter 620/4443  loss=0.2142
    [train] iter 640/4443  loss=0.1727
    [train] iter 660/4443  loss=0.2821
    [train] iter 680/4443  loss=0.2032
    [train] iter 700/4443  loss=0.1216
    [train] iter 720/4443  loss=0.3173
    [train] iter 740/4443  loss=0.2694
    [train] iter 760/4443  loss=0.2010
    [train] iter 780/4443  loss=0.1489
    [train] iter 800/4443  loss=0.1161
    [train] iter 820/4443  loss=0.1837
    [train] iter 840/4443  loss=0.1848
    [train] iter 860/4443  loss=0.1446
    [train] iter 880/4443  loss=0.1619
    [train] iter 900/4443  loss=0.1362
    [train] iter 920/4443  loss=0.1003
    [train] iter 940/4443  loss=0.2344
    [train] iter 960/4443  loss=0.1069
    [train] iter 980/4443  loss=0.4346
    [train] iter 1000/4443  loss=0.2730
    [train] iter 1020/4443  loss=0.3152
    [train] iter 1040/4443  loss=0.2062
    [train] iter 1060/4443  loss=0.2183
    [train] iter 1080/4443  loss=0.1056
    [train] iter 1100/4443  loss=0.2300
    [train] iter 1120/4443  loss=0.1077
    [train] iter 1140/4443  loss=0.1875
    [train] iter 1160/4443  loss=0.0879
    [train] iter 1180/4443  loss=0.1244
    [train] iter 1200/4443  loss=0.1480
    [train] iter 1220/4443  loss=0.2825
    [train] iter 1240/4443  loss=0.1373
    [train] iter 1260/4443  loss=0.1753
    [train] iter 1280/4443  loss=0.2491
    [train] iter 1300/4443  loss=0.1659
    [train] iter 1320/4443  loss=0.2093
    [train] iter 1340/4443  loss=0.3056
    [train] iter 1360/4443  loss=0.2861
    [train] iter 1380/4443  loss=0.1872
    [train] iter 1400/4443  loss=0.3130
    [train] iter 1420/4443  loss=0.1133
    [train] iter 1440/4443  loss=0.0942
    [train] iter 1460/4443  loss=0.1925
    [train] iter 1480/4443  loss=0.1812
    [train] iter 1500/4443  loss=0.2014
    [train] iter 1520/4443  loss=0.1800
    [train] iter 1540/4443  loss=0.1248
    [train] iter 1560/4443  loss=0.2297
    [train] iter 1580/4443  loss=0.1345
    [train] iter 1600/4443  loss=0.1446
    [train] iter 1620/4443  loss=0.1497
    [train] iter 1640/4443  loss=0.1457
    [train] iter 1660/4443  loss=0.1498
    [train] iter 1680/4443  loss=0.2289
    [train] iter 1700/4443  loss=0.2178
    [train] iter 1720/4443  loss=0.2178
    [train] iter 1740/4443  loss=0.1166
    [train] iter 1760/4443  loss=0.1696
    [train] iter 1780/4443  loss=0.1517
    [train] iter 1800/4443  loss=0.1431
    [train] iter 1820/4443  loss=0.2090
    [train] iter 1840/4443  loss=0.2022
    [train] iter 1860/4443  loss=0.1389
    [train] iter 1880/4443  loss=0.1334
    [train] iter 1900/4443  loss=0.2167
    [train] iter 1920/4443  loss=0.1454
    [train] iter 1940/4443  loss=0.2946
    [train] iter 1960/4443  loss=0.2065
    [train] iter 1980/4443  loss=0.1952
    [train] iter 2000/4443  loss=0.1495
    [train] iter 2020/4443  loss=0.2663
    [train] iter 2040/4443  loss=0.3148
    [train] iter 2060/4443  loss=0.1663
    [train] iter 2080/4443  loss=0.2024
    [train] iter 2100/4443  loss=0.2777
    [train] iter 2120/4443  loss=0.2456
    [train] iter 2140/4443  loss=0.1589
    [train] iter 2160/4443  loss=0.2159
    [train] iter 2180/4443  loss=0.1667
    [train] iter 2200/4443  loss=0.1436
    [train] iter 2220/4443  loss=0.2067
    [train] iter 2240/4443  loss=0.2381
    [train] iter 2260/4443  loss=0.3272
    [train] iter 2280/4443  loss=0.2066
    [train] iter 2300/4443  loss=0.1960
    [train] iter 2320/4443  loss=0.2032
    [train] iter 2340/4443  loss=0.2054
    [train] iter 2360/4443  loss=0.1995
    [train] iter 2380/4443  loss=0.2602
    [train] iter 2400/4443  loss=0.2110
    [train] iter 2420/4443  loss=0.1628
    [train] iter 2440/4443  loss=0.2398
    [train] iter 2460/4443  loss=0.1015
    [train] iter 2480/4443  loss=0.1413
    [train] iter 2500/4443  loss=0.1437
    [train] iter 2520/4443  loss=0.1810
    [train] iter 2540/4443  loss=0.2609
    [train] iter 2560/4443  loss=0.1715
    [train] iter 2580/4443  loss=0.3809
    [train] iter 2600/4443  loss=0.1806
    [train] iter 2620/4443  loss=0.1834
    [train] iter 2640/4443  loss=0.1701
    [train] iter 2660/4443  loss=0.1775
    [train] iter 2680/4443  loss=0.1756
    [train] iter 2700/4443  loss=0.2496
    [train] iter 2720/4443  loss=0.1608
    [train] iter 2740/4443  loss=0.1510
    [train] iter 2760/4443  loss=0.1844
    [train] iter 2780/4443  loss=0.1115
    [train] iter 2800/4443  loss=0.1071
    [train] iter 2820/4443  loss=0.3195
    [train] iter 2840/4443  loss=0.2826
    [train] iter 2860/4443  loss=0.1046
    [train] iter 2880/4443  loss=0.2296
    [train] iter 2900/4443  loss=0.1286
    [train] iter 2920/4443  loss=0.2482
    [train] iter 2940/4443  loss=0.1985
    [train] iter 2960/4443  loss=0.1289
    [train] iter 2980/4443  loss=0.1793
    [train] iter 3000/4443  loss=0.2659
    [train] iter 3020/4443  loss=0.1487
    [train] iter 3040/4443  loss=0.1885
    [train] iter 3060/4443  loss=0.2146
    [train] iter 3080/4443  loss=0.0930
    [train] iter 3100/4443  loss=0.2142
    [train] iter 3120/4443  loss=0.1812
    [train] iter 3140/4443  loss=0.1726
    [train] iter 3160/4443  loss=0.2655
    [train] iter 3180/4443  loss=0.1245
    [train] iter 3200/4443  loss=0.1721
    [train] iter 3220/4443  loss=0.1174
    [train] iter 3240/4443  loss=0.2302
    [train] iter 3260/4443  loss=0.1776
    [train] iter 3280/4443  loss=0.0832
    [train] iter 3300/4443  loss=0.1755
    [train] iter 3320/4443  loss=0.2468
    [train] iter 3340/4443  loss=0.1457
    [train] iter 3360/4443  loss=0.1671
    [train] iter 3380/4443  loss=0.1715
    [train] iter 3400/4443  loss=0.1317
    [train] iter 3420/4443  loss=0.2351
    [train] iter 3440/4443  loss=0.1895
    [train] iter 3460/4443  loss=0.1237
    [train] iter 3480/4443  loss=0.2366
    [train] iter 3500/4443  loss=0.2783
    [train] iter 3520/4443  loss=0.1732
    [train] iter 3540/4443  loss=0.2947
    [train] iter 3560/4443  loss=0.1696
    [train] iter 3580/4443  loss=0.1817
    [train] iter 3600/4443  loss=0.1528
    [train] iter 3620/4443  loss=0.2580
    [train] iter 3640/4443  loss=0.2398
    [train] iter 3660/4443  loss=0.1557
    [train] iter 3680/4443  loss=0.1442
    [train] iter 3700/4443  loss=0.1542
    [train] iter 3720/4443  loss=0.2202
    [train] iter 3740/4443  loss=0.1849
    [train] iter 3760/4443  loss=0.1798
    [train] iter 3780/4443  loss=0.1236
    [train] iter 3800/4443  loss=0.2183
    [train] iter 3820/4443  loss=0.2268
    [train] iter 3840/4443  loss=0.2374
    [train] iter 3860/4443  loss=0.2111
    [train] iter 3880/4443  loss=0.2596
    [train] iter 3900/4443  loss=0.1722
    [train] iter 3920/4443  loss=0.2843
    [train] iter 3940/4443  loss=0.1156
    [train] iter 3960/4443  loss=0.1782
    [train] iter 3980/4443  loss=0.2264
    [train] iter 4000/4443  loss=0.1819
    [train] iter 4020/4443  loss=0.1313
    [train] iter 4040/4443  loss=0.2844
    [train] iter 4060/4443  loss=0.2462
    [train] iter 4080/4443  loss=0.3660
    [train] iter 4100/4443  loss=0.1138
    [train] iter 4120/4443  loss=0.0989
    [train] iter 4140/4443  loss=0.1889
    [train] iter 4160/4443  loss=0.2340
    [train] iter 4180/4443  loss=0.1622
    [train] iter 4200/4443  loss=0.3013
    [train] iter 4220/4443  loss=0.1166
    [train] iter 4240/4443  loss=0.1073
    [train] iter 4260/4443  loss=0.2025
    [train] iter 4280/4443  loss=0.1408
    [train] iter 4300/4443  loss=0.2163
    [train] iter 4320/4443  loss=0.1911
    [train] iter 4340/4443  loss=0.2076
    [train] iter 4360/4443  loss=0.1580
    [train] iter 4380/4443  loss=0.3247
    [train] iter 4400/4443  loss=0.1718
    [train] iter 4420/4443  loss=0.1193
    [train] iter 4440/4443  loss=0.3103
  train_loss=0.1951  val_loss=0.1906  val_dice=0.7805

--- Epoch 15/100 (lr=4.76e-04) ---
    [train] iter 20/4443  loss=0.1456
    [train] iter 40/4443  loss=0.1700
    [train] iter 60/4443  loss=0.0821
    [train] iter 80/4443  loss=0.0935
    [train] iter 100/4443  loss=0.2077
    [train] iter 120/4443  loss=0.3100
    [train] iter 140/4443  loss=0.1773
    [train] iter 160/4443  loss=0.1399
    [train] iter 180/4443  loss=0.1703
    [train] iter 200/4443  loss=0.1267
    [train] iter 220/4443  loss=0.2358
    [train] iter 240/4443  loss=0.1818
    [train] iter 260/4443  loss=0.1672
    [train] iter 280/4443  loss=0.2510
    [train] iter 300/4443  loss=0.2274
    [train] iter 320/4443  loss=0.2104
    [train] iter 340/4443  loss=0.2426
    [train] iter 360/4443  loss=0.1404
    [train] iter 380/4443  loss=0.1119
    [train] iter 400/4443  loss=0.1803
    [train] iter 420/4443  loss=0.2474
    [train] iter 440/4443  loss=0.2297
    [train] iter 460/4443  loss=0.1483
    [train] iter 480/4443  loss=0.0846
    [train] iter 500/4443  loss=0.2062
    [train] iter 520/4443  loss=0.1155
    [train] iter 540/4443  loss=0.1210
    [train] iter 560/4443  loss=0.1771
    [train] iter 580/4443  loss=0.1910
    [train] iter 600/4443  loss=0.1476
    [train] iter 620/4443  loss=0.1536
    [train] iter 640/4443  loss=0.2470
    [train] iter 660/4443  loss=0.0990
    [train] iter 680/4443  loss=0.1756
    [train] iter 700/4443  loss=0.1981
    [train] iter 720/4443  loss=0.3830
    [train] iter 740/4443  loss=0.1235
    [train] iter 760/4443  loss=0.1820
    [train] iter 780/4443  loss=0.3049
    [train] iter 800/4443  loss=0.1490
    [train] iter 820/4443  loss=0.2858
    [train] iter 840/4443  loss=0.1613
    [train] iter 860/4443  loss=0.2038
    [train] iter 880/4443  loss=0.1810
    [train] iter 900/4443  loss=0.2232
    [train] iter 920/4443  loss=0.2037
    [train] iter 940/4443  loss=0.1402
    [train] iter 960/4443  loss=0.1447
    [train] iter 980/4443  loss=0.1930
    [train] iter 1000/4443  loss=0.1694
    [train] iter 1020/4443  loss=0.2387
    [train] iter 1040/4443  loss=0.2297
    [train] iter 1060/4443  loss=0.2200
    [train] iter 1080/4443  loss=0.1162
    [train] iter 1100/4443  loss=0.1733
    [train] iter 1120/4443  loss=0.1362
    [train] iter 1140/4443  loss=0.2096
    [train] iter 1160/4443  loss=0.1585
    [train] iter 1180/4443  loss=0.2433
    [train] iter 1200/4443  loss=0.2035
    [train] iter 1220/4443  loss=0.2237
    [train] iter 1240/4443  loss=0.1665
    [train] iter 1260/4443  loss=0.2234
    [train] iter 1280/4443  loss=0.1664
    [train] iter 1300/4443  loss=0.1762
    [train] iter 1320/4443  loss=0.1481
    [train] iter 1340/4443  loss=0.2511
    [train] iter 1360/4443  loss=0.0916
    [train] iter 1380/4443  loss=0.1987
    [train] iter 1400/4443  loss=0.1728
    [train] iter 1420/4443  loss=0.2600
    [train] iter 1440/4443  loss=0.1948
    [train] iter 1460/4443  loss=0.1677
    [train] iter 1480/4443  loss=0.2595
    [train] iter 1500/4443  loss=0.2191
    [train] iter 1520/4443  loss=0.1196
    [train] iter 1540/4443  loss=0.0842
    [train] iter 1560/4443  loss=0.1939
    [train] iter 1580/4443  loss=0.2604
    [train] iter 1600/4443  loss=0.1476
    [train] iter 1620/4443  loss=0.3321
    [train] iter 1640/4443  loss=0.1991
    [train] iter 1660/4443  loss=0.1707
    [train] iter 1680/4443  loss=0.1896
    [train] iter 1700/4443  loss=0.2473
    [train] iter 1720/4443  loss=0.2724
    [train] iter 1740/4443  loss=0.1438
    [train] iter 1760/4443  loss=0.1103
    [train] iter 1780/4443  loss=0.1371
    [train] iter 1800/4443  loss=0.0764
    [train] iter 1820/4443  loss=0.1681
    [train] iter 1840/4443  loss=0.2528
    [train] iter 1860/4443  loss=0.1967
    [train] iter 1880/4443  loss=0.2984
    [train] iter 1900/4443  loss=0.1783
    [train] iter 1920/4443  loss=0.2169
    [train] iter 1940/4443  loss=0.1774
    [train] iter 1960/4443  loss=0.2119
    [train] iter 1980/4443  loss=0.2236
    [train] iter 2000/4443  loss=0.1021
    [train] iter 2020/4443  loss=0.1052
    [train] iter 2040/4443  loss=0.1308
    [train] iter 2060/4443  loss=0.1292
    [train] iter 2080/4443  loss=0.1209
    [train] iter 2100/4443  loss=0.1053
    [train] iter 2120/4443  loss=0.0502
    [train] iter 2140/4443  loss=0.3119
    [train] iter 2160/4443  loss=0.3147
    [train] iter 2180/4443  loss=0.0661
    [train] iter 2200/4443  loss=0.2032
    [train] iter 2220/4443  loss=0.1712
    [train] iter 2240/4443  loss=0.1260
    [train] iter 2260/4443  loss=0.3921
    [train] iter 2280/4443  loss=0.2174
    [train] iter 2300/4443  loss=0.2447
    [train] iter 2320/4443  loss=0.1215
    [train] iter 2340/4443  loss=0.2137
    [train] iter 2360/4443  loss=0.2506
    [train] iter 2380/4443  loss=0.1333
    [train] iter 2400/4443  loss=0.1842
    [train] iter 2420/4443  loss=0.2063
    [train] iter 2440/4443  loss=0.1198
    [train] iter 2460/4443  loss=0.1694
    [train] iter 2480/4443  loss=0.3540
    [train] iter 2500/4443  loss=0.1234
    [train] iter 2520/4443  loss=0.2317
    [train] iter 2540/4443  loss=0.1149
    [train] iter 2560/4443  loss=0.1671
    [train] iter 2580/4443  loss=0.1245
    [train] iter 2600/4443  loss=0.2310
    [train] iter 2620/4443  loss=0.1691
    [train] iter 2640/4443  loss=0.1773
    [train] iter 2660/4443  loss=0.1360
    [train] iter 2680/4443  loss=0.2404
    [train] iter 2700/4443  loss=0.1799
    [train] iter 2720/4443  loss=0.2374
    [train] iter 2740/4443  loss=0.1530
    [train] iter 2760/4443  loss=0.1637
    [train] iter 2780/4443  loss=0.1765
    [train] iter 2800/4443  loss=0.0971
    [train] iter 2820/4443  loss=0.2272
    [train] iter 2840/4443  loss=0.2011
    [train] iter 2860/4443  loss=0.2863
    [train] iter 2880/4443  loss=0.1964
    [train] iter 2900/4443  loss=0.1672
    [train] iter 2920/4443  loss=0.1477
    [train] iter 2940/4443  loss=0.2918
    [train] iter 2960/4443  loss=0.1912
    [train] iter 2980/4443  loss=0.2257
    [train] iter 3000/4443  loss=0.2305
    [train] iter 3020/4443  loss=0.3004
    [train] iter 3040/4443  loss=0.1338
    [train] iter 3060/4443  loss=0.2960
    [train] iter 3080/4443  loss=0.1376
    [train] iter 3100/4443  loss=0.1116
    [train] iter 3120/4443  loss=0.1277
    [train] iter 3140/4443  loss=0.2032
    [train] iter 3160/4443  loss=0.2443
    [train] iter 3180/4443  loss=0.1700
    [train] iter 3200/4443  loss=0.1852
    [train] iter 3220/4443  loss=0.2404
    [train] iter 3240/4443  loss=0.2889
    [train] iter 3260/4443  loss=0.1341
    [train] iter 3280/4443  loss=0.1673
    [train] iter 3300/4443  loss=0.2219
    [train] iter 3320/4443  loss=0.2145
    [train] iter 3340/4443  loss=0.1999
    [train] iter 3360/4443  loss=0.1992
    [train] iter 3380/4443  loss=0.2912
    [train] iter 3400/4443  loss=0.1433
    [train] iter 3420/4443  loss=0.1136
    [train] iter 3440/4443  loss=0.1510
    [train] iter 3460/4443  loss=0.1929
    [train] iter 3480/4443  loss=0.2755
    [train] iter 3500/4443  loss=0.1384
    [train] iter 3520/4443  loss=0.3369
    [train] iter 3540/4443  loss=0.2089
    [train] iter 3560/4443  loss=0.1221
    [train] iter 3580/4443  loss=0.3524
    [train] iter 3600/4443  loss=0.2844
    [train] iter 3620/4443  loss=0.1273
    [train] iter 3640/4443  loss=0.2515
    [train] iter 3660/4443  loss=0.2176
    [train] iter 3680/4443  loss=0.2197
    [train] iter 3700/4443  loss=0.1560
    [train] iter 3720/4443  loss=0.1733
    [train] iter 3740/4443  loss=0.2319
    [train] iter 3760/4443  loss=0.1097
    [train] iter 3780/4443  loss=0.2988
    [train] iter 3800/4443  loss=0.1395
    [train] iter 3820/4443  loss=0.1767
    [train] iter 3840/4443  loss=0.1930
    [train] iter 3860/4443  loss=0.1912
    [train] iter 3880/4443  loss=0.2115
    [train] iter 3900/4443  loss=0.1689
    [train] iter 3920/4443  loss=0.2501
    [train] iter 3940/4443  loss=0.1098
    [train] iter 3960/4443  loss=0.2484
    [train] iter 3980/4443  loss=0.1081
    [train] iter 4000/4443  loss=0.2167
    [train] iter 4020/4443  loss=0.2583
    [train] iter 4040/4443  loss=0.1097
    [train] iter 4060/4443  loss=0.1961
    [train] iter 4080/4443  loss=0.1862
    [train] iter 4100/4443  loss=0.3372
    [train] iter 4120/4443  loss=0.1837
    [train] iter 4140/4443  loss=0.1105
    [train] iter 4160/4443  loss=0.1732
    [train] iter 4180/4443  loss=0.1591
    [train] iter 4200/4443  loss=0.1742
    [train] iter 4220/4443  loss=0.1363
    [train] iter 4240/4443  loss=0.2419
    [train] iter 4260/4443  loss=0.2223
    [train] iter 4280/4443  loss=0.1580
    [train] iter 4300/4443  loss=0.2266
    [train] iter 4320/4443  loss=0.1589
    [train] iter 4340/4443  loss=0.1634
    [train] iter 4360/4443  loss=0.1610
    [train] iter 4380/4443  loss=0.1656
    [train] iter 4400/4443  loss=0.1894
    [train] iter 4420/4443  loss=0.1808
    [train] iter 4440/4443  loss=0.1702
  train_loss=0.1926  val_loss=0.1918  val_dice=0.7804

--- Epoch 16/100 (lr=4.73e-04) ---
    [train] iter 20/4443  loss=0.2041
    [train] iter 40/4443  loss=0.2358
    [train] iter 60/4443  loss=0.1439
    [train] iter 80/4443  loss=0.1887
    [train] iter 100/4443  loss=0.2657
    [train] iter 120/4443  loss=0.1498
    [train] iter 140/4443  loss=0.1165
    [train] iter 160/4443  loss=0.1473
    [train] iter 180/4443  loss=0.1379
    [train] iter 200/4443  loss=0.1282
    [train] iter 220/4443  loss=0.1895
    [train] iter 240/4443  loss=0.2151
    [train] iter 260/4443  loss=0.2345
    [train] iter 280/4443  loss=0.1415
    [train] iter 300/4443  loss=0.1297
    [train] iter 320/4443  loss=0.1642
    [train] iter 340/4443  loss=0.1819
    [train] iter 360/4443  loss=0.1759
    [train] iter 380/4443  loss=0.1482
    [train] iter 400/4443  loss=0.0838
    [train] iter 420/4443  loss=0.1441
    [train] iter 440/4443  loss=0.1947
    [train] iter 460/4443  loss=0.2438
    [train] iter 480/4443  loss=0.1474
    [train] iter 500/4443  loss=0.2127
    [train] iter 520/4443  loss=0.2076
    [train] iter 540/4443  loss=0.2159
    [train] iter 560/4443  loss=0.1662
    [train] iter 580/4443  loss=0.3490
    [train] iter 600/4443  loss=0.1754
    [train] iter 620/4443  loss=0.1876
    [train] iter 640/4443  loss=0.1318
    [train] iter 660/4443  loss=0.2179
    [train] iter 680/4443  loss=0.2175
    [train] iter 700/4443  loss=0.1542
    [train] iter 720/4443  loss=0.2759
    [train] iter 740/4443  loss=0.1703
    [train] iter 760/4443  loss=0.3228
    [train] iter 780/4443  loss=0.1920
    [train] iter 800/4443  loss=0.2101
    [train] iter 820/4443  loss=0.2597
    [train] iter 840/4443  loss=0.1384
    [train] iter 860/4443  loss=0.1899
    [train] iter 880/4443  loss=0.1707
    [train] iter 900/4443  loss=0.1888
    [train] iter 920/4443  loss=0.1505
    [train] iter 940/4443  loss=0.1126
    [train] iter 960/4443  loss=0.2422
    [train] iter 980/4443  loss=0.1639
    [train] iter 1000/4443  loss=0.1161
    [train] iter 1020/4443  loss=0.2375
    [train] iter 1040/4443  loss=0.2539
    [train] iter 1060/4443  loss=0.2417
    [train] iter 1080/4443  loss=0.1412
    [train] iter 1100/4443  loss=0.1550
    [train] iter 1120/4443  loss=0.1939
    [train] iter 1140/4443  loss=0.1963
    [train] iter 1160/4443  loss=0.0829
    [train] iter 1180/4443  loss=0.2035
    [train] iter 1200/4443  loss=0.1188
    [train] iter 1220/4443  loss=0.2082
    [train] iter 1240/4443  loss=0.2641
    [train] iter 1260/4443  loss=0.2921
    [train] iter 1280/4443  loss=0.3346
    [train] iter 1300/4443  loss=0.3004
    [train] iter 1320/4443  loss=0.1319
    [train] iter 1340/4443  loss=0.1819
    [train] iter 1360/4443  loss=0.2319
    [train] iter 1380/4443  loss=0.2445
    [train] iter 1400/4443  loss=0.1436
    [train] iter 1420/4443  loss=0.2596
    [train] iter 1440/4443  loss=0.2978
    [train] iter 1460/4443  loss=0.1594
    [train] iter 1480/4443  loss=0.2062
    [train] iter 1500/4443  loss=0.2406
    [train] iter 1520/4443  loss=0.2292
    [train] iter 1540/4443  loss=0.3258
    [train] iter 1560/4443  loss=0.1669
    [train] iter 1580/4443  loss=0.2313
    [train] iter 1600/4443  loss=0.1871
    [train] iter 1620/4443  loss=0.0925
    [train] iter 1640/4443  loss=0.2196
    [train] iter 1660/4443  loss=0.2043
    [train] iter 1680/4443  loss=0.2592
    [train] iter 1700/4443  loss=0.1133
    [train] iter 1720/4443  loss=0.3003
    [train] iter 1740/4443  loss=0.1902
    [train] iter 1760/4443  loss=0.1542
    [train] iter 1780/4443  loss=0.1482
    [train] iter 1800/4443  loss=0.2103
    [train] iter 1820/4443  loss=0.2400
    [train] iter 1840/4443  loss=0.2389
    [train] iter 1860/4443  loss=0.3053
    [train] iter 1880/4443  loss=0.2960
    [train] iter 1900/4443  loss=0.2968
    [train] iter 1920/4443  loss=0.1261
    [train] iter 1940/4443  loss=0.1473
    [train] iter 1960/4443  loss=0.2184
    [train] iter 1980/4443  loss=0.2432
    [train] iter 2000/4443  loss=0.2477
    [train] iter 2020/4443  loss=0.1999
    [train] iter 2040/4443  loss=0.2318
    [train] iter 2060/4443  loss=0.1398
    [train] iter 2080/4443  loss=0.3194
    [train] iter 2100/4443  loss=0.2207
    [train] iter 2120/4443  loss=0.2628
    [train] iter 2140/4443  loss=0.2502
    [train] iter 2160/4443  loss=0.1850
    [train] iter 2180/4443  loss=0.1578
    [train] iter 2200/4443  loss=0.1700
    [train] iter 2220/4443  loss=0.2524
    [train] iter 2240/4443  loss=0.2452
    [train] iter 2260/4443  loss=0.3342
    [train] iter 2280/4443  loss=0.1817
    [train] iter 2300/4443  loss=0.2939
    [train] iter 2320/4443  loss=0.2332
    [train] iter 2340/4443  loss=0.1676
    [train] iter 2360/4443  loss=0.2276
    [train] iter 2380/4443  loss=0.1901
    [train] iter 2400/4443  loss=0.1738
    [train] iter 2420/4443  loss=0.2670
    [train] iter 2440/4443  loss=0.2049
    [train] iter 2460/4443  loss=0.1349
    [train] iter 2480/4443  loss=0.3400
    [train] iter 2500/4443  loss=0.2605
    [train] iter 2520/4443  loss=0.2257
    [train] iter 2540/4443  loss=0.2109
    [train] iter 2560/4443  loss=0.1787
    [train] iter 2580/4443  loss=0.2235
    [train] iter 2600/4443  loss=0.1430
    [train] iter 2620/4443  loss=0.1484
    [train] iter 2640/4443  loss=0.3503
    [train] iter 2660/4443  loss=0.1823
    [train] iter 2680/4443  loss=0.3194
    [train] iter 2700/4443  loss=0.1351
    [train] iter 2720/4443  loss=0.2701
    [train] iter 2740/4443  loss=0.1911
    [train] iter 2760/4443  loss=0.1527
    [train] iter 2780/4443  loss=0.1645
    [train] iter 2800/4443  loss=0.2368
    [train] iter 2820/4443  loss=0.1420
    [train] iter 2840/4443  loss=0.1539
    [train] iter 2860/4443  loss=0.2153
    [train] iter 2880/4443  loss=0.0919
    [train] iter 2900/4443  loss=0.2461
    [train] iter 2920/4443  loss=0.2450
    [train] iter 2940/4443  loss=0.1577
    [train] iter 2960/4443  loss=0.2655
    [train] iter 2980/4443  loss=0.1853
    [train] iter 3000/4443  loss=0.1597
    [train] iter 3020/4443  loss=0.1423
    [train] iter 3040/4443  loss=0.1682
    [train] iter 3060/4443  loss=0.1480
    [train] iter 3080/4443  loss=0.1348
    [train] iter 3100/4443  loss=0.1403
    [train] iter 3120/4443  loss=0.1823
    [train] iter 3140/4443  loss=0.2647
    [train] iter 3160/4443  loss=0.1669
    [train] iter 3180/4443  loss=0.1291
    [train] iter 3200/4443  loss=0.3155
    [train] iter 3220/4443  loss=0.1265
    [train] iter 3240/4443  loss=0.2816
    [train] iter 3260/4443  loss=0.1049
    [train] iter 3280/4443  loss=0.1822
    [train] iter 3300/4443  loss=0.2020
    [train] iter 3320/4443  loss=0.2595
    [train] iter 3340/4443  loss=0.1441
    [train] iter 3360/4443  loss=0.2086
    [train] iter 3380/4443  loss=0.1769
    [train] iter 3400/4443  loss=0.1036
    [train] iter 3420/4443  loss=0.1632
    [train] iter 3440/4443  loss=0.2517
    [train] iter 3460/4443  loss=0.1204
    [train] iter 3480/4443  loss=0.1653
    [train] iter 3500/4443  loss=0.1048
    [train] iter 3520/4443  loss=0.1609
    [train] iter 3540/4443  loss=0.2237
    [train] iter 3560/4443  loss=0.1143
    [train] iter 3580/4443  loss=0.1644
    [train] iter 3600/4443  loss=0.3310
    [train] iter 3620/4443  loss=0.1363
    [train] iter 3640/4443  loss=0.1487
    [train] iter 3660/4443  loss=0.0980
    [train] iter 3680/4443  loss=0.1586
    [train] iter 3700/4443  loss=0.1701
    [train] iter 3720/4443  loss=0.1920
    [train] iter 3740/4443  loss=0.2483
    [train] iter 3760/4443  loss=0.1718
    [train] iter 3780/4443  loss=0.0887
    [train] iter 3800/4443  loss=0.1720
    [train] iter 3820/4443  loss=0.1432
    [train] iter 3840/4443  loss=0.2484
    [train] iter 3860/4443  loss=0.2016
    [train] iter 3880/4443  loss=0.1453
    [train] iter 3900/4443  loss=0.3225
    [train] iter 3920/4443  loss=0.1110
    [train] iter 3940/4443  loss=0.2297
    [train] iter 3960/4443  loss=0.2208
    [train] iter 3980/4443  loss=0.2676
    [train] iter 4000/4443  loss=0.2569
    [train] iter 4020/4443  loss=0.0759
    [train] iter 4040/4443  loss=0.1751
    [train] iter 4060/4443  loss=0.2019
    [train] iter 4080/4443  loss=0.1418
    [train] iter 4100/4443  loss=0.1272
    [train] iter 4120/4443  loss=0.1556
    [train] iter 4140/4443  loss=0.2729
    [train] iter 4160/4443  loss=0.1148
    [train] iter 4180/4443  loss=0.1248
    [train] iter 4200/4443  loss=0.2013
    [train] iter 4220/4443  loss=0.2433
    [train] iter 4240/4443  loss=0.2578
    [train] iter 4260/4443  loss=0.2427
    [train] iter 4280/4443  loss=0.1629
    [train] iter 4300/4443  loss=0.1522
    [train] iter 4320/4443  loss=0.2931
    [train] iter 4340/4443  loss=0.2250
    [train] iter 4360/4443  loss=0.2417
    [train] iter 4380/4443  loss=0.2154
    [train] iter 4400/4443  loss=0.2785
    [train] iter 4420/4443  loss=0.1167
    [train] iter 4440/4443  loss=0.1457
  train_loss=0.1906  val_loss=0.1825  val_dice=0.7896
  [best] val_dice=0.7896 已保存

--- Epoch 17/100 (lr=4.69e-04) ---
    [train] iter 20/4443  loss=0.1487
    [train] iter 40/4443  loss=0.2599
    [train] iter 60/4443  loss=0.2126
    [train] iter 80/4443  loss=0.2169
    [train] iter 100/4443  loss=0.1347
    [train] iter 120/4443  loss=0.2269
    [train] iter 140/4443  loss=0.1997
    [train] iter 160/4443  loss=0.1359
    [train] iter 180/4443  loss=0.2966
    [train] iter 200/4443  loss=0.1373
    [train] iter 220/4443  loss=0.3240
    [train] iter 240/4443  loss=0.1265
    [train] iter 260/4443  loss=0.1791
    [train] iter 280/4443  loss=0.0833
    [train] iter 300/4443  loss=0.2250
    [train] iter 320/4443  loss=0.1991
    [train] iter 340/4443  loss=0.1357
    [train] iter 360/4443  loss=0.1475
    [train] iter 380/4443  loss=0.1845
    [train] iter 400/4443  loss=0.0961
    [train] iter 420/4443  loss=0.1521
    [train] iter 440/4443  loss=0.1655
    [train] iter 460/4443  loss=0.1781
    [train] iter 480/4443  loss=0.1330
    [train] iter 500/4443  loss=0.2142
    [train] iter 520/4443  loss=0.1973
    [train] iter 540/4443  loss=0.1571
    [train] iter 560/4443  loss=0.1244
    [train] iter 580/4443  loss=0.1378
    [train] iter 600/4443  loss=0.1651
    [train] iter 620/4443  loss=0.2610
    [train] iter 640/4443  loss=0.1919
    [train] iter 660/4443  loss=0.2575
    [train] iter 680/4443  loss=0.1571
    [train] iter 700/4443  loss=0.1609
    [train] iter 720/4443  loss=0.1750
    [train] iter 740/4443  loss=0.1269
    [train] iter 760/4443  loss=0.1935
    [train] iter 780/4443  loss=0.1735
    [train] iter 800/4443  loss=0.2421
    [train] iter 820/4443  loss=0.2121
    [train] iter 840/4443  loss=0.2252
    [train] iter 860/4443  loss=0.1796
    [train] iter 880/4443  loss=0.1800
    [train] iter 900/4443  loss=0.2281
    [train] iter 920/4443  loss=0.2227
    [train] iter 940/4443  loss=0.1865
    [train] iter 960/4443  loss=0.1491
    [train] iter 980/4443  loss=0.2941
    [train] iter 1000/4443  loss=0.2127
    [train] iter 1020/4443  loss=0.1291
    [train] iter 1040/4443  loss=0.1991
    [train] iter 1060/4443  loss=0.2375
    [train] iter 1080/4443  loss=0.1857
    [train] iter 1100/4443  loss=0.1393
    [train] iter 1120/4443  loss=0.2617
    [train] iter 1140/4443  loss=0.1088
    [train] iter 1160/4443  loss=0.1386
    [train] iter 1180/4443  loss=0.1711
    [train] iter 1200/4443  loss=0.3287
    [train] iter 1220/4443  loss=0.1373
    [train] iter 1240/4443  loss=0.3094
    [train] iter 1260/4443  loss=0.2217
    [train] iter 1280/4443  loss=0.2287
    [train] iter 1300/4443  loss=0.1405
    [train] iter 1320/4443  loss=0.1950
    [train] iter 1340/4443  loss=0.2139
    [train] iter 1360/4443  loss=0.2475
    [train] iter 1380/4443  loss=0.1315
    [train] iter 1400/4443  loss=0.1117
    [train] iter 1420/4443  loss=0.3071
    [train] iter 1440/4443  loss=0.2571
    [train] iter 1460/4443  loss=0.1123
    [train] iter 1480/4443  loss=0.0921
    [train] iter 1500/4443  loss=0.1417
    [train] iter 1520/4443  loss=0.1305
    [train] iter 1540/4443  loss=0.1612
    [train] iter 1560/4443  loss=0.1468
    [train] iter 1580/4443  loss=0.2084
    [train] iter 1600/4443  loss=0.2830
    [train] iter 1620/4443  loss=0.1602
    [train] iter 1640/4443  loss=0.2058
    [train] iter 1660/4443  loss=0.1445
    [train] iter 1680/4443  loss=0.1541
    [train] iter 1700/4443  loss=0.1301
    [train] iter 1720/4443  loss=0.1790
    [train] iter 1740/4443  loss=0.0825
    [train] iter 1760/4443  loss=0.1986
    [train] iter 1780/4443  loss=0.1972
    [train] iter 1800/4443  loss=0.1741
    [train] iter 1820/4443  loss=0.2490
    [train] iter 1840/4443  loss=0.1783
    [train] iter 1860/4443  loss=0.2530
    [train] iter 1880/4443  loss=0.1639
    [train] iter 1900/4443  loss=0.2332
    [train] iter 1920/4443  loss=0.1432
    [train] iter 1940/4443  loss=0.1431
    [train] iter 1960/4443  loss=0.1946
    [train] iter 1980/4443  loss=0.2166
    [train] iter 2000/4443  loss=0.1934
    [train] iter 2020/4443  loss=0.2768
    [train] iter 2040/4443  loss=0.2399
    [train] iter 2060/4443  loss=0.1040
    [train] iter 2080/4443  loss=0.1195
    [train] iter 2100/4443  loss=0.2322
    [train] iter 2120/4443  loss=0.1181
    [train] iter 2140/4443  loss=0.1665
    [train] iter 2160/4443  loss=0.1880
    [train] iter 2180/4443  loss=0.1621
    [train] iter 2200/4443  loss=0.1927
    [train] iter 2220/4443  loss=0.1105
    [train] iter 2240/4443  loss=0.2950
    [train] iter 2260/4443  loss=0.1629
    [train] iter 2280/4443  loss=0.1536
    [train] iter 2300/4443  loss=0.2462
    [train] iter 2320/4443  loss=0.1810
    [train] iter 2340/4443  loss=0.1059
    [train] iter 2360/4443  loss=0.1836
    [train] iter 2380/4443  loss=0.1151
    [train] iter 2400/4443  loss=0.2064
    [train] iter 2420/4443  loss=0.1832
    [train] iter 2440/4443  loss=0.2250
    [train] iter 2460/4443  loss=0.2083
    [train] iter 2480/4443  loss=0.2203
    [train] iter 2500/4443  loss=0.1968
    [train] iter 2520/4443  loss=0.2389
    [train] iter 2540/4443  loss=0.1630
    [train] iter 2560/4443  loss=0.2650
    [train] iter 2580/4443  loss=0.1574
    [train] iter 2600/4443  loss=0.1440
    [train] iter 2620/4443  loss=0.1580
    [train] iter 2640/4443  loss=0.1568
    [train] iter 2660/4443  loss=0.2442
    [train] iter 2680/4443  loss=0.3148
    [train] iter 2700/4443  loss=0.1799
    [train] iter 2720/4443  loss=0.1637
    [train] iter 2740/4443  loss=0.1866
    [train] iter 2760/4443  loss=0.1839
    [train] iter 2780/4443  loss=0.1906
    [train] iter 2800/4443  loss=0.1054
    [train] iter 2820/4443  loss=0.0850
    [train] iter 2840/4443  loss=0.2693
    [train] iter 2860/4443  loss=0.1264
    [train] iter 2880/4443  loss=0.1738
    [train] iter 2900/4443  loss=0.2132
    [train] iter 2920/4443  loss=0.1891
    [train] iter 2940/4443  loss=0.2216
    [train] iter 2960/4443  loss=0.2346
    [train] iter 2980/4443  loss=0.1281
    [train] iter 3000/4443  loss=0.2103
    [train] iter 3020/4443  loss=0.2119
    [train] iter 3040/4443  loss=0.2028
    [train] iter 3060/4443  loss=0.1168
    [train] iter 3080/4443  loss=0.1426
    [train] iter 3100/4443  loss=0.2496
    [train] iter 3120/4443  loss=0.1231
    [train] iter 3140/4443  loss=0.1308
    [train] iter 3160/4443  loss=0.0861
    [train] iter 3180/4443  loss=0.2176
    [train] iter 3200/4443  loss=0.1316
    [train] iter 3220/4443  loss=0.2756
    [train] iter 3240/4443  loss=0.3942
    [train] iter 3260/4443  loss=0.1794
    [train] iter 3280/4443  loss=0.2063
    [train] iter 3300/4443  loss=0.2622
    [train] iter 3320/4443  loss=0.1370
    [train] iter 3340/4443  loss=0.2082
    [train] iter 3360/4443  loss=0.3081
    [train] iter 3380/4443  loss=0.3487
    [train] iter 3400/4443  loss=0.2410
    [train] iter 3420/4443  loss=0.1602
    [train] iter 3440/4443  loss=0.1037
    [train] iter 3460/4443  loss=0.4047
    [train] iter 3480/4443  loss=0.1433
    [train] iter 3500/4443  loss=0.2293
    [train] iter 3520/4443  loss=0.1382
    [train] iter 3540/4443  loss=0.1419
    [train] iter 3560/4443  loss=0.1757
    [train] iter 3580/4443  loss=0.1711
    [train] iter 3600/4443  loss=0.1450
    [train] iter 3620/4443  loss=0.2802
    [train] iter 3640/4443  loss=0.2009
    [train] iter 3660/4443  loss=0.1824
    [train] iter 3680/4443  loss=0.1936
    [train] iter 3700/4443  loss=0.1155
    [train] iter 3720/4443  loss=0.0961
    [train] iter 3740/4443  loss=0.1925
    [train] iter 3760/4443  loss=0.2956
    [train] iter 3780/4443  loss=0.1024
    [train] iter 3800/4443  loss=0.1574
    [train] iter 3820/4443  loss=0.2086
    [train] iter 3840/4443  loss=0.2553
    [train] iter 3860/4443  loss=0.1266
    [train] iter 3880/4443  loss=0.0932
    [train] iter 3900/4443  loss=0.1094
    [train] iter 3920/4443  loss=0.1271
    [train] iter 3940/4443  loss=0.1603
    [train] iter 3960/4443  loss=0.1428
    [train] iter 3980/4443  loss=0.1961
    [train] iter 4000/4443  loss=0.2687
    [train] iter 4020/4443  loss=0.1123
    [train] iter 4040/4443  loss=0.2339
    [train] iter 4060/4443  loss=0.2449
    [train] iter 4080/4443  loss=0.1867
    [train] iter 4100/4443  loss=0.1642
    [train] iter 4120/4443  loss=0.1801
    [train] iter 4140/4443  loss=0.1523
    [train] iter 4160/4443  loss=0.1765
    [train] iter 4180/4443  loss=0.2012
    [train] iter 4200/4443  loss=0.1516
    [train] iter 4220/4443  loss=0.1242
    [train] iter 4240/4443  loss=0.1859
    [train] iter 4260/4443  loss=0.2101
    [train] iter 4280/4443  loss=0.3648
    [train] iter 4300/4443  loss=0.1142
    [train] iter 4320/4443  loss=0.1218
    [train] iter 4340/4443  loss=0.1612
    [train] iter 4360/4443  loss=0.1823
    [train] iter 4380/4443  loss=0.2333
    [train] iter 4400/4443  loss=0.2582
    [train] iter 4420/4443  loss=0.1397
    [train] iter 4440/4443  loss=0.1422
  train_loss=0.1899  val_loss=0.2121  val_dice=0.7631

--- Epoch 18/100 (lr=4.65e-04) ---
    [train] iter 20/4443  loss=0.1608
    [skip] iter 23 loss=nan (非有限值，跳过；累计跳过 1)
    [skip] iter 27 loss=nan (非有限值，跳过；累计跳过 2)
    [train] iter 40/4443  loss=0.1730
    [train] iter 60/4443  loss=0.1990
    [train] iter 80/4443  loss=0.2258
    [train] iter 100/4443  loss=0.1261
    [skip] iter 101 loss=nan (非有限值，跳过；累计跳过 3)
    [skip] iter 102 loss=nan (非有限值，跳过；累计跳过 4)
    [skip] iter 107 loss=nan (非有限值，跳过；累计跳过 5)
    [train] iter 120/4443  loss=0.1289
    [train] iter 140/4443  loss=0.1824
    [train] iter 160/4443  loss=0.1224
    [train] iter 180/4443  loss=0.1413
    [train] iter 200/4443  loss=0.1332
    [train] iter 220/4443  loss=0.2033
    [train] iter 240/4443  loss=0.1125
    [train] iter 260/4443  loss=0.1359
    [train] iter 280/4443  loss=0.1900
    [train] iter 300/4443  loss=0.1089
    [train] iter 320/4443  loss=0.2123
    [train] iter 340/4443  loss=0.1631
    [train] iter 360/4443  loss=0.1553
    [train] iter 380/4443  loss=0.1763
    [train] iter 400/4443  loss=0.2095
    [train] iter 420/4443  loss=0.2473
    [train] iter 440/4443  loss=0.1076
    [train] iter 460/4443  loss=0.0876
    [train] iter 480/4443  loss=0.1436
    [train] iter 500/4443  loss=0.2084
    [train] iter 520/4443  loss=0.1954
    [train] iter 540/4443  loss=0.2495
    [train] iter 560/4443  loss=0.1692
    [train] iter 580/4443  loss=0.1564
    [train] iter 600/4443  loss=0.2724
    [train] iter 620/4443  loss=0.1394
    [train] iter 640/4443  loss=0.1658
    [train] iter 660/4443  loss=0.1684
    [train] iter 680/4443  loss=0.2382
    [train] iter 700/4443  loss=0.1360
    [train] iter 720/4443  loss=0.1596
    [train] iter 740/4443  loss=0.1334
    [train] iter 760/4443  loss=0.1219
    [train] iter 780/4443  loss=0.1312
    [train] iter 800/4443  loss=0.1225
    [train] iter 820/4443  loss=0.2229
    [train] iter 840/4443  loss=0.2507
    [train] iter 860/4443  loss=0.2206
    [train] iter 880/4443  loss=0.1396
    [train] iter 900/4443  loss=0.3910
    [train] iter 920/4443  loss=0.1962
    [train] iter 940/4443  loss=0.2158
    [train] iter 960/4443  loss=0.1421
    [train] iter 980/4443  loss=0.1624
    [train] iter 1000/4443  loss=0.1374
    [train] iter 1020/4443  loss=0.2994
    [train] iter 1040/4443  loss=0.1872
    [train] iter 1060/4443  loss=0.2999
    [train] iter 1080/4443  loss=0.1905
    [train] iter 1100/4443  loss=0.1470
    [train] iter 1120/4443  loss=0.2114
    [train] iter 1140/4443  loss=0.1304
    [train] iter 1160/4443  loss=0.2510
    [train] iter 1180/4443  loss=0.2937
    [train] iter 1200/4443  loss=0.1732
    [train] iter 1220/4443  loss=0.1553
    [train] iter 1240/4443  loss=0.2761
    [train] iter 1260/4443  loss=0.1700
    [train] iter 1280/4443  loss=0.1713
    [train] iter 1300/4443  loss=0.1871
    [train] iter 1320/4443  loss=0.2540
    [train] iter 1340/4443  loss=0.1825
    [train] iter 1360/4443  loss=0.2182
    [train] iter 1380/4443  loss=0.1726
    [train] iter 1400/4443  loss=0.2658
    [train] iter 1420/4443  loss=0.2069
    [train] iter 1440/4443  loss=0.2386
    [train] iter 1460/4443  loss=0.2333
    [train] iter 1480/4443  loss=0.1591
    [train] iter 1500/4443  loss=0.1991
    [train] iter 1520/4443  loss=0.2224
    [train] iter 1540/4443  loss=0.2462
    [train] iter 1560/4443  loss=0.1455
    [train] iter 1580/4443  loss=0.1068
    [train] iter 1600/4443  loss=0.1660
    [train] iter 1620/4443  loss=0.1904
    [train] iter 1640/4443  loss=0.4205
    [train] iter 1660/4443  loss=0.0996
    [train] iter 1680/4443  loss=0.1552
    [train] iter 1700/4443  loss=0.1843
    [train] iter 1720/4443  loss=0.2132
    [train] iter 1740/4443  loss=0.1247
    [train] iter 1760/4443  loss=0.2198
    [train] iter 1780/4443  loss=0.2238
    [train] iter 1800/4443  loss=0.2688
    [train] iter 1820/4443  loss=0.1293
    [train] iter 1840/4443  loss=0.1099
    [train] iter 1860/4443  loss=0.2253
    [train] iter 1880/4443  loss=0.2869
    [train] iter 1900/4443  loss=0.1419
    [train] iter 1920/4443  loss=0.2330
    [train] iter 1940/4443  loss=0.2023
    [train] iter 1960/4443  loss=0.1097
    [train] iter 1980/4443  loss=0.1136
    [train] iter 2000/4443  loss=0.1566
    [train] iter 2020/4443  loss=0.1668
    [train] iter 2040/4443  loss=0.1215
    [train] iter 2060/4443  loss=0.1454
    [train] iter 2080/4443  loss=0.2764
    [train] iter 2100/4443  loss=0.1007
    [train] iter 2120/4443  loss=0.1560
    [train] iter 2140/4443  loss=0.2513
    [train] iter 2160/4443  loss=0.0947
    [train] iter 2180/4443  loss=0.1799
    [train] iter 2200/4443  loss=0.2252
    [train] iter 2220/4443  loss=0.1741
    [train] iter 2240/4443  loss=0.1151
    [train] iter 2260/4443  loss=0.1381
    [train] iter 2280/4443  loss=0.2024
    [train] iter 2300/4443  loss=0.2915
    [train] iter 2320/4443  loss=0.2758
    [train] iter 2340/4443  loss=0.2555
    [train] iter 2360/4443  loss=0.2643
    [train] iter 2380/4443  loss=0.1446
    [train] iter 2400/4443  loss=0.1193
    [train] iter 2420/4443  loss=0.2032
    [train] iter 2440/4443  loss=0.2000
    [train] iter 2460/4443  loss=0.1554
    [train] iter 2480/4443  loss=0.2099
    [train] iter 2500/4443  loss=0.1444
    [train] iter 2520/4443  loss=0.2077
    [train] iter 2540/4443  loss=0.2205
    [train] iter 2560/4443  loss=0.1446
    [train] iter 2580/4443  loss=0.1791
    [train] iter 2600/4443  loss=0.1444
    [train] iter 2620/4443  loss=0.2910
    [train] iter 2640/4443  loss=0.1773
    [train] iter 2660/4443  loss=0.3202
    [train] iter 2680/4443  loss=0.1619
    [train] iter 2700/4443  loss=0.1372
    [train] iter 2720/4443  loss=0.1406
    [train] iter 2740/4443  loss=0.1194
    [train] iter 2760/4443  loss=0.2957
    [train] iter 2780/4443  loss=0.2680
    [train] iter 2800/4443  loss=0.2243
    [train] iter 2820/4443  loss=0.1971
    [train] iter 2840/4443  loss=0.2079
    [train] iter 2860/4443  loss=0.1585
    [train] iter 2880/4443  loss=0.2583
    [train] iter 2900/4443  loss=0.2280
    [train] iter 2920/4443  loss=0.2551
    [train] iter 2940/4443  loss=0.1676
    [train] iter 2960/4443  loss=0.1766
    [train] iter 2980/4443  loss=0.1901
    [train] iter 3000/4443  loss=0.3000
    [train] iter 3020/4443  loss=0.1606
    [train] iter 3040/4443  loss=0.1592
    [train] iter 3060/4443  loss=0.2316
    [train] iter 3080/4443  loss=0.1648
    [train] iter 3100/4443  loss=0.1598
    [train] iter 3120/4443  loss=0.1526
    [train] iter 3140/4443  loss=0.1387
    [train] iter 3160/4443  loss=0.3277
    [train] iter 3180/4443  loss=0.1259
    [train] iter 3200/4443  loss=0.1550
    [train] iter 3220/4443  loss=0.3014
    [train] iter 3240/4443  loss=0.2177
    [train] iter 3260/4443  loss=0.1705
    [train] iter 3280/4443  loss=0.1737
    [train] iter 3300/4443  loss=0.2757
    [train] iter 3320/4443  loss=0.1446
    [train] iter 3340/4443  loss=0.2358
    [train] iter 3360/4443  loss=0.1658
    [train] iter 3380/4443  loss=0.2178
    [train] iter 3400/4443  loss=0.2021
    [train] iter 3420/4443  loss=0.3126
    [train] iter 3440/4443  loss=0.1975
    [train] iter 3460/4443  loss=0.1155
    [train] iter 3480/4443  loss=0.1424
    [train] iter 3500/4443  loss=0.2552
    [train] iter 3520/4443  loss=0.2339
    [train] iter 3540/4443  loss=0.1347
    [train] iter 3560/4443  loss=0.2534
    [train] iter 3580/4443  loss=0.0992
    [train] iter 3600/4443  loss=0.1877
    [train] iter 3620/4443  loss=0.1438
    [train] iter 3640/4443  loss=0.1297
    [train] iter 3660/4443  loss=0.1475
    [train] iter 3680/4443  loss=0.1567
    [train] iter 3700/4443  loss=0.2773
    [train] iter 3720/4443  loss=0.1462
    [train] iter 3740/4443  loss=0.1387
    [train] iter 3760/4443  loss=0.1947
    [train] iter 3780/4443  loss=0.1430
    [train] iter 3800/4443  loss=0.1743
    [train] iter 3820/4443  loss=0.2096
    [train] iter 3840/4443  loss=0.1514
    [train] iter 3860/4443  loss=0.1618
    [train] iter 3880/4443  loss=0.2288
    [train] iter 3900/4443  loss=0.0972
    [train] iter 3920/4443  loss=0.3388
    [train] iter 3940/4443  loss=0.1623
    [train] iter 3960/4443  loss=0.2217
    [train] iter 3980/4443  loss=0.1280
    [train] iter 4000/4443  loss=0.1648
    [train] iter 4020/4443  loss=0.2703
    [train] iter 4040/4443  loss=0.2041
    [train] iter 4060/4443  loss=0.2508
    [train] iter 4080/4443  loss=0.1329
    [train] iter 4100/4443  loss=0.1911
    [train] iter 4120/4443  loss=0.2584
    [train] iter 4140/4443  loss=0.3291
    [train] iter 4160/4443  loss=0.1800
    [train] iter 4180/4443  loss=0.1574
    [train] iter 4200/4443  loss=0.1765
    [train] iter 4220/4443  loss=0.2156
    [train] iter 4240/4443  loss=0.1139
    [train] iter 4260/4443  loss=0.1156
    [train] iter 4280/4443  loss=0.1439
    [train] iter 4300/4443  loss=0.1466
    [train] iter 4320/4443  loss=0.2089
    [train] iter 4340/4443  loss=0.1481
    [train] iter 4360/4443  loss=0.2679
    [train] iter 4380/4443  loss=0.1984
    [train] iter 4400/4443  loss=0.1246
    [train] iter 4420/4443  loss=0.1513
    [train] iter 4440/4443  loss=0.1165
    [epoch summary] 本轮跳过 10 个坏 batch
  train_loss=0.1861  val_loss=0.1834  val_dice=0.7873

--- Epoch 19/100 (lr=4.61e-04) ---
    [train] iter 20/4443  loss=0.1637
    [train] iter 40/4443  loss=0.1574
    [train] iter 60/4443  loss=0.1699
    [train] iter 80/4443  loss=0.1124
    [train] iter 100/4443  loss=0.1879
    [train] iter 120/4443  loss=0.1672
    [train] iter 140/4443  loss=0.1590
    [train] iter 160/4443  loss=0.1922
    [train] iter 180/4443  loss=0.2300
    [train] iter 200/4443  loss=0.2139
    [train] iter 220/4443  loss=0.1781
    [train] iter 240/4443  loss=0.1434
    [train] iter 260/4443  loss=0.1626
    [train] iter 280/4443  loss=0.1698
    [train] iter 300/4443  loss=0.2700
    [train] iter 320/4443  loss=0.1718
    [train] iter 340/4443  loss=0.1631
    [train] iter 360/4443  loss=0.1305
    [train] iter 380/4443  loss=0.1752
    [train] iter 400/4443  loss=0.1594
    [train] iter 420/4443  loss=0.2692
    [train] iter 440/4443  loss=0.1600
    [train] iter 460/4443  loss=0.1747
    [train] iter 480/4443  loss=0.1252
    [train] iter 500/4443  loss=0.1794
    [train] iter 520/4443  loss=0.2643
    [train] iter 540/4443  loss=0.1285
    [train] iter 560/4443  loss=0.4333
    [train] iter 580/4443  loss=0.2112
    [train] iter 600/4443  loss=0.1467
    [train] iter 620/4443  loss=0.2330
    [train] iter 640/4443  loss=0.2695
    [train] iter 660/4443  loss=0.1518
    [train] iter 680/4443  loss=0.2409
    [train] iter 700/4443  loss=0.1458
    [train] iter 720/4443  loss=0.1723
    [train] iter 740/4443  loss=0.3917
    [train] iter 760/4443  loss=0.1140
    [train] iter 780/4443  loss=0.1230
    [train] iter 800/4443  loss=0.1806
    [train] iter 820/4443  loss=0.1219
    [train] iter 840/4443  loss=0.1506
    [train] iter 860/4443  loss=0.2510
    [train] iter 880/4443  loss=0.3868
    [train] iter 900/4443  loss=0.1661
    [train] iter 920/4443  loss=0.2574
    [train] iter 940/4443  loss=0.2286
    [train] iter 960/4443  loss=0.1263
    [train] iter 980/4443  loss=0.2239
    [train] iter 1000/4443  loss=0.1281
    [train] iter 1020/4443  loss=0.1729
    [train] iter 1040/4443  loss=0.1497
    [train] iter 1060/4443  loss=0.2477
    [train] iter 1080/4443  loss=0.1345
    [train] iter 1100/4443  loss=0.1478
    [train] iter 1120/4443  loss=0.1893
    [train] iter 1140/4443  loss=0.1698
    [train] iter 1160/4443  loss=0.1643
    [train] iter 1180/4443  loss=0.2139
    [train] iter 1200/4443  loss=0.1538
    [train] iter 1220/4443  loss=0.2736
    [train] iter 1240/4443  loss=0.1063
    [train] iter 1260/4443  loss=0.1461
    [train] iter 1280/4443  loss=0.2162
    [train] iter 1300/4443  loss=0.2045
    [train] iter 1320/4443  loss=0.2045
    [train] iter 1340/4443  loss=0.1526
    [train] iter 1360/4443  loss=0.2023
    [train] iter 1380/4443  loss=0.1951
    [train] iter 1400/4443  loss=0.2194
    [train] iter 1420/4443  loss=0.1747
    [train] iter 1440/4443  loss=0.3705
    [train] iter 1460/4443  loss=0.2795
    [train] iter 1480/4443  loss=0.2378
    [train] iter 1500/4443  loss=0.1707
    [train] iter 1520/4443  loss=0.1542
    [train] iter 1540/4443  loss=0.2435
    [train] iter 1560/4443  loss=0.1475
    [train] iter 1580/4443  loss=0.1252
    [train] iter 1600/4443  loss=0.3395
    [train] iter 1620/4443  loss=0.0964
    [train] iter 1640/4443  loss=0.4018
    [train] iter 1660/4443  loss=0.2964
    [train] iter 1680/4443  loss=0.0878
    [train] iter 1700/4443  loss=0.1947
    [train] iter 1720/4443  loss=0.1668
    [train] iter 1740/4443  loss=0.1242
    [train] iter 1760/4443  loss=0.1466
    [train] iter 1780/4443  loss=0.1548
    [train] iter 1800/4443  loss=0.1658
    [train] iter 1820/4443  loss=0.1711
    [train] iter 1840/4443  loss=0.1586
    [train] iter 1860/4443  loss=0.2269
    [train] iter 1880/4443  loss=0.2260
    [train] iter 1900/4443  loss=0.2760
    [train] iter 1920/4443  loss=0.2929
    [train] iter 1940/4443  loss=0.1897
    [train] iter 1960/4443  loss=0.1330
    [train] iter 1980/4443  loss=0.1930
    [train] iter 2000/4443  loss=0.1828
    [train] iter 2020/4443  loss=0.2421
    [train] iter 2040/4443  loss=0.2161
    [train] iter 2060/4443  loss=0.3118
    [train] iter 2080/4443  loss=0.2596
    [train] iter 2100/4443  loss=0.2299
    [train] iter 2120/4443  loss=0.2503
    [train] iter 2140/4443  loss=0.1200
    [train] iter 2160/4443  loss=0.1440
    [train] iter 2180/4443  loss=0.1813
    [train] iter 2200/4443  loss=0.2347
    [train] iter 2220/4443  loss=0.1666
    [train] iter 2240/4443  loss=0.3312
    [train] iter 2260/4443  loss=0.1305
    [train] iter 2280/4443  loss=0.2031
    [train] iter 2300/4443  loss=0.1931
    [train] iter 2320/4443  loss=0.2373
    [train] iter 2340/4443  loss=0.1985
    [train] iter 2360/4443  loss=0.1523
    [train] iter 2380/4443  loss=0.1616
    [train] iter 2400/4443  loss=0.2355
    [train] iter 2420/4443  loss=0.1695
    [train] iter 2440/4443  loss=0.1927
    [train] iter 2460/4443  loss=0.0922
    [train] iter 2480/4443  loss=0.1649
    [train] iter 2500/4443  loss=0.1505
    [train] iter 2520/4443  loss=0.2223
    [train] iter 2540/4443  loss=0.1751
    [train] iter 2560/4443  loss=0.2300
    [train] iter 2580/4443  loss=0.1139
    [train] iter 2600/4443  loss=0.2508
    [train] iter 2620/4443  loss=0.1639
    [train] iter 2640/4443  loss=0.1658
    [train] iter 2660/4443  loss=0.3206
    [train] iter 2680/4443  loss=0.1378
    [train] iter 2700/4443  loss=0.1568
    [train] iter 2720/4443  loss=0.0902
    [train] iter 2740/4443  loss=0.2019
    [train] iter 2760/4443  loss=0.1692
    [train] iter 2780/4443  loss=0.2717
    [train] iter 2800/4443  loss=0.2656
    [train] iter 2820/4443  loss=0.1655
    [train] iter 2840/4443  loss=0.1481
    [train] iter 2860/4443  loss=0.1831
    [train] iter 2880/4443  loss=0.1381
    [train] iter 2900/4443  loss=0.1550
    [train] iter 2920/4443  loss=0.1319
    [train] iter 2940/4443  loss=0.1215
    [train] iter 2960/4443  loss=0.2425
    [train] iter 2980/4443  loss=0.2794
    [train] iter 3000/4443  loss=0.2706
    [train] iter 3020/4443  loss=0.1455
    [train] iter 3040/4443  loss=0.2172
    [train] iter 3060/4443  loss=0.1293
    [train] iter 3080/4443  loss=0.2054
    [train] iter 3100/4443  loss=0.2687
    [train] iter 3120/4443  loss=0.3007
    [train] iter 3140/4443  loss=0.1337
    [train] iter 3160/4443  loss=0.1942
    [train] iter 3180/4443  loss=0.1315
    [train] iter 3200/4443  loss=0.2481
    [train] iter 3220/4443  loss=0.1694
    [train] iter 3240/4443  loss=0.1532
    [train] iter 3260/4443  loss=0.1711
    [train] iter 3280/4443  loss=0.1808
    [train] iter 3300/4443  loss=0.1230
    [train] iter 3320/4443  loss=0.1449
    [train] iter 3340/4443  loss=0.1663
    [train] iter 3360/4443  loss=0.2980
    [train] iter 3380/4443  loss=0.1245
    [train] iter 3400/4443  loss=0.2432
    [train] iter 3420/4443  loss=0.2270
    [train] iter 3440/4443  loss=0.1846
    [train] iter 3460/4443  loss=0.1670
    [train] iter 3480/4443  loss=0.1915
    [train] iter 3500/4443  loss=0.2288
    [train] iter 3520/4443  loss=0.0959
    [train] iter 3540/4443  loss=0.1395
    [train] iter 3560/4443  loss=0.1687
    [train] iter 3580/4443  loss=0.1711
    [train] iter 3600/4443  loss=0.2932
    [train] iter 3620/4443  loss=0.1057
    [train] iter 3640/4443  loss=0.2254
    [train] iter 3660/4443  loss=0.2139
    [train] iter 3680/4443  loss=0.1791
    [train] iter 3700/4443  loss=0.2765
    [train] iter 3720/4443  loss=0.2431
    [train] iter 3740/4443  loss=0.2576
    [train] iter 3760/4443  loss=0.1605
    [train] iter 3780/4443  loss=0.1897
    [train] iter 3800/4443  loss=0.2055
    [train] iter 3820/4443  loss=0.1586
    [train] iter 3840/4443  loss=0.1824
    [train] iter 3860/4443  loss=0.1459
    [train] iter 3880/4443  loss=0.1640
    [train] iter 3900/4443  loss=0.2474
    [train] iter 3920/4443  loss=0.2082
    [train] iter 3940/4443  loss=0.1583
    [train] iter 3960/4443  loss=0.1154
    [train] iter 3980/4443  loss=0.2259
    [train] iter 4000/4443  loss=0.1045
    [train] iter 4020/4443  loss=0.2097
    [train] iter 4040/4443  loss=0.3927
    [train] iter 4060/4443  loss=0.1370
    [train] iter 4080/4443  loss=0.1500
    [train] iter 4100/4443  loss=0.0885
    [train] iter 4120/4443  loss=0.1280
    [train] iter 4140/4443  loss=0.1641
    [train] iter 4160/4443  loss=0.1565
    [train] iter 4180/4443  loss=0.1772
    [train] iter 4200/4443  loss=0.1219
    [train] iter 4220/4443  loss=0.1190
    [train] iter 4240/4443  loss=0.0933
    [train] iter 4260/4443  loss=0.0935
    [train] iter 4280/4443  loss=0.1562
    [train] iter 4300/4443  loss=0.1780
    [train] iter 4320/4443  loss=0.2183
    [train] iter 4340/4443  loss=0.1271
    [train] iter 4360/4443  loss=0.1137
    [train] iter 4380/4443  loss=0.2276
    [train] iter 4400/4443  loss=0.1838
    [skip] iter 4401 loss=nan (非有限值，跳过；累计跳过 1)
    [train] iter 4420/4443  loss=0.2165
    [train] iter 4440/4443  loss=0.1723
    [epoch summary] 本轮跳过 1 个坏 batch
  train_loss=0.1843  val_loss=0.1850  val_dice=0.7895

--- Epoch 20/100 (lr=4.57e-04) ---
    [train] iter 20/4443  loss=0.1213
    [train] iter 40/4443  loss=0.1059
    [train] iter 60/4443  loss=0.2000
    [train] iter 80/4443  loss=0.1753
    [train] iter 100/4443  loss=0.0939
    [train] iter 120/4443  loss=0.1197
    [train] iter 140/4443  loss=0.1901
    [train] iter 160/4443  loss=0.2224
    [train] iter 180/4443  loss=0.1695
    [train] iter 200/4443  loss=0.1902
    [train] iter 220/4443  loss=0.1488
    [train] iter 240/4443  loss=0.2055
    [train] iter 260/4443  loss=0.1599
    [train] iter 280/4443  loss=0.1250
    [train] iter 300/4443  loss=0.1285
    [train] iter 320/4443  loss=0.1608
    [train] iter 340/4443  loss=0.2970
    [train] iter 360/4443  loss=0.2412
    [train] iter 380/4443  loss=0.1251
    [train] iter 400/4443  loss=0.1345
    [train] iter 420/4443  loss=0.1483
    [train] iter 440/4443  loss=0.1670
    [train] iter 460/4443  loss=0.1238
    [train] iter 480/4443  loss=0.1031
    [train] iter 500/4443  loss=0.2998
    [train] iter 520/4443  loss=0.1265
    [train] iter 540/4443  loss=0.1440
    [train] iter 560/4443  loss=0.0853
    [train] iter 580/4443  loss=0.1392
    [train] iter 600/4443  loss=0.1916
    [train] iter 620/4443  loss=0.1006
    [train] iter 640/4443  loss=0.2557
    [train] iter 660/4443  loss=0.1095
    [train] iter 680/4443  loss=0.1651
    [train] iter 700/4443  loss=0.1697
    [train] iter 720/4443  loss=0.3462
    [train] iter 740/4443  loss=0.1322
    [train] iter 760/4443  loss=0.1795
    [train] iter 780/4443  loss=0.1528
    [train] iter 800/4443  loss=0.0605
    [train] iter 820/4443  loss=0.2179
    [train] iter 840/4443  loss=0.1057
    [train] iter 860/4443  loss=0.1991
    [train] iter 880/4443  loss=0.1601
    [train] iter 900/4443  loss=0.1261
    [train] iter 920/4443  loss=0.2653
    [train] iter 940/4443  loss=0.1670
    [train] iter 960/4443  loss=0.2692
    [train] iter 980/4443  loss=0.1836
    [train] iter 1000/4443  loss=0.2446
    [train] iter 1020/4443  loss=0.2297
    [train] iter 1040/4443  loss=0.1185
    [train] iter 1060/4443  loss=0.0882
    [train] iter 1080/4443  loss=0.3478
    [train] iter 1100/4443  loss=0.1765
    [train] iter 1120/4443  loss=0.1541
    [train] iter 1140/4443  loss=0.2336
    [train] iter 1160/4443  loss=0.0894
    [train] iter 1180/4443  loss=0.1888
    [train] iter 1200/4443  loss=0.1115
    [train] iter 1220/4443  loss=0.1743
    [train] iter 1240/4443  loss=0.1279
    [train] iter 1260/4443  loss=0.1219
    [train] iter 1280/4443  loss=0.1559
    [train] iter 1300/4443  loss=0.1969
    [train] iter 1320/4443  loss=0.2715
    [train] iter 1340/4443  loss=0.1904
    [train] iter 1360/4443  loss=0.1410
    [train] iter 1380/4443  loss=0.1124
    [train] iter 1400/4443  loss=0.2633
    [train] iter 1420/4443  loss=0.2007
    [train] iter 1440/4443  loss=0.3331
    [train] iter 1460/4443  loss=0.0963
    [train] iter 1480/4443  loss=0.2024
    [train] iter 1500/4443  loss=0.2676
    [train] iter 1520/4443  loss=0.2103
    [train] iter 1540/4443  loss=0.1540
    [train] iter 1560/4443  loss=0.2446
    [train] iter 1580/4443  loss=0.3119
    [train] iter 1600/4443  loss=0.1055
    [train] iter 1620/4443  loss=0.1467
    [train] iter 1640/4443  loss=0.2211
    [train] iter 1660/4443  loss=0.2049
    [train] iter 1680/4443  loss=0.1794
    [train] iter 1700/4443  loss=0.1281
    [train] iter 1720/4443  loss=0.3100
    [train] iter 1740/4443  loss=0.1843
    [train] iter 1760/4443  loss=0.1497
    [train] iter 1780/4443  loss=0.2086
    [train] iter 1800/4443  loss=0.1543
    [train] iter 1820/4443  loss=0.1946
    [train] iter 1840/4443  loss=0.1746
    [train] iter 1860/4443  loss=0.1260
    [train] iter 1880/4443  loss=0.1722
    [train] iter 1900/4443  loss=0.3218
    [train] iter 1920/4443  loss=0.1757
    [train] iter 1940/4443  loss=0.2098
    [train] iter 1960/4443  loss=0.1307
    [train] iter 1980/4443  loss=0.1165
    [train] iter 2000/4443  loss=0.1625
    [train] iter 2020/4443  loss=0.2079
    [train] iter 2040/4443  loss=0.1902
    [train] iter 2060/4443  loss=0.2451
    [train] iter 2080/4443  loss=0.1718
    [train] iter 2100/4443  loss=0.2274
    [train] iter 2120/4443  loss=0.1257
    [train] iter 2140/4443  loss=0.1407
    [train] iter 2160/4443  loss=0.1061
    [train] iter 2180/4443  loss=0.1828
    [train] iter 2200/4443  loss=0.1713
    [train] iter 2220/4443  loss=0.2299
    [train] iter 2240/4443  loss=0.2872
    [train] iter 2260/4443  loss=0.1965
    [skip] iter 2269 loss=nan (非有限值，跳过；累计跳过 1)
    [train] iter 2280/4443  loss=0.2181
    [train] iter 2300/4443  loss=0.2410
    [train] iter 2320/4443  loss=0.1505
    [train] iter 2340/4443  loss=0.2676
    [train] iter 2360/4443  loss=0.1140
    [train] iter 2380/4443  loss=0.2805
    [train] iter 2400/4443  loss=0.1424
    [train] iter 2420/4443  loss=0.1638
    [train] iter 2440/4443  loss=0.1469
    [train] iter 2460/4443  loss=0.1456
    [train] iter 2480/4443  loss=0.1470
    [train] iter 2500/4443  loss=0.1985
    [train] iter 2520/4443  loss=0.2249
    [train] iter 2540/4443  loss=0.1974
    [train] iter 2560/4443  loss=0.1708
    [train] iter 2580/4443  loss=0.2274
    [train] iter 2600/4443  loss=0.1600
    [train] iter 2620/4443  loss=0.1257
    [train] iter 2640/4443  loss=0.1539
    [train] iter 2660/4443  loss=0.1532
    [train] iter 2680/4443  loss=0.1860
    [train] iter 2700/4443  loss=0.1720
    [train] iter 2720/4443  loss=0.1020
    [train] iter 2740/4443  loss=0.2982
    [train] iter 2760/4443  loss=0.2030
    [train] iter 2780/4443  loss=0.2462
    [train] iter 2800/4443  loss=0.1135
    [train] iter 2820/4443  loss=0.1571
    [train] iter 2840/4443  loss=0.2869
    [train] iter 2860/4443  loss=0.1770
    [train] iter 2880/4443  loss=0.1735
    [train] iter 2900/4443  loss=0.1766
    [train] iter 2920/4443  loss=0.2961
    [train] iter 2940/4443  loss=0.1793
    [train] iter 2960/4443  loss=0.1090
    [train] iter 2980/4443  loss=0.1349
    [train] iter 3000/4443  loss=0.2042
    [train] iter 3020/4443  loss=0.2348
    [train] iter 3040/4443  loss=0.1729
    [train] iter 3060/4443  loss=0.2924
    [train] iter 3080/4443  loss=0.1370
    [train] iter 3100/4443  loss=0.1948
    [train] iter 3120/4443  loss=0.1692
    [train] iter 3140/4443  loss=0.0877
    [train] iter 3160/4443  loss=0.2098
    [skip] iter 3165 loss=nan (非有限值，跳过；累计跳过 2)
    [train] iter 3180/4443  loss=0.1799
    [train] iter 3200/4443  loss=0.1300
    [train] iter 3220/4443  loss=0.1259
    [train] iter 3240/4443  loss=0.2908
    [train] iter 3260/4443  loss=0.3199
    [train] iter 3280/4443  loss=0.2816
    [train] iter 3300/4443  loss=0.1394
    [train] iter 3320/4443  loss=0.2613
    [skip] iter 3333 loss=nan (非有限值，跳过；累计跳过 3)
    [skip] iter 3335 loss=nan (非有限值，跳过；累计跳过 4)
    [train] iter 3340/4443  loss=0.1828
    [train] iter 3360/4443  loss=0.2787
    [train] iter 3380/4443  loss=0.1295
    [train] iter 3400/4443  loss=0.1393
    [train] iter 3420/4443  loss=0.1481
    [train] iter 3440/4443  loss=0.1188
    [train] iter 3460/4443  loss=0.1618
    [train] iter 3480/4443  loss=0.0965
    [train] iter 3500/4443  loss=0.1528
    [train] iter 3520/4443  loss=0.3500
    [train] iter 3540/4443  loss=0.1724
    [train] iter 3560/4443  loss=0.1382
    [train] iter 3580/4443  loss=0.2252
    [train] iter 3600/4443  loss=0.1708
    [train] iter 3620/4443  loss=0.2256
    [train] iter 3640/4443  loss=0.1237
    [train] iter 3660/4443  loss=0.1418
    [train] iter 3680/4443  loss=0.1560
    [train] iter 3700/4443  loss=0.2887
    [train] iter 3720/4443  loss=0.0729
    [train] iter 3740/4443  loss=0.1901
    [train] iter 3760/4443  loss=0.1524
    [train] iter 3780/4443  loss=0.1562
    [train] iter 3800/4443  loss=0.2225
    [train] iter 3820/4443  loss=0.1272
    [train] iter 3840/4443  loss=0.1845
    [train] iter 3860/4443  loss=0.1931
    [skip] iter 3874 loss=nan (非有限值，跳过；累计跳过 5)
    [train] iter 3880/4443  loss=0.1811
    [train] iter 3900/4443  loss=0.1739
    [train] iter 3920/4443  loss=0.2409
    [train] iter 3960/4443  loss=0.1434
    [train] iter 3980/4443  loss=0.1973
    [train] iter 4000/4443  loss=0.1240
    [train] iter 4020/4443  loss=0.1130
    [train] iter 4040/4443  loss=0.2697
    [train] iter 4080/4443  loss=0.3746
    [train] iter 4100/4443  loss=0.1016
    [train] iter 4120/4443  loss=0.1362
    [train] iter 4140/4443  loss=0.1648
    [train] iter 4160/4443  loss=0.1900
    [train] iter 4180/4443  loss=0.3767
    [train] iter 4220/4443  loss=0.3103
    [skip] iter 4230 loss=nan (非有限值，跳过；累计跳过 50)
    [train] iter 4240/4443  loss=0.2069
    [train] iter 4260/4443  loss=0.2281
    [train] iter 4280/4443  loss=0.2097
    [train] iter 4300/4443  loss=0.1517
    [train] iter 4340/4443  loss=0.1105
    [train] iter 4380/4443  loss=0.1475
    [train] iter 4400/4443  loss=0.2470
    [train] iter 4420/4443  loss=0.1668
    [train] iter 4440/4443  loss=0.2509
    [epoch summary] 本轮跳过 73 个坏 batch
  train_loss=0.1846  val_loss=nan  val_dice=0.7893

--- Epoch 21/100 (lr=4.52e-04) ---
    [skip] iter 19 loss=nan (非有限值，跳过；累计跳过 1)
    [train] iter 20/4443  loss=0.1089
    [skip] iter 34 loss=nan (非有限值，跳过；累计跳过 2)
    [skip] iter 39 loss=nan (非有限值，跳过；累计跳过 3)
    [train] iter 40/4443  loss=0.1743
    [train] iter 60/4443  loss=0.2250
    [skip] iter 61 loss=nan (非有限值，跳过；累计跳过 4)
    [skip] iter 62 loss=nan (非有限值，跳过；累计跳过 5)
    [train] iter 80/4443  loss=0.0911
    [train] iter 100/4443  loss=0.2185
    [train] iter 120/4443  loss=0.1106
    [train] iter 140/4443  loss=0.1124
    [train] iter 180/4443  loss=0.1416
    [train] iter 200/4443  loss=0.1612
    [skip] iter 245 loss=nan (非有限值，跳过；累计跳过 50)
    [train] iter 260/4443  loss=0.1696
    [train] iter 300/4443  loss=0.1305
    [skip] iter 311 loss=nan (非有限值，跳过；累计跳过 100)
    [skip] iter 365 loss=nan (非有限值，跳过；累计跳过 150)
    [train] iter 420/4443  loss=0.1752
    [skip] iter 424 loss=nan (非有限值，跳过；累计跳过 200)
    [train] iter 480/4443  loss=0.1247
    [skip] iter 511 loss=nan (非有限值，跳过；累计跳过 250)
    [train] iter 540/4443  loss=0.1927
    [train] iter 560/4443  loss=0.1127
    [train] iter 580/4443  loss=0.1934
    [skip] iter 594 loss=nan (非有限值，跳过；累计跳过 300)
    [train] iter 620/4443  loss=0.1889
    [train] iter 640/4443  loss=0.2400
    [train] iter 660/4443  loss=0.1051
    [skip] iter 692 loss=nan (非有限值，跳过；累计跳过 350)
    [train] iter 700/4443  loss=0.1557
    [train] iter 740/4443  loss=0.1061
    [train] iter 760/4443  loss=0.3002
    [train] iter 800/4443  loss=0.2086
    [train] iter 820/4443  loss=0.1725
    [train] iter 860/4443  loss=0.1762
    [skip] iter 868 loss=nan (非有限值，跳过；累计跳过 400)
    [train] iter 900/4443  loss=0.1694
    [train] iter 920/4443  loss=0.1907
    [train] iter 940/4443  loss=0.2240
    [train] iter 960/4443  loss=0.1552
    [train] iter 980/4443  loss=0.2180
    [train] iter 1040/4443  loss=0.2288
    [train] iter 1060/4443  loss=0.1053
    [train] iter 1120/4443  loss=0.2033
    [skip] iter 1137 loss=nan (非有限值，跳过；累计跳过 450)
    [train] iter 1160/4443  loss=0.2477
    [train] iter 1180/4443  loss=0.2626
    [train] iter 1200/4443  loss=0.2103
    [train] iter 1220/4443  loss=0.1955
    [train] iter 1240/4443  loss=0.2691
    [train] iter 1260/4443  loss=0.3014
    [train] iter 1280/4443  loss=0.1686
    [train] iter 1300/4443  loss=0.2159
    [train] iter 1320/4443  loss=0.3778
    [train] iter 1340/4443  loss=0.1338
    [train] iter 1360/4443  loss=0.2155
    [train] iter 1380/4443  loss=0.2672
    [train] iter 1400/4443  loss=0.2933
    [train] iter 1440/4443  loss=0.3398
    [train] iter 1460/4443  loss=0.1249
    [train] iter 1480/4443  loss=0.1705
    [train] iter 1500/4443  loss=0.2209
    [train] iter 1520/4443  loss=0.2333
    [skip] iter 1535 loss=nan (非有限值，跳过；累计跳过 500)
    [train] iter 1540/4443  loss=0.1588
    [train] iter 1560/4443  loss=0.1527
    [train] iter 1580/4443  loss=0.1817
    [train] iter 1600/4443  loss=0.1082
    [train] iter 1620/4443  loss=0.1818
    [train] iter 1640/4443  loss=0.1261
    [train] iter 1660/4443  loss=0.1817
    [train] iter 1700/4443  loss=0.1527
    [train] iter 1720/4443  loss=0.1518
    [train] iter 1740/4443  loss=0.2236
    [train] iter 1760/4443  loss=0.1742
    [train] iter 1780/4443  loss=0.0865
    [train] iter 1800/4443  loss=0.1146
    [train] iter 1820/4443  loss=0.1549
    [train] iter 1840/4443  loss=0.2030
    [train] iter 1860/4443  loss=0.4185
    [train] iter 1880/4443  loss=0.1320
    [train] iter 1900/4443  loss=0.1589
    [train] iter 1920/4443  loss=0.2880
    [train] iter 1940/4443  loss=0.3005
    [train] iter 1960/4443  loss=0.3628
    [train] iter 1980/4443  loss=0.1760
    [train] iter 2000/4443  loss=0.2648
    [train] iter 2020/4443  loss=0.1922
    [train] iter 2040/4443  loss=0.2030
    [train] iter 2060/4443  loss=0.1971
    [train] iter 2080/4443  loss=0.1316
    [train] iter 2100/4443  loss=0.1247
    [train] iter 2120/4443  loss=0.2315
    [train] iter 2140/4443  loss=0.1918
    [train] iter 2160/4443  loss=0.2876
    [train] iter 2180/4443  loss=0.1341
    [train] iter 2200/4443  loss=0.3241
    [train] iter 2220/4443  loss=0.2474
    [train] iter 2240/4443  loss=0.2374
    [train] iter 2260/4443  loss=0.1329
    [train] iter 2320/4443  loss=0.0670
    [train] iter 2340/4443  loss=0.1623
    [train] iter 2360/4443  loss=0.3713
    [train] iter 2380/4443  loss=0.1808
    [train] iter 2400/4443  loss=0.1036
    [skip] iter 2405 loss=nan (非有限值，跳过；累计跳过 550)
    [train] iter 2460/4443  loss=0.2670
    [train] iter 2480/4443  loss=0.1688
    [train] iter 2500/4443  loss=0.1827
    [skip] iter 2506 loss=nan (非有限值，跳过；累计跳过 600)
    [train] iter 2540/4443  loss=0.2173
    [skip] iter 2600 loss=nan (非有限值，跳过；累计跳过 650)
    [skip] iter 2659 loss=nan (非有限值，跳过；累计跳过 700)
    [train] iter 2660/4443  loss=0.1901
    [skip] iter 2740 loss=nan (非有限值，跳过；累计跳过 750)
    [skip] iter 2805 loss=nan (非有限值，跳过；累计跳过 800)
    [train] iter 2820/4443  loss=0.0887
    [train] iter 2840/4443  loss=0.2567
    [skip] iter 2863 loss=nan (非有限值，跳过；累计跳过 850)
    [skip] iter 2916 loss=nan (非有限值，跳过；累计跳过 900)
    [skip] iter 2967 loss=nan (非有限值，跳过；累计跳过 950)
    [skip] iter 3023 loss=nan (非有限值，跳过；累计跳过 1000)
    [train] iter 3040/4443  loss=0.1862
    [train] iter 3060/4443  loss=0.1791
    [skip] iter 3092 loss=nan (非有限值，跳过；累计跳过 1050)
    [train] iter 3120/4443  loss=0.1339
    [train] iter 3160/4443  loss=0.1227
    [train] iter 3200/4443  loss=0.1216
    [skip] iter 3202 loss=nan (非有限值，跳过；累计跳过 1100)
    [skip] iter 3259 loss=nan (非有限值，跳过；累计跳过 1150)
    [skip] iter 3310 loss=nan (非有限值，跳过；累计跳过 1200)
    [skip] iter 3362 loss=nan (非有限值，跳过；累计跳过 1250)
    [skip] iter 3412 loss=nan (非有限值，跳过；累计跳过 1300)
    [skip] iter 3462 loss=nan (非有限值，跳过；累计跳过 1350)
    [skip] iter 3513 loss=nan (非有限值，跳过；累计跳过 1400)
    [skip] iter 3563 loss=nan (非有限值，跳过；累计跳过 1450)
    [skip] iter 3614 loss=nan (非有限值，跳过；累计跳过 1500)
    [skip] iter 3666 loss=nan (非有限值，跳过；累计跳过 1550)
    [skip] iter 3716 loss=nan (非有限值，跳过；累计跳过 1600)
    [skip] iter 3772 loss=nan (非有限值，跳过；累计跳过 1650)
    [skip] iter 3822 loss=nan (非有限值，跳过；累计跳过 1700)
    [skip] iter 3873 loss=nan (非有限值，跳过；累计跳过 1750)
    [skip] iter 3923 loss=nan (非有限值，跳过；累计跳过 1800)
    [skip] iter 3973 loss=nan (非有限值，跳过；累计跳过 1850)
    [skip] iter 4023 loss=nan (非有限值，跳过；累计跳过 1900)
    [skip] iter 4073 loss=nan (非有限值，跳过；累计跳过 1950)
    [skip] iter 4123 loss=nan (非有限值，跳过；累计跳过 2000)
    [skip] iter 4176 loss=nan (非有限值，跳过；累计跳过 2050)
    [skip] iter 4226 loss=nan (非有限值，跳过；累计跳过 2100)
    [skip] iter 4277 loss=nan (非有限值，跳过；累计跳过 2150)
    [train] iter 4300/4443  loss=0.2045
    [skip] iter 4329 loss=nan (非有限值，跳过；累计跳过 2200)
    [skip] iter 4382 loss=nan (非有限值，跳过；累计跳过 2250)
    [skip] iter 4436 loss=nan (非有限值，跳过；累计跳过 2300)
    [epoch summary] 本轮跳过 2307 个坏 batch
  train_loss=0.1901  val_loss=nan  val_dice=0.6468

--- Epoch 22/100 (lr=4.48e-04) ---
    [skip] iter 1 loss=nan (非有限值，跳过；累计跳过 1)
    [skip] iter 2 loss=nan (非有限值，跳过；累计跳过 2)
    [skip] iter 3 loss=nan (非有限值，跳过；累计跳过 3)
    [skip] iter 4 loss=nan (非有限值，跳过；累计跳过 4)
    [skip] iter 5 loss=nan (非有限值，跳过；累计跳过 5)
    [skip] iter 51 loss=nan (非有限值，跳过；累计跳过 50)
    [skip] iter 101 loss=nan (非有限值，跳过；累计跳过 100)
    [skip] iter 151 loss=nan (非有限值，跳过；累计跳过 150)
    [skip] iter 203 loss=nan (非有限值，跳过；累计跳过 200)
    [skip] iter 254 loss=nan (非有限值，跳过；累计跳过 250)
    [skip] iter 307 loss=nan (非有限值，跳过；累计跳过 300)
    [skip] iter 358 loss=nan (非有限值，跳过；累计跳过 350)
    [skip] iter 408 loss=nan (非有限值，跳过；累计跳过 400)
    [skip] iter 458 loss=nan (非有限值，跳过；累计跳过 450)
    [skip] iter 508 loss=nan (非有限值，跳过；累计跳过 500)
    [skip] iter 558 loss=nan (非有限值，跳过；累计跳过 550)
    [skip] iter 609 loss=nan (非有限值，跳过；累计跳过 600)
    [skip] iter 659 loss=nan (非有限值，跳过；累计跳过 650)
    [skip] iter 711 loss=nan (非有限值，跳过；累计跳过 700)
    [skip] iter 761 loss=nan (非有限值，跳过；累计跳过 750)
    [train] iter 800/4443  loss=0.2850
    [skip] iter 813 loss=nan (非有限值，跳过；累计跳过 800)
    [skip] iter 863 loss=nan (非有限值，跳过；累计跳过 850)
    [skip] iter 915 loss=nan (非有限值，跳过；累计跳过 900)
    [skip] iter 965 loss=nan (非有限值，跳过；累计跳过 950)
    [skip] iter 1015 loss=nan (非有限值，跳过；累计跳过 1000)
    [skip] iter 1065 loss=nan (非有限值，跳过；累计跳过 1050)
    [skip] iter 1117 loss=nan (非有限值，跳过；累计跳过 1100)
    [skip] iter 1168 loss=nan (非有限值，跳过；累计跳过 1150)
    [skip] iter 1218 loss=nan (非有限值，跳过；累计跳过 1200)
    [skip] iter 1268 loss=nan (非有限值，跳过；累计跳过 1250)
    [skip] iter 1318 loss=nan (非有限值，跳过；累计跳过 1300)
    [skip] iter 1368 loss=nan (非有限值，跳过；累计跳过 1350)
    [skip] iter 1418 loss=nan (非有限值，跳过；累计跳过 1400)
    [skip] iter 1468 loss=nan (非有限值，跳过；累计跳过 1450)
    [skip] iter 1523 loss=nan (非有限值，跳过；累计跳过 1500)
    [skip] iter 1573 loss=nan (非有限值，跳过；累计跳过 1550)
    [skip] iter 1623 loss=nan (非有限值，跳过；累计跳过 1600)
    [skip] iter 1673 loss=nan (非有限值，跳过；累计跳过 1650)
    [skip] iter 1723 loss=nan (非有限值，跳过；累计跳过 1700)
    [skip] iter 1774 loss=nan (非有限值，跳过；累计跳过 1750)
    [skip] iter 1824 loss=nan (非有限值，跳过；累计跳过 1800)
    [skip] iter 1874 loss=nan (非有限值，跳过；累计跳过 1850)
    [skip] iter 1924 loss=nan (非有限值，跳过；累计跳过 1900)
    [skip] iter 1974 loss=nan (非有限值，跳过；累计跳过 1950)
    [skip] iter 2024 loss=nan (非有限值，跳过；累计跳过 2000)
    [skip] iter 2074 loss=nan (非有限值，跳过；累计跳过 2050)
    [skip] iter 2124 loss=nan (非有限值，跳过；累计跳过 2100)
    [skip] iter 2175 loss=nan (非有限值，跳过；累计跳过 2150)
    [skip] iter 2226 loss=nan (非有限值，跳过；累计跳过 2200)
    [skip] iter 2277 loss=nan (非有限值，跳过；累计跳过 2250)
    [skip] iter 2327 loss=nan (非有限值，跳过；累计跳过 2300)
    [skip] iter 2379 loss=nan (非有限值，跳过；累计跳过 2350)
    [skip] iter 2429 loss=nan (非有限值，跳过；累计跳过 2400)
    [skip] iter 2479 loss=nan (非有限值，跳过；累计跳过 2450)
    [skip] iter 2529 loss=nan (非有限值，跳过；累计跳过 2500)
    [skip] iter 2579 loss=nan (非有限值，跳过；累计跳过 2550)
    [skip] iter 2630 loss=nan (非有限值，跳过；累计跳过 2600)
    [skip] iter 2680 loss=nan (非有限值，跳过；累计跳过 2650)
    [skip] iter 2730 loss=nan (非有限值，跳过；累计跳过 2700)
    [skip] iter 2780 loss=nan (非有限值，跳过；累计跳过 2750)
    [skip] iter 2832 loss=nan (非有限值，跳过；累计跳过 2800)
    [skip] iter 2882 loss=nan (非有限值，跳过；累计跳过 2850)
    [train] iter 2900/4443  loss=0.1351
    [skip] iter 2933 loss=nan (非有限值，跳过；累计跳过 2900)
    [skip] iter 2983 loss=nan (非有限值，跳过；累计跳过 2950)
    [skip] iter 3034 loss=nan (非有限值，跳过；累计跳过 3000)
    [skip] iter 3084 loss=nan (非有限值，跳过；累计跳过 3050)
    [skip] iter 3134 loss=nan (非有限值，跳过；累计跳过 3100)
    [skip] iter 3184 loss=nan (非有限值，跳过；累计跳过 3150)
    [skip] iter 3234 loss=nan (非有限值，跳过；累计跳过 3200)
    [skip] iter 3284 loss=nan (非有限值，跳过；累计跳过 3250)
    [skip] iter 3335 loss=nan (非有限值，跳过；累计跳过 3300)
    [skip] iter 3385 loss=nan (非有限值，跳过；累计跳过 3350)
    [skip] iter 3435 loss=nan (非有限值，跳过；累计跳过 3400)
    [skip] iter 3487 loss=nan (非有限值，跳过；累计跳过 3450)
    [skip] iter 3537 loss=nan (非有限值，跳过；累计跳过 3500)
    [skip] iter 3587 loss=nan (非有限值，跳过；累计跳过 3550)
    [skip] iter 3637 loss=nan (非有限值，跳过；累计跳过 3600)
    [skip] iter 3688 loss=nan (非有限值，跳过；累计跳过 3650)
    [skip] iter 3738 loss=nan (非有限值，跳过；累计跳过 3700)
    [skip] iter 3788 loss=nan (非有限值，跳过；累计跳过 3750)
    [skip] iter 3838 loss=nan (非有限值，跳过；累计跳过 3800)
    [skip] iter 3888 loss=nan (非有限值，跳过；累计跳过 3850)
    [skip] iter 3938 loss=nan (非有限值，跳过；累计跳过 3900)
    [skip] iter 3988 loss=nan (非有限值，跳过；累计跳过 3950)
    [skip] iter 4038 loss=nan (非有限值，跳过；累计跳过 4000)
    [skip] iter 4088 loss=nan (非有限值，跳过；累计跳过 4050)
    [skip] iter 4138 loss=nan (非有限值，跳过；累计跳过 4100)
    [train] iter 4180/4443  loss=0.1891
    [skip] iter 4191 loss=nan (非有限值，跳过；累计跳过 4150)
    [skip] iter 4241 loss=nan (非有限值，跳过；累计跳过 4200)
    [skip] iter 4291 loss=nan (非有限值，跳过；累计跳过 4250)
    [skip] iter 4341 loss=nan (非有限值，跳过；累计跳过 4300)
    [skip] iter 4392 loss=nan (非有限值，跳过；累计跳过 4350)
    [skip] iter 4442 loss=nan (非有限值，跳过；累计跳过 4400)
    [epoch summary] 本轮跳过 4401 个坏 batch
  train_loss=0.1890  val_loss=nan  val_dice=0.5673

--- Epoch 23/100 (lr=4.43e-04) ---
    [skip] iter 1 loss=nan (非有限值，跳过；累计跳过 1)
    [skip] iter 2 loss=nan (非有限值，跳过；累计跳过 2)
    [skip] iter 3 loss=nan (非有限值，跳过；累计跳过 3)
    [skip] iter 4 loss=nan (非有限值，跳过；累计跳过 4)
    [skip] iter 5 loss=nan (非有限值，跳过；累计跳过 5)
    [skip] iter 50 loss=nan (非有限值，跳过；累计跳过 50)
    [skip] iter 100 loss=nan (非有限值，跳过；累计跳过 100)
    [skip] iter 150 loss=nan (非有限值，跳过；累计跳过 150)
    [skip] iter 200 loss=nan (非有限值，跳过；累计跳过 200)
    [skip] iter 250 loss=nan (非有限值，跳过；累计跳过 250)
    [skip] iter 301 loss=nan (非有限值，跳过；累计跳过 300)
    [skip] iter 351 loss=nan (非有限值，跳过；累计跳过 350)
    [skip] iter 402 loss=nan (非有限值，跳过；累计跳过 400)
    [skip] iter 453 loss=nan (非有限值，跳过；累计跳过 450)
    [skip] iter 503 loss=nan (非有限值，跳过；累计跳过 500)
    [skip] iter 553 loss=nan (非有限值，跳过；累计跳过 550)
    [skip] iter 603 loss=nan (非有限值，跳过；累计跳过 600)
    [skip] iter 653 loss=nan (非有限值，跳过；累计跳过 650)
    [skip] iter 703 loss=nan (非有限值，跳过；累计跳过 700)
    [skip] iter 753 loss=nan (非有限值，跳过；累计跳过 750)
    [skip] iter 803 loss=nan (非有限值，跳过；累计跳过 800)
    [skip] iter 853 loss=nan (非有限值，跳过；累计跳过 850)
    [skip] iter 903 loss=nan (非有限值，跳过；累计跳过 900)
    [skip] iter 953 loss=nan (非有限值，跳过；累计跳过 950)
    [skip] iter 1003 loss=nan (非有限值，跳过；累计跳过 1000)
    [skip] iter 1053 loss=nan (非有限值，跳过；累计跳过 1050)
    [skip] iter 1103 loss=nan (非有限值，跳过；累计跳过 1100)
    [skip] iter 1153 loss=nan (非有限值，跳过；累计跳过 1150)
    [skip] iter 1203 loss=nan (非有限值，跳过；累计跳过 1200)
    [skip] iter 1253 loss=nan (非有限值，跳过；累计跳过 1250)
    [skip] iter 1303 loss=nan (非有限值，跳过；累计跳过 1300)
    [skip] iter 1353 loss=nan (非有限值，跳过；累计跳过 1350)
    [skip] iter 1403 loss=nan (非有限值，跳过；累计跳过 1400)
    [skip] iter 1453 loss=nan (非有限值，跳过；累计跳过 1450)
    [skip] iter 1503 loss=nan (非有限值，跳过；累计跳过 1500)
    [skip] iter 1553 loss=nan (非有限值，跳过；累计跳过 1550)
    [skip] iter 1603 loss=nan (非有限值，跳过；累计跳过 1600)
    [skip] iter 1653 loss=nan (非有限值，跳过；累计跳过 1650)
    [skip] iter 1703 loss=nan (非有限值，跳过；累计跳过 1700)
    [skip] iter 1753 loss=nan (非有限值，跳过；累计跳过 1750)
    [skip] iter 1803 loss=nan (非有限值，跳过；累计跳过 1800)
    [skip] iter 1853 loss=nan (非有限值，跳过；累计跳过 1850)
    [skip] iter 1903 loss=nan (非有限值，跳过；累计跳过 1900)
    [skip] iter 1957 loss=nan (非有限值，跳过；累计跳过 1950)
    [skip] iter 2007 loss=nan (非有限值，跳过；累计跳过 2000)
    [skip] iter 2057 loss=nan (非有限值，跳过；累计跳过 2050)
    [skip] iter 2107 loss=nan (非有限值，跳过；累计跳过 2100)
    [skip] iter 2157 loss=nan (非有限值，跳过；累计跳过 2150)
    [skip] iter 2207 loss=nan (非有限值，跳过；累计跳过 2200)
    [skip] iter 2257 loss=nan (非有限值，跳过；累计跳过 2250)
    [skip] iter 2307 loss=nan (非有限值，跳过；累计跳过 2300)
    [skip] iter 2357 loss=nan (非有限值，跳过；累计跳过 2350)
    [skip] iter 2407 loss=nan (非有限值，跳过；累计跳过 2400)
    [skip] iter 2457 loss=nan (非有限值，跳过；累计跳过 2450)
    [skip] iter 2507 loss=nan (非有限值，跳过；累计跳过 2500)
    [skip] iter 2558 loss=nan (非有限值，跳过；累计跳过 2550)
    [skip] iter 2608 loss=nan (非有限值，跳过；累计跳过 2600)
    [skip] iter 2658 loss=nan (非有限值，跳过；累计跳过 2650)
    [skip] iter 2710 loss=nan (非有限值，跳过；累计跳过 2700)
    [skip] iter 2761 loss=nan (非有限值，跳过；累计跳过 2750)
    [skip] iter 2811 loss=nan (非有限值，跳过；累计跳过 2800)
    [skip] iter 2861 loss=nan (非有限值，跳过；累计跳过 2850)
    [skip] iter 2912 loss=nan (非有限值，跳过；累计跳过 2900)
    [skip] iter 2962 loss=nan (非有限值，跳过；累计跳过 2950)
    [skip] iter 3012 loss=nan (非有限值，跳过；累计跳过 3000)
    [skip] iter 3062 loss=nan (非有限值，跳过；累计跳过 3050)
    [skip] iter 3112 loss=nan (非有限值，跳过；累计跳过 3100)
    [skip] iter 3163 loss=nan (非有限值，跳过；累计跳过 3150)
    [skip] iter 3213 loss=nan (非有限值，跳过；累计跳过 3200)
    [skip] iter 3266 loss=nan (非有限值，跳过；累计跳过 3250)
    [skip] iter 3320 loss=nan (非有限值，跳过；累计跳过 3300)
    [skip] iter 3370 loss=nan (非有限值，跳过；累计跳过 3350)
    [skip] iter 3422 loss=nan (非有限值，跳过；累计跳过 3400)
    [skip] iter 3473 loss=nan (非有限值，跳过；累计跳过 3450)
    [train] iter 3520/4443  loss=0.1192
    [skip] iter 3526 loss=nan (非有限值，跳过；累计跳过 3500)
    [skip] iter 3577 loss=nan (非有限值，跳过；累计跳过 3550)
    [train] iter 3620/4443  loss=0.2729
    [skip] iter 3629 loss=nan (非有限值，跳过；累计跳过 3600)
    [skip] iter 3680 loss=nan (非有限值，跳过；累计跳过 3650)
    [skip] iter 3732 loss=nan (非有限值，跳过；累计跳过 3700)
    [train] iter 3760/4443  loss=0.1061
    [skip] iter 3790 loss=nan (非有限值，跳过；累计跳过 3750)
    [skip] iter 3840 loss=nan (非有限值，跳过；累计跳过 3800)
    [skip] iter 3893 loss=nan (非有限值，跳过；累计跳过 3850)
    [skip] iter 3945 loss=nan (非有限值，跳过；累计跳过 3900)
    [skip] iter 3995 loss=nan (非有限值，跳过；累计跳过 3950)
    [train] iter 4020/4443  loss=0.2047
    [skip] iter 4049 loss=nan (非有限值，跳过；累计跳过 4000)
    [skip] iter 4102 loss=nan (非有限值，跳过；累计跳过 4050)
    [train] iter 4140/4443  loss=0.2089
    [skip] iter 4154 loss=nan (非有限值，跳过；累计跳过 4100)
    [skip] iter 4207 loss=nan (非有限值，跳过；累计跳过 4150)
    [skip] iter 4261 loss=nan (非有限值，跳过；累计跳过 4200)
    [skip] iter 4312 loss=nan (非有限值，跳过；累计跳过 4250)
    [train] iter 4320/4443  loss=0.3078
    [train] iter 4360/4443  loss=0.1917
    [train] iter 4380/4443  loss=0.2054
    [train] iter 4400/4443  loss=0.1753
    [skip] iter 4414 loss=nan (非有限值，跳过；累计跳过 4300)
    [epoch summary] 本轮跳过 4323 个坏 batch
  train_loss=0.1775  val_loss=nan  val_dice=0.7373

--- Epoch 24/100 (lr=4.38e-04) ---
    [skip] iter 2 loss=nan (非有限值，跳过；累计跳过 1)
    [skip] iter 3 loss=nan (非有限值，跳过；累计跳过 2)
    [skip] iter 4 loss=nan (非有限值，跳过；累计跳过 3)
    [skip] iter 5 loss=nan (非有限值，跳过；累计跳过 4)
    [skip] iter 6 loss=nan (非有限值，跳过；累计跳过 5)
    [skip] iter 58 loss=nan (非有限值，跳过；累计跳过 50)
    [train] iter 60/4443  loss=0.2422
    [train] iter 80/4443  loss=0.1462
    [skip] iter 123 loss=nan (非有限值，跳过；累计跳过 100)
    [skip] iter 192 loss=nan (非有限值，跳过；累计跳过 150)
    [train] iter 240/4443  loss=0.1176
    [train] iter 260/4443  loss=0.1219
    [skip] iter 281 loss=nan (非有限值，跳过；累计跳过 200)
    [train] iter 360/4443  loss=0.0978
    [skip] iter 373 loss=nan (非有限值，跳过；累计跳过 250)
    [skip] iter 433 loss=nan (非有限值，跳过；累计跳过 300)
    [train] iter 440/4443  loss=0.1615
    [skip] iter 487 loss=nan (非有限值，跳过；累计跳过 350)
    [skip] iter 540 loss=nan (非有限值，跳过；累计跳过 400)
    [skip] iter 590 loss=nan (非有限值，跳过；累计跳过 450)
    [skip] iter 644 loss=nan (非有限值，跳过；累计跳过 500)
    [skip] iter 695 loss=nan (非有限值，跳过；累计跳过 550)
    [skip] iter 746 loss=nan (非有限值，跳过；累计跳过 600)
    [skip] iter 796 loss=nan (非有限值，跳过；累计跳过 650)
    [skip] iter 848 loss=nan (非有限值，跳过；累计跳过 700)
    [skip] iter 899 loss=nan (非有限值，跳过；累计跳过 750)
    [skip] iter 949 loss=nan (非有限值，跳过；累计跳过 800)
    [skip] iter 999 loss=nan (非有限值，跳过；累计跳过 850)
    [skip] iter 1052 loss=nan (非有限值，跳过；累计跳过 900)
    [skip] iter 1102 loss=nan (非有限值，跳过；累计跳过 950)
    [skip] iter 1154 loss=nan (非有限值，跳过；累计跳过 1000)
    [skip] iter 1205 loss=nan (非有限值，跳过；累计跳过 1050)
    [skip] iter 1255 loss=nan (非有限值，跳过；累计跳过 1100)
    [skip] iter 1306 loss=nan (非有限值，跳过；累计跳过 1150)
    [skip] iter 1356 loss=nan (非有限值，跳过；累计跳过 1200)
    [train] iter 1360/4443  loss=0.1846
    [skip] iter 1407 loss=nan (非有限值，跳过；累计跳过 1250)
    [skip] iter 1457 loss=nan (非有限值，跳过；累计跳过 1300)
    [skip] iter 1507 loss=nan (非有限值，跳过；累计跳过 1350)
    [skip] iter 1557 loss=nan (非有限值，跳过；累计跳过 1400)
    [skip] iter 1607 loss=nan (非有限值，跳过；累计跳过 1450)
    [skip] iter 1657 loss=nan (非有限值，跳过；累计跳过 1500)
    [skip] iter 1707 loss=nan (非有限值，跳过；累计跳过 1550)
    [skip] iter 1757 loss=nan (非有限值，跳过；累计跳过 1600)
    [skip] iter 1807 loss=nan (非有限值，跳过；累计跳过 1650)
    [skip] iter 1857 loss=nan (非有限值，跳过；累计跳过 1700)
    [skip] iter 1907 loss=nan (非有限值，跳过；累计跳过 1750)
    [skip] iter 1958 loss=nan (非有限值，跳过；累计跳过 1800)
    [skip] iter 2008 loss=nan (非有限值，跳过；累计跳过 1850)
    [skip] iter 2058 loss=nan (非有限值，跳过；累计跳过 1900)
    [skip] iter 2108 loss=nan (非有限值，跳过；累计跳过 1950)
    [skip] iter 2158 loss=nan (非有限值，跳过；累计跳过 2000)
    [skip] iter 2208 loss=nan (非有限值，跳过；累计跳过 2050)
    [skip] iter 2258 loss=nan (非有限值，跳过；累计跳过 2100)
    [skip] iter 2308 loss=nan (非有限值，跳过；累计跳过 2150)
    [skip] iter 2358 loss=nan (非有限值，跳过；累计跳过 2200)
    [skip] iter 2408 loss=nan (非有限值，跳过；累计跳过 2250)
    [skip] iter 2458 loss=nan (非有限值，跳过；累计跳过 2300)
    [skip] iter 2508 loss=nan (非有限值，跳过；累计跳过 2350)
    [skip] iter 2558 loss=nan (非有限值，跳过；累计跳过 2400)
    [skip] iter 2608 loss=nan (非有限值，跳过；累计跳过 2450)
    [skip] iter 2658 loss=nan (非有限值，跳过；累计跳过 2500)
    [skip] iter 2708 loss=nan (非有限值，跳过；累计跳过 2550)
    [skip] iter 2759 loss=nan (非有限值，跳过；累计跳过 2600)
    [skip] iter 2809 loss=nan (非有限值，跳过；累计跳过 2650)
    [skip] iter 2859 loss=nan (非有限值，跳过；累计跳过 2700)
    [skip] iter 2909 loss=nan (非有限值，跳过；累计跳过 2750)
    [skip] iter 2959 loss=nan (非有限值，跳过；累计跳过 2800)
    [skip] iter 3009 loss=nan (非有限值，跳过；累计跳过 2850)
    [skip] iter 3059 loss=nan (非有限值，跳过；累计跳过 2900)
    [skip] iter 3109 loss=nan (非有限值，跳过；累计跳过 2950)
    [skip] iter 3159 loss=nan (非有限值，跳过；累计跳过 3000)
    [skip] iter 3209 loss=nan (非有限值，跳过；累计跳过 3050)
    [skip] iter 3259 loss=nan (非有限值，跳过；累计跳过 3100)
    [skip] iter 3309 loss=nan (非有限值，跳过；累计跳过 3150)
    [skip] iter 3360 loss=nan (非有限值，跳过；累计跳过 3200)
    [skip] iter 3410 loss=nan (非有限值，跳过；累计跳过 3250)
    [skip] iter 3460 loss=nan (非有限值，跳过；累计跳过 3300)
    [skip] iter 3510 loss=nan (非有限值，跳过；累计跳过 3350)
    [skip] iter 3560 loss=nan (非有限值，跳过；累计跳过 3400)
    [skip] iter 3610 loss=nan (非有限值，跳过；累计跳过 3450)
    [skip] iter 3660 loss=nan (非有限值，跳过；累计跳过 3500)
    [skip] iter 3710 loss=nan (非有限值，跳过；累计跳过 3550)
    [skip] iter 3760 loss=nan (非有限值，跳过；累计跳过 3600)
    [skip] iter 3810 loss=nan (非有限值，跳过；累计跳过 3650)
    [skip] iter 3860 loss=nan (非有限值，跳过；累计跳过 3700)
    [skip] iter 3910 loss=nan (非有限值，跳过；累计跳过 3750)
    [skip] iter 3961 loss=nan (非有限值，跳过；累计跳过 3800)
    [skip] iter 4011 loss=nan (非有限值，跳过；累计跳过 3850)
    [skip] iter 4061 loss=nan (非有限值，跳过；累计跳过 3900)
    [skip] iter 4111 loss=nan (非有限值，跳过；累计跳过 3950)
    [skip] iter 4161 loss=nan (非有限值，跳过；累计跳过 4000)
    [skip] iter 4211 loss=nan (非有限值，跳过；累计跳过 4050)
    [skip] iter 4263 loss=nan (非有限值，跳过；累计跳过 4100)
    [skip] iter 4313 loss=nan (非有限值，跳过；累计跳过 4150)
    [skip] iter 4363 loss=nan (非有限值，跳过；累计跳过 4200)
    [skip] iter 4413 loss=nan (非有限值，跳过；累计跳过 4250)
    [epoch summary] 本轮跳过 4280 个坏 batch
  train_loss=0.1790  val_loss=nan  val_dice=0.4908

--- Epoch 25/100 (lr=4.32e-04) ---
    [skip] iter 1 loss=nan (非有限值，跳过；累计跳过 1)
    [skip] iter 2 loss=nan (非有限值，跳过；累计跳过 2)
    [skip] iter 3 loss=nan (非有限值，跳过；累计跳过 3)
    [skip] iter 4 loss=nan (非有限值，跳过；累计跳过 4)
    [skip] iter 5 loss=nan (非有限值，跳过；累计跳过 5)
    [skip] iter 50 loss=nan (非有限值，跳过；累计跳过 50)
    [skip] iter 100 loss=nan (非有限值，跳过；累计跳过 100)
    [skip] iter 150 loss=nan (非有限值，跳过；累计跳过 150)
    [skip] iter 200 loss=nan (非有限值，跳过；累计跳过 200)
    [skip] iter 250 loss=nan (非有限值，跳过；累计跳过 250)
    [skip] iter 300 loss=nan (非有限值，跳过；累计跳过 300)
    [skip] iter 350 loss=nan (非有限值，跳过；累计跳过 350)
    [skip] iter 400 loss=nan (非有限值，跳过；累计跳过 400)
    [train] iter 420/4443  loss=0.2039
    [skip] iter 451 loss=nan (非有限值，跳过；累计跳过 450)
    [skip] iter 501 loss=nan (非有限值，跳过；累计跳过 500)
    [skip] iter 551 loss=nan (非有限值，跳过；累计跳过 550)
    [skip] iter 601 loss=nan (非有限值，跳过；累计跳过 600)
    [skip] iter 651 loss=nan (非有限值，跳过；累计跳过 650)
    [skip] iter 701 loss=nan (非有限值，跳过；累计跳过 700)
    [skip] iter 751 loss=nan (非有限值，跳过；累计跳过 750)
    [skip] iter 801 loss=nan (非有限值，跳过；累计跳过 800)
    [skip] iter 851 loss=nan (非有限值，跳过；累计跳过 850)
    [skip] iter 901 loss=nan (非有限值，跳过；累计跳过 900)
    [skip] iter 951 loss=nan (非有限值，跳过；累计跳过 950)
    [skip] iter 1001 loss=nan (非有限值，跳过；累计跳过 1000)
    [skip] iter 1053 loss=nan (非有限值，跳过；累计跳过 1050)
    [skip] iter 1103 loss=nan (非有限值，跳过；累计跳过 1100)
    [skip] iter 1153 loss=nan (非有限值，跳过；累计跳过 1150)
    [skip] iter 1203 loss=nan (非有限值，跳过；累计跳过 1200)
    [skip] iter 1253 loss=nan (非有限值，跳过；累计跳过 1250)
    [skip] iter 1303 loss=nan (非有限值，跳过；累计跳过 1300)
    [skip] iter 1353 loss=nan (非有限值，跳过；累计跳过 1350)
    [skip] iter 1403 loss=nan (非有限值，跳过；累计跳过 1400)
    [skip] iter 1453 loss=nan (非有限值，跳过；累计跳过 1450)
    [skip] iter 1503 loss=nan (非有限值，跳过；累计跳过 1500)
    [skip] iter 1553 loss=nan (非有限值，跳过；累计跳过 1550)
    [skip] iter 1603 loss=nan (非有限值，跳过；累计跳过 1600)
    [skip] iter 1653 loss=nan (非有限值，跳过；累计跳过 1650)
    [skip] iter 1703 loss=nan (非有限值，跳过；累计跳过 1700)
    [skip] iter 1753 loss=nan (非有限值，跳过；累计跳过 1750)
    [skip] iter 1803 loss=nan (非有限值，跳过；累计跳过 1800)
    [skip] iter 1853 loss=nan (非有限值，跳过；累计跳过 1850)
    [skip] iter 1903 loss=nan (非有限值，跳过；累计跳过 1900)
    [skip] iter 1953 loss=nan (非有限值，跳过；累计跳过 1950)
    [skip] iter 2003 loss=nan (非有限值，跳过；累计跳过 2000)
    [skip] iter 2053 loss=nan (非有限值，跳过；累计跳过 2050)
    [skip] iter 2103 loss=nan (非有限值，跳过；累计跳过 2100)
    [skip] iter 2153 loss=nan (非有限值，跳过；累计跳过 2150)
    [skip] iter 2204 loss=nan (非有限值，跳过；累计跳过 2200)
    [skip] iter 2254 loss=nan (非有限值，跳过；累计跳过 2250)
    [skip] iter 2304 loss=nan (非有限值，跳过；累计跳过 2300)
    [skip] iter 2354 loss=nan (非有限值，跳过；累计跳过 2350)
    [skip] iter 2404 loss=nan (非有限值，跳过；累计跳过 2400)
    [skip] iter 2454 loss=nan (非有限值，跳过；累计跳过 2450)
    [skip] iter 2504 loss=nan (非有限值，跳过；累计跳过 2500)
    [skip] iter 2554 loss=nan (非有限值，跳过；累计跳过 2550)
    [skip] iter 2604 loss=nan (非有限值，跳过；累计跳过 2600)
    [skip] iter 2654 loss=nan (非有限值，跳过；累计跳过 2650)
    [skip] iter 2704 loss=nan (非有限值，跳过；累计跳过 2700)
    [skip] iter 2754 loss=nan (非有限值，跳过；累计跳过 2750)
    [skip] iter 2804 loss=nan (非有限值，跳过；累计跳过 2800)
    [skip] iter 2854 loss=nan (非有限值，跳过；累计跳过 2850)
    [skip] iter 2904 loss=nan (非有限值，跳过；累计跳过 2900)
    [skip] iter 2955 loss=nan (非有限值，跳过；累计跳过 2950)
    [skip] iter 3005 loss=nan (非有限值，跳过；累计跳过 3000)
    [skip] iter 3055 loss=nan (非有限值，跳过；累计跳过 3050)
    [skip] iter 3105 loss=nan (非有限值，跳过；累计跳过 3100)
    [skip] iter 3155 loss=nan (非有限值，跳过；累计跳过 3150)
    [skip] iter 3205 loss=nan (非有限值，跳过；累计跳过 3200)
    [skip] iter 3255 loss=nan (非有限值，跳过；累计跳过 3250)
    [skip] iter 3305 loss=nan (非有限值，跳过；累计跳过 3300)
    [skip] iter 3355 loss=nan (非有限值，跳过；累计跳过 3350)
    [skip] iter 3405 loss=nan (非有限值，跳过；累计跳过 3400)
    [skip] iter 3455 loss=nan (非有限值，跳过；累计跳过 3450)
    [skip] iter 3505 loss=nan (非有限值，跳过；累计跳过 3500)
    [skip] iter 3555 loss=nan (非有限值，跳过；累计跳过 3550)
    [skip] iter 3605 loss=nan (非有限值，跳过；累计跳过 3600)
    [skip] iter 3655 loss=nan (非有限值，跳过；累计跳过 3650)
    [skip] iter 3705 loss=nan (非有限值，跳过；累计跳过 3700)
    [skip] iter 3755 loss=nan (非有限值，跳过；累计跳过 3750)
    [skip] iter 3805 loss=nan (非有限值，跳过；累计跳过 3800)
    [skip] iter 3855 loss=nan (非有限值，跳过；累计跳过 3850)
    [skip] iter 3905 loss=nan (非有限值，跳过；累计跳过 3900)
    [skip] iter 3955 loss=nan (非有限值，跳过；累计跳过 3950)
    [skip] iter 4005 loss=nan (非有限值，跳过；累计跳过 4000)
    [skip] iter 4055 loss=nan (非有限值，跳过；累计跳过 4050)
    [skip] iter 4105 loss=nan (非有限值，跳过；累计跳过 4100)
    [skip] iter 4155 loss=nan (非有限值，跳过；累计跳过 4150)
    [skip] iter 4205 loss=nan (非有限值，跳过；累计跳过 4200)
    [skip] iter 4255 loss=nan (非有限值，跳过；累计跳过 4250)
    [skip] iter 4305 loss=nan (非有限值，跳过；累计跳过 4300)
    [skip] iter 4355 loss=nan (非有限值，跳过；累计跳过 4350)
    [skip] iter 4405 loss=nan (非有限值，跳过；累计跳过 4400)
    [epoch summary] 本轮跳过 4438 个坏 batch
  train_loss=0.2324  val_loss=nan  val_dice=0.4400

--- Epoch 26/100 (lr=4.27e-04) ---
    [skip] iter 1 loss=nan (非有限值，跳过；累计跳过 1)
    [skip] iter 2 loss=nan (非有限值，跳过；累计跳过 2)
    [skip] iter 3 loss=nan (非有限值，跳过；累计跳过 3)
    [skip] iter 4 loss=nan (非有限值，跳过；累计跳过 4)
    [skip] iter 5 loss=nan (非有限值，跳过；累计跳过 5)
    [skip] iter 50 loss=nan (非有限值，跳过；累计跳过 50)
    [skip] iter 100 loss=nan (非有限值，跳过；累计跳过 100)
    [skip] iter 150 loss=nan (非有限值，跳过；累计跳过 150)
    [skip] iter 200 loss=nan (非有限值，跳过；累计跳过 200)
    [skip] iter 250 loss=nan (非有限值，跳过；累计跳过 250)
    [skip] iter 300 loss=nan (非有限值，跳过；累计跳过 300)
    [skip] iter 350 loss=nan (非有限值，跳过；累计跳过 350)
    [skip] iter 400 loss=nan (非有限值，跳过；累计跳过 400)
    [skip] iter 450 loss=nan (非有限值，跳过；累计跳过 450)
    [skip] iter 500 loss=nan (非有限值，跳过；累计跳过 500)
    [skip] iter 550 loss=nan (非有限值，跳过；累计跳过 550)
    [skip] iter 600 loss=nan (非有限值，跳过；累计跳过 600)
    [skip] iter 650 loss=nan (非有限值，跳过；累计跳过 650)
    [skip] iter 700 loss=nan (非有限值，跳过；累计跳过 700)
    [skip] iter 750 loss=nan (非有限值，跳过；累计跳过 750)
    [skip] iter 800 loss=nan (非有限值，跳过；累计跳过 800)
    [skip] iter 850 loss=nan (非有限值，跳过；累计跳过 850)
    [skip] iter 900 loss=nan (非有限值，跳过；累计跳过 900)
    [skip] iter 950 loss=nan (非有限值，跳过；累计跳过 950)
    [skip] iter 1000 loss=nan (非有限值，跳过；累计跳过 1000)
    [skip] iter 1050 loss=nan (非有限值，跳过；累计跳过 1050)
    [skip] iter 1100 loss=nan (非有限值，跳过；累计跳过 1100)
    [skip] iter 1150 loss=nan (非有限值，跳过；累计跳过 1150)
    [skip] iter 1200 loss=nan (非有限值，跳过；累计跳过 1200)
    [skip] iter 1250 loss=nan (非有限值，跳过；累计跳过 1250)
    [skip] iter 1300 loss=nan (非有限值，跳过；累计跳过 1300)
    [skip] iter 1350 loss=nan (非有限值，跳过；累计跳过 1350)
    [skip] iter 1400 loss=nan (非有限值，跳过；累计跳过 1400)
    [skip] iter 1450 loss=nan (非有限值，跳过；累计跳过 1450)
    [skip] iter 1500 loss=nan (非有限值，跳过；累计跳过 1500)
    [skip] iter 1550 loss=nan (非有限值，跳过；累计跳过 1550)
    [skip] iter 1600 loss=nan (非有限值，跳过；累计跳过 1600)
    [skip] iter 1650 loss=nan (非有限值，跳过；累计跳过 1650)
    [skip] iter 1701 loss=nan (非有限值，跳过；累计跳过 1700)
    [skip] iter 1751 loss=nan (非有限值，跳过；累计跳过 1750)
    [skip] iter 1801 loss=nan (非有限值，跳过；累计跳过 1800)
    [skip] iter 1851 loss=nan (非有限值，跳过；累计跳过 1850)
    [skip] iter 1901 loss=nan (非有限值，跳过；累计跳过 1900)
    [skip] iter 1951 loss=nan (非有限值，跳过；累计跳过 1950)
    [skip] iter 2002 loss=nan (非有限值，跳过；累计跳过 2000)
    [skip] iter 2052 loss=nan (非有限值，跳过；累计跳过 2050)
    [skip] iter 2102 loss=nan (非有限值，跳过；累计跳过 2100)
    [skip] iter 2152 loss=nan (非有限值，跳过；累计跳过 2150)
    [skip] iter 2202 loss=nan (非有限值，跳过；累计跳过 2200)
    [skip] iter 2252 loss=nan (非有限值，跳过；累计跳过 2250)
    [skip] iter 2302 loss=nan (非有限值，跳过；累计跳过 2300)
    [skip] iter 2352 loss=nan (非有限值，跳过；累计跳过 2350)
    [skip] iter 2402 loss=nan (非有限值，跳过；累计跳过 2400)
    [skip] iter 2452 loss=nan (非有限值，跳过；累计跳过 2450)
    [skip] iter 2502 loss=nan (非有限值，跳过；累计跳过 2500)
    [skip] iter 2552 loss=nan (非有限值，跳过；累计跳过 2550)
    [skip] iter 2602 loss=nan (非有限值，跳过；累计跳过 2600)
    [skip] iter 2652 loss=nan (非有限值，跳过；累计跳过 2650)
    [skip] iter 2702 loss=nan (非有限值，跳过；累计跳过 2700)
    [skip] iter 2752 loss=nan (非有限值，跳过；累计跳过 2750)
    [skip] iter 2802 loss=nan (非有限值，跳过；累计跳过 2800)
    [skip] iter 2852 loss=nan (非有限值，跳过；累计跳过 2850)
    [skip] iter 2902 loss=nan (非有限值，跳过；累计跳过 2900)
    [skip] iter 2952 loss=nan (非有限值，跳过；累计跳过 2950)
    [skip] iter 3002 loss=nan (非有限值，跳过；累计跳过 3000)
    [skip] iter 3052 loss=nan (非有限值，跳过；累计跳过 3050)
    [skip] iter 3102 loss=nan (非有限值，跳过；累计跳过 3100)
    [skip] iter 3152 loss=nan (非有限值，跳过；累计跳过 3150)
    [skip] iter 3202 loss=nan (非有限值，跳过；累计跳过 3200)
    [skip] iter 3252 loss=nan (非有限值，跳过；累计跳过 3250)
    [skip] iter 3302 loss=nan (非有限值，跳过；累计跳过 3300)
    [skip] iter 3352 loss=nan (非有限值，跳过；累计跳过 3350)
    [skip] iter 3402 loss=nan (非有限值，跳过；累计跳过 3400)
    [skip] iter 3452 loss=nan (非有限值，跳过；累计跳过 3450)
    [skip] iter 3502 loss=nan (非有限值，跳过；累计跳过 3500)
    [skip] iter 3552 loss=nan (非有限值，跳过；累计跳过 3550)
    [skip] iter 3602 loss=nan (非有限值，跳过；累计跳过 3600)
    [skip] iter 3652 loss=nan (非有限值，跳过；累计跳过 3650)
    [skip] iter 3702 loss=nan (非有限值，跳过；累计跳过 3700)
    [skip] iter 3752 loss=nan (非有限值，跳过；累计跳过 3750)
    [skip] iter 3802 loss=nan (非有限值，跳过；累计跳过 3800)
    [skip] iter 3852 loss=nan (非有限值，跳过；累计跳过 3850)
    [skip] iter 3902 loss=nan (非有限值，跳过；累计跳过 3900)
    [skip] iter 3952 loss=nan (非有限值，跳过；累计跳过 3950)
    [skip] iter 4002 loss=nan (非有限值，跳过；累计跳过 4000)
    [skip] iter 4052 loss=nan (非有限值，跳过；累计跳过 4050)
    [skip] iter 4102 loss=nan (非有限值，跳过；累计跳过 4100)
    [skip] iter 4152 loss=nan (非有限值，跳过；累计跳过 4150)
    [skip] iter 4202 loss=nan (非有限值，跳过；累计跳过 4200)
    [skip] iter 4252 loss=nan (非有限值，跳过；累计跳过 4250)
    [skip] iter 4302 loss=nan (非有限值，跳过；累计跳过 4300)
    [skip] iter 4352 loss=nan (非有限值，跳过；累计跳过 4350)
    [skip] iter 4402 loss=nan (非有限值，跳过；累计跳过 4400)
    [epoch summary] 本轮跳过 4441 个坏 batch
  train_loss=0.2061  val_loss=nan  val_dice=0.4165

--- Epoch 27/100 (lr=4.21e-04) ---
    [skip] iter 1 loss=nan (非有限值，跳过；累计跳过 1)
    [skip] iter 2 loss=nan (非有限值，跳过；累计跳过 2)
    [skip] iter 3 loss=nan (非有限值，跳过；累计跳过 3)
    [skip] iter 4 loss=nan (非有限值，跳过；累计跳过 4)
    [skip] iter 5 loss=nan (非有限值，跳过；累计跳过 5)
    [skip] iter 50 loss=nan (非有限值，跳过；累计跳过 50)
    [skip] iter 100 loss=nan (非有限值，跳过；累计跳过 100)
    [skip] iter 150 loss=nan (非有限值，跳过；累计跳过 150)
    [skip] iter 200 loss=nan (非有限值，跳过；累计跳过 200)
    [skip] iter 250 loss=nan (非有限值，跳过；累计跳过 250)
    [skip] iter 300 loss=nan (非有限值，跳过；累计跳过 300)
    [skip] iter 350 loss=nan (非有限值，跳过；累计跳过 350)
    [skip] iter 400 loss=nan (非有限值，跳过；累计跳过 400)
    [skip] iter 450 loss=nan (非有限值，跳过；累计跳过 450)
    [skip] iter 500 loss=nan (非有限值，跳过；累计跳过 500)
    [skip] iter 550 loss=nan (非有限值，跳过；累计跳过 550)
    [skip] iter 600 loss=nan (非有限值，跳过；累计跳过 600)
    [skip] iter 650 loss=nan (非有限值，跳过；累计跳过 650)
    [skip] iter 700 loss=nan (非有限值，跳过；累计跳过 700)
    [skip] iter 750 loss=nan (非有限值，跳过；累计跳过 750)
    [skip] iter 800 loss=nan (非有限值，跳过；累计跳过 800)
    [skip] iter 850 loss=nan (非有限值，跳过；累计跳过 850)
    [skip] iter 900 loss=nan (非有限值，跳过；累计跳过 900)
    [skip] iter 950 loss=nan (非有限值，跳过；累计跳过 950)
    [skip] iter 1000 loss=nan (非有限值，跳过；累计跳过 1000)
    [skip] iter 1050 loss=nan (非有限值，跳过；累计跳过 1050)
    [skip] iter 1100 loss=nan (非有限值，跳过；累计跳过 1100)
    [skip] iter 1150 loss=nan (非有限值，跳过；累计跳过 1150)
    [skip] iter 1200 loss=nan (非有限值，跳过；累计跳过 1200)
    [skip] iter 1250 loss=nan (非有限值，跳过；累计跳过 1250)
    [skip] iter 1300 loss=nan (非有限值，跳过；累计跳过 1300)
    [skip] iter 1350 loss=nan (非有限值，跳过；累计跳过 1350)
    [skip] iter 1400 loss=nan (非有限值，跳过；累计跳过 1400)
    [skip] iter 1450 loss=nan (非有限值，跳过；累计跳过 1450)
    [skip] iter 1500 loss=nan (非有限值，跳过；累计跳过 1500)
    [skip] iter 1550 loss=nan (非有限值，跳过；累计跳过 1550)
    [skip] iter 1600 loss=nan (非有限值，跳过；累计跳过 1600)
    [skip] iter 1650 loss=nan (非有限值，跳过；累计跳过 1650)
    [skip] iter 1700 loss=nan (非有限值，跳过；累计跳过 1700)
    [skip] iter 1750 loss=nan (非有限值，跳过；累计跳过 1750)
    [skip] iter 1800 loss=nan (非有限值，跳过；累计跳过 1800)
    [skip] iter 1850 loss=nan (非有限值，跳过；累计跳过 1850)
    [skip] iter 1900 loss=nan (非有限值，跳过；累计跳过 1900)
    [skip] iter 1950 loss=nan (非有限值，跳过；累计跳过 1950)
    [skip] iter 2000 loss=nan (非有限值，跳过；累计跳过 2000)
    [skip] iter 2050 loss=nan (非有限值，跳过；累计跳过 2050)
    [skip] iter 2100 loss=nan (非有限值，跳过；累计跳过 2100)
    [skip] iter 2150 loss=nan (非有限值，跳过；累计跳过 2150)
    [skip] iter 2200 loss=nan (非有限值，跳过；累计跳过 2200)
    [skip] iter 2250 loss=nan (非有限值，跳过；累计跳过 2250)
    [skip] iter 2300 loss=nan (非有限值，跳过；累计跳过 2300)
    [skip] iter 2350 loss=nan (非有限值，跳过；累计跳过 2350)
    [skip] iter 2400 loss=nan (非有限值，跳过；累计跳过 2400)
    [skip] iter 2451 loss=nan (非有限值，跳过；累计跳过 2450)
    [skip] iter 2501 loss=nan (非有限值，跳过；累计跳过 2500)
    [skip] iter 2551 loss=nan (非有限值，跳过；累计跳过 2550)
    [skip] iter 2601 loss=nan (非有限值，跳过；累计跳过 2600)
    [skip] iter 2651 loss=nan (非有限值，跳过；累计跳过 2650)
    [skip] iter 2701 loss=nan (非有限值，跳过；累计跳过 2700)
    [skip] iter 2751 loss=nan (非有限值，跳过；累计跳过 2750)
    [skip] iter 2801 loss=nan (非有限值，跳过；累计跳过 2800)
    [skip] iter 2851 loss=nan (非有限值，跳过；累计跳过 2850)
    [skip] iter 2901 loss=nan (非有限值，跳过；累计跳过 2900)
    [skip] iter 2951 loss=nan (非有限值，跳过；累计跳过 2950)
    [skip] iter 3001 loss=nan (非有限值，跳过；累计跳过 3000)
    [skip] iter 3051 loss=nan (非有限值，跳过；累计跳过 3050)
    [skip] iter 3101 loss=nan (非有限值，跳过；累计跳过 3100)
    [skip] iter 3151 loss=nan (非有限值，跳过；累计跳过 3150)
    [skip] iter 3201 loss=nan (非有限值，跳过；累计跳过 3200)
    [skip] iter 3251 loss=nan (非有限值，跳过；累计跳过 3250)
    [skip] iter 3301 loss=nan (非有限值，跳过；累计跳过 3300)
    [skip] iter 3351 loss=nan (非有限值，跳过；累计跳过 3350)
    [skip] iter 3401 loss=nan (非有限值，跳过；累计跳过 3400)
    [skip] iter 3451 loss=nan (非有限值，跳过；累计跳过 3450)
    [skip] iter 3501 loss=nan (非有限值，跳过；累计跳过 3500)
    [skip] iter 3551 loss=nan (非有限值，跳过；累计跳过 3550)
    [skip] iter 3601 loss=nan (非有限值，跳过；累计跳过 3600)
    [skip] iter 3651 loss=nan (非有限值，跳过；累计跳过 3650)
    [skip] iter 3701 loss=nan (非有限值，跳过；累计跳过 3700)
    [skip] iter 3751 loss=nan (非有限值，跳过；累计跳过 3750)
    [skip] iter 3801 loss=nan (非有限值，跳过；累计跳过 3800)
    [skip] iter 3851 loss=nan (非有限值，跳过；累计跳过 3850)
    [skip] iter 3901 loss=nan (非有限值，跳过；累计跳过 3900)
    [skip] iter 3951 loss=nan (非有限值，跳过；累计跳过 3950)
    [skip] iter 4001 loss=nan (非有限值，跳过；累计跳过 4000)
    [skip] iter 4051 loss=nan (非有限值，跳过；累计跳过 4050)
    [skip] iter 4101 loss=nan (非有限值，跳过；累计跳过 4100)
    [skip] iter 4151 loss=nan (非有限值，跳过；累计跳过 4150)
    [skip] iter 4201 loss=nan (非有限值，跳过；累计跳过 4200)
    [skip] iter 4251 loss=nan (非有限值，跳过；累计跳过 4250)
    [skip] iter 4301 loss=nan (非有限值，跳过；累计跳过 4300)
    [skip] iter 4351 loss=nan (非有限值，跳过；累计跳过 4350)
    [skip] iter 4401 loss=nan (非有限值，跳过；累计跳过 4400)
    [epoch summary] 本轮跳过 4442 个坏 batch
  train_loss=0.1403  val_loss=nan  val_dice=0.4069

--- Epoch 28/100 (lr=4.15e-04) ---
    [skip] iter 1 loss=nan (非有限值，跳过；累计跳过 1)
    [skip] iter 2 loss=nan (非有限值，跳过；累计跳过 2)
    [skip] iter 3 loss=nan (非有限值，跳过；累计跳过 3)
    [skip] iter 4 loss=nan (非有限值，跳过；累计跳过 4)
    [skip] iter 5 loss=nan (非有限值，跳过；累计跳过 5)
    [skip] iter 50 loss=nan (非有限值，跳过；累计跳过 50)
    [skip] iter 100 loss=nan (非有限值，跳过；累计跳过 100)
    [skip] iter 150 loss=nan (非有限值，跳过；累计跳过 150)
    [skip] iter 200 loss=nan (非有限值，跳过；累计跳过 200)
    [skip] iter 250 loss=nan (非有限值，跳过；累计跳过 250)
    [skip] iter 300 loss=nan (非有限值，跳过；累计跳过 300)
    [skip] iter 350 loss=nan (非有限值，跳过；累计跳过 350)
    [skip] iter 400 loss=nan (非有限值，跳过；累计跳过 400)
    [skip] iter 450 loss=nan (非有限值，跳过；累计跳过 450)
    [skip] iter 500 loss=nan (非有限值，跳过；累计跳过 500)
    [skip] iter 550 loss=nan (非有限值，跳过；累计跳过 550)
    [skip] iter 600 loss=nan (非有限值，跳过；累计跳过 600)
    [skip] iter 650 loss=nan (非有限值，跳过；累计跳过 650)
    [skip] iter 700 loss=nan (非有限值，跳过；累计跳过 700)
    [skip] iter 750 loss=nan (非有限值，跳过；累计跳过 750)
    [skip] iter 800 loss=nan (非有限值，跳过；累计跳过 800)
    [skip] iter 850 loss=nan (非有限值，跳过；累计跳过 850)
    [skip] iter 900 loss=nan (非有限值，跳过；累计跳过 900)
    [skip] iter 950 loss=nan (非有限值，跳过；累计跳过 950)
    [skip] iter 1000 loss=nan (非有限值，跳过；累计跳过 1000)
    [skip] iter 1050 loss=nan (非有限值，跳过；累计跳过 1050)
    [skip] iter 1100 loss=nan (非有限值，跳过；累计跳过 1100)
    [skip] iter 1150 loss=nan (非有限值，跳过；累计跳过 1150)
    [skip] iter 1200 loss=nan (非有限值，跳过；累计跳过 1200)
    [skip] iter 1250 loss=nan (非有限值，跳过；累计跳过 1250)
    [skip] iter 1300 loss=nan (非有限值，跳过；累计跳过 1300)
    [skip] iter 1350 loss=nan (非有限值，跳过；累计跳过 1350)
    [skip] iter 1400 loss=nan (非有限值，跳过；累计跳过 1400)
    [skip] iter 1450 loss=nan (非有限值，跳过；累计跳过 1450)
    [skip] iter 1500 loss=nan (非有限值，跳过；累计跳过 1500)
    [skip] iter 1550 loss=nan (非有限值，跳过；累计跳过 1550)
    [skip] iter 1600 loss=nan (非有限值，跳过；累计跳过 1600)
    [skip] iter 1650 loss=nan (非有限值，跳过；累计跳过 1650)
    [skip] iter 1700 loss=nan (非有限值，跳过；累计跳过 1700)
    [skip] iter 1750 loss=nan (非有限值，跳过；累计跳过 1750)
    [skip] iter 1800 loss=nan (非有限值，跳过；累计跳过 1800)
    [skip] iter 1850 loss=nan (非有限值，跳过；累计跳过 1850)
    [skip] iter 1900 loss=nan (非有限值，跳过；累计跳过 1900)
    [skip] iter 1950 loss=nan (非有限值，跳过；累计跳过 1950)
    [skip] iter 2000 loss=nan (非有限值，跳过；累计跳过 2000)
    [skip] iter 2050 loss=nan (非有限值，跳过；累计跳过 2050)
    [skip] iter 2100 loss=nan (非有限值，跳过；累计跳过 2100)
    [skip] iter 2150 loss=nan (非有限值，跳过；累计跳过 2150)
    [skip] iter 2200 loss=nan (非有限值，跳过；累计跳过 2200)
    [skip] iter 2250 loss=nan (非有限值，跳过；累计跳过 2250)
    [skip] iter 2300 loss=nan (非有限值，跳过；累计跳过 2300)
    [skip] iter 2350 loss=nan (非有限值，跳过；累计跳过 2350)
    [skip] iter 2400 loss=nan (非有限值，跳过；累计跳过 2400)
    [skip] iter 2450 loss=nan (非有限值，跳过；累计跳过 2450)
    [skip] iter 2500 loss=nan (非有限值，跳过；累计跳过 2500)
    [skip] iter 2550 loss=nan (非有限值，跳过；累计跳过 2550)
    [skip] iter 2600 loss=nan (非有限值，跳过；累计跳过 2600)
    [skip] iter 2650 loss=nan (非有限值，跳过；累计跳过 2650)
    [skip] iter 2700 loss=nan (非有限值，跳过；累计跳过 2700)
    [skip] iter 2750 loss=nan (非有限值，跳过；累计跳过 2750)
    [skip] iter 2800 loss=nan (非有限值，跳过；累计跳过 2800)
    [skip] iter 2850 loss=nan (非有限值，跳过；累计跳过 2850)
    [skip] iter 2900 loss=nan (非有限值，跳过；累计跳过 2900)
    [skip] iter 2950 loss=nan (非有限值，跳过；累计跳过 2950)
    [skip] iter 3000 loss=nan (非有限值，跳过；累计跳过 3000)
    [skip] iter 3050 loss=nan (非有限值，跳过；累计跳过 3050)
    [skip] iter 3100 loss=nan (非有限值，跳过；累计跳过 3100)
    [skip] iter 3150 loss=nan (非有限值，跳过；累计跳过 3150)
    [skip] iter 3200 loss=nan (非有限值，跳过；累计跳过 3200)
    [skip] iter 3250 loss=nan (非有限值，跳过；累计跳过 3250)
    [skip] iter 3300 loss=nan (非有限值，跳过；累计跳过 3300)
    [skip] iter 3350 loss=nan (非有限值，跳过；累计跳过 3350)
    [skip] iter 3400 loss=nan (非有限值，跳过；累计跳过 3400)
    [skip] iter 3450 loss=nan (非有限值，跳过；累计跳过 3450)
    [skip] iter 3500 loss=nan (非有限值，跳过；累计跳过 3500)
    [skip] iter 3550 loss=nan (非有限值，跳过；累计跳过 3550)
    [skip] iter 3600 loss=nan (非有限值，跳过；累计跳过 3600)
    [skip] iter 3650 loss=nan (非有限值，跳过；累计跳过 3650)
    [skip] iter 3700 loss=nan (非有限值，跳过；累计跳过 3700)
    [skip] iter 3750 loss=nan (非有限值，跳过；累计跳过 3750)
    [skip] iter 3800 loss=nan (非有限值，跳过；累计跳过 3800)
    [skip] iter 3850 loss=nan (非有限值，跳过；累计跳过 3850)
    [skip] iter 3900 loss=nan (非有限值，跳过；累计跳过 3900)
    [skip] iter 3950 loss=nan (非有限值，跳过；累计跳过 3950)
    [skip] iter 4000 loss=nan (非有限值，跳过；累计跳过 4000)
    [skip] iter 4050 loss=nan (非有限值，跳过；累计跳过 4050)
    [skip] iter 4100 loss=nan (非有限值，跳过；累计跳过 4100)
    [skip] iter 4150 loss=nan (非有限值，跳过；累计跳过 4150)
    [skip] iter 4200 loss=nan (非有限值，跳过；累计跳过 4200)
    [skip] iter 4250 loss=nan (非有限值，跳过；累计跳过 4250)
    [skip] iter 4300 loss=nan (非有限值，跳过；累计跳过 4300)
    [skip] iter 4350 loss=nan (非有限值，跳过；累计跳过 4350)
    [skip] iter 4400 loss=nan (非有限值，跳过；累计跳过 4400)
    [epoch summary] 本轮跳过 4443 个坏 batch
  train_loss=0.0000  val_loss=nan  val_dice=0.4069

--- Epoch 29/100 (lr=4.09e-04) ---
    [skip] iter 1 loss=nan (非有限值，跳过；累计跳过 1)
    [skip] iter 2 loss=nan (非有限值，跳过；累计跳过 2)
    [skip] iter 3 loss=nan (非有限值，跳过；累计跳过 3)
    [skip] iter 4 loss=nan (非有限值，跳过；累计跳过 4)
    [skip] iter 5 loss=nan (非有限值，跳过；累计跳过 5)
    [skip] iter 50 loss=nan (非有限值，跳过；累计跳过 50)
    [skip] iter 100 loss=nan (非有限值，跳过；累计跳过 100)
    [skip] iter 150 loss=nan (非有限值，跳过；累计跳过 150)
    [skip] iter 200 loss=nan (非有限值，跳过；累计跳过 200)
    [skip] iter 250 loss=nan (非有限值，跳过；累计跳过 250)
    [skip] iter 300 loss=nan (非有限值，跳过；累计跳过 300)
    [skip] iter 350 loss=nan (非有限值，跳过；累计跳过 350)
    [skip] iter 400 loss=nan (非有限值，跳过；累计跳过 400)
    [skip] iter 450 loss=nan (非有限值，跳过；累计跳过 450)
    [skip] iter 500 loss=nan (非有限值，跳过；累计跳过 500)
    [skip] iter 550 loss=nan (非有限值，跳过；累计跳过 550)
    [skip] iter 600 loss=nan (非有限值，跳过；累计跳过 600)
    [skip] iter 650 loss=nan (非有限值，跳过；累计跳过 650)
    [skip] iter 700 loss=nan (非有限值，跳过；累计跳过 700)
    [skip] iter 750 loss=nan (非有限值，跳过；累计跳过 750)
    [skip] iter 800 loss=nan (非有限值，跳过；累计跳过 800)
    [skip] iter 850 loss=nan (非有限值，跳过；累计跳过 850)
    [skip] iter 900 loss=nan (非有限值，跳过；累计跳过 900)
    [skip] iter 950 loss=nan (非有限值，跳过；累计跳过 950)
    [skip] iter 1000 loss=nan (非有限值，跳过；累计跳过 1000)
    [skip] iter 1050 loss=nan (非有限值，跳过；累计跳过 1050)
    [skip] iter 1100 loss=nan (非有限值，跳过；累计跳过 1100)
    [skip] iter 1150 loss=nan (非有限值，跳过；累计跳过 1150)
    [skip] iter 1200 loss=nan (非有限值，跳过；累计跳过 1200)
    [skip] iter 1250 loss=nan (非有限值，跳过；累计跳过 1250)
    [skip] iter 1300 loss=nan (非有限值，跳过；累计跳过 1300)
    [skip] iter 1350 loss=nan (非有限值，跳过；累计跳过 1350)
    [skip] iter 1400 loss=nan (非有限值，跳过；累计跳过 1400)
    [skip] iter 1450 loss=nan (非有限值，跳过；累计跳过 1450)
    [skip] iter 1500 loss=nan (非有限值，跳过；累计跳过 1500)
    [skip] iter 1550 loss=nan (非有限值，跳过；累计跳过 1550)
    [skip] iter 1600 loss=nan (非有限值，跳过；累计跳过 1600)
    [skip] iter 1650 loss=nan (非有限值，跳过；累计跳过 1650)
    [skip] iter 1700 loss=nan (非有限值，跳过；累计跳过 1700)
    [skip] iter 1750 loss=nan (非有限值，跳过；累计跳过 1750)
    [skip] iter 1800 loss=nan (非有限值，跳过；累计跳过 1800)
    [skip] iter 1850 loss=nan (非有限值，跳过；累计跳过 1850)
    [skip] iter 1900 loss=nan (非有限值，跳过；累计跳过 1900)
    [skip] iter 1950 loss=nan (非有限值，跳过；累计跳过 1950)
    [skip] iter 2000 loss=nan (非有限值，跳过；累计跳过 2000)
    [skip] iter 2050 loss=nan (非有限值，跳过；累计跳过 2050)
    [skip] iter 2100 loss=nan (非有限值，跳过；累计跳过 2100)
    [skip] iter 2150 loss=nan (非有限值，跳过；累计跳过 2150)
    [skip] iter 2200 loss=nan (非有限值，跳过；累计跳过 2200)
    [skip] iter 2250 loss=nan (非有限值，跳过；累计跳过 2250)
    [skip] iter 2300 loss=nan (非有限值，跳过；累计跳过 2300)
    [skip] iter 2350 loss=nan (非有限值，跳过；累计跳过 2350)
    [skip] iter 2400 loss=nan (非有限值，跳过；累计跳过 2400)
    [skip] iter 2450 loss=nan (非有限值，跳过；累计跳过 2450)
    [skip] iter 2500 loss=nan (非有限值，跳过；累计跳过 2500)
    [skip] iter 2550 loss=nan (非有限值，跳过；累计跳过 2550)
    [skip] iter 2600 loss=nan (非有限值，跳过；累计跳过 2600)
    [skip] iter 2650 loss=nan (非有限值，跳过；累计跳过 2650)
    [skip] iter 2700 loss=nan (非有限值，跳过；累计跳过 2700)
    [skip] iter 2750 loss=nan (非有限值，跳过；累计跳过 2750)
    [skip] iter 2800 loss=nan (非有限值，跳过；累计跳过 2800)
    [skip] iter 2850 loss=nan (非有限值，跳过；累计跳过 2850)
    [skip] iter 2900 loss=nan (非有限值，跳过；累计跳过 2900)
    [skip] iter 2950 loss=nan (非有限值，跳过；累计跳过 2950)
    [skip] iter 3000 loss=nan (非有限值，跳过；累计跳过 3000)
    [skip] iter 3050 loss=nan (非有限值，跳过；累计跳过 3050)
    [skip] iter 3100 loss=nan (非有限值，跳过；累计跳过 3100)
    [skip] iter 3150 loss=nan (非有限值，跳过；累计跳过 3150)
    [skip] iter 3200 loss=nan (非有限值，跳过；累计跳过 3200)
    [skip] iter 3250 loss=nan (非有限值，跳过；累计跳过 3250)
    [skip] iter 3300 loss=nan (非有限值，跳过；累计跳过 3300)
    [skip] iter 3350 loss=nan (非有限值，跳过；累计跳过 3350)
    [skip] iter 3400 loss=nan (非有限值，跳过；累计跳过 3400)
    [skip] iter 3450 loss=nan (非有限值，跳过；累计跳过 3450)
    [skip] iter 3500 loss=nan (非有限值，跳过；累计跳过 3500)
    [skip] iter 3550 loss=nan (非有限值，跳过；累计跳过 3550)
    [skip] iter 3600 loss=nan (非有限值，跳过；累计跳过 3600)
    [skip] iter 3650 loss=nan (非有限值，跳过；累计跳过 3650)
    [skip] iter 3700 loss=nan (非有限值，跳过；累计跳过 3700)
    [skip] iter 3750 loss=nan (非有限值，跳过；累计跳过 3750)
    [skip] iter 3800 loss=nan (非有限值，跳过；累计跳过 3800)
    [skip] iter 3850 loss=nan (非有限值，跳过；累计跳过 3850)
    [skip] iter 3900 loss=nan (非有限值，跳过；累计跳过 3900)
    [skip] iter 3950 loss=nan (非有限值，跳过；累计跳过 3950)
    [skip] iter 4000 loss=nan (非有限值，跳过；累计跳过 4000)
    [skip] iter 4050 loss=nan (非有限值，跳过；累计跳过 4050)
    [skip] iter 4100 loss=nan (非有限值，跳过；累计跳过 4100)
    [skip] iter 4150 loss=nan (非有限值，跳过；累计跳过 4150)
    [skip] iter 4200 loss=nan (非有限值，跳过；累计跳过 4200)
    [skip] iter 4250 loss=nan (非有限值，跳过；累计跳过 4250)
    [skip] iter 4300 loss=nan (非有限值，跳过；累计跳过 4300)
    [skip] iter 4350 loss=nan (非有限值，跳过；累计跳过 4350)
    [skip] iter 4400 loss=nan (非有限值，跳过；累计跳过 4400)
    [epoch summary] 本轮跳过 4443 个坏 batch
  train_loss=0.0000  val_loss=nan  val_dice=0.4069

--- Epoch 30/100 (lr=4.03e-04) ---
    [skip] iter 1 loss=nan (非有限值，跳过；累计跳过 1)
    [skip] iter 2 loss=nan (非有限值，跳过；累计跳过 2)
    [skip] iter 3 loss=nan (非有限值，跳过；累计跳过 3)
    [skip] iter 4 loss=nan (非有限值，跳过；累计跳过 4)
    [skip] iter 5 loss=nan (非有限值，跳过；累计跳过 5)
    [skip] iter 50 loss=nan (非有限值，跳过；累计跳过 50)
    [skip] iter 100 loss=nan (非有限值，跳过；累计跳过 100)
    [skip] iter 150 loss=nan (非有限值，跳过；累计跳过 150)
    [skip] iter 200 loss=nan (非有限值，跳过；累计跳过 200)
    [skip] iter 250 loss=nan (非有限值，跳过；累计跳过 250)
    [skip] iter 300 loss=nan (非有限值，跳过；累计跳过 300)
    [skip] iter 350 loss=nan (非有限值，跳过；累计跳过 350)
    [skip] iter 400 loss=nan (非有限值，跳过；累计跳过 400)
    [skip] iter 450 loss=nan (非有限值，跳过；累计跳过 450)
    [skip] iter 500 loss=nan (非有限值，跳过；累计跳过 500)
    [skip] iter 550 loss=nan (非有限值，跳过；累计跳过 550)
    [skip] iter 600 loss=nan (非有限值，跳过；累计跳过 600)
    [skip] iter 650 loss=nan (非有限值，跳过；累计跳过 650)
    [skip] iter 700 loss=nan (非有限值，跳过；累计跳过 700)
    [skip] iter 750 loss=nan (非有限值，跳过；累计跳过 750)
    [skip] iter 800 loss=nan (非有限值，跳过；累计跳过 800)
    [skip] iter 850 loss=nan (非有限值，跳过；累计跳过 850)
    [skip] iter 900 loss=nan (非有限值，跳过；累计跳过 900)
    [skip] iter 950 loss=nan (非有限值，跳过；累计跳过 950)
    [skip] iter 1000 loss=nan (非有限值，跳过；累计跳过 1000)
    [skip] iter 1050 loss=nan (非有限值，跳过；累计跳过 1050)
    [skip] iter 1100 loss=nan (非有限值，跳过；累计跳过 1100)
    [skip] iter 1150 loss=nan (非有限值，跳过；累计跳过 1150)
    [skip] iter 1200 loss=nan (非有限值，跳过；累计跳过 1200)
    [skip] iter 1250 loss=nan (非有限值，跳过；累计跳过 1250)
    [skip] iter 1300 loss=nan (非有限值，跳过；累计跳过 1300)
    [skip] iter 1350 loss=nan (非有限值，跳过；累计跳过 1350)
    [skip] iter 1400 loss=nan (非有限值，跳过；累计跳过 1400)
    [skip] iter 1450 loss=nan (非有限值，跳过；累计跳过 1450)
    [skip] iter 1500 loss=nan (非有限值，跳过；累计跳过 1500)
    [skip] iter 1550 loss=nan (非有限值，跳过；累计跳过 1550)
    [skip] iter 1600 loss=nan (非有限值，跳过；累计跳过 1600)
    [skip] iter 1650 loss=nan (非有限值，跳过；累计跳过 1650)
    [skip] iter 1700 loss=nan (非有限值，跳过；累计跳过 1700)
    [skip] iter 1750 loss=nan (非有限值，跳过；累计跳过 1750)
    [skip] iter 1800 loss=nan (非有限值，跳过；累计跳过 1800)
    [skip] iter 1850 loss=nan (非有限值，跳过；累计跳过 1850)
    [skip] iter 1900 loss=nan (非有限值，跳过；累计跳过 1900)
    [skip] iter 1950 loss=nan (非有限值，跳过；累计跳过 1950)
    [skip] iter 2000 loss=nan (非有限值，跳过；累计跳过 2000)
    [skip] iter 2050 loss=nan (非有限值，跳过；累计跳过 2050)
    [skip] iter 2100 loss=nan (非有限值，跳过；累计跳过 2100)
    [skip] iter 2150 loss=nan (非有限值，跳过；累计跳过 2150)
    [skip] iter 2200 loss=nan (非有限值，跳过；累计跳过 2200)
    [skip] iter 2250 loss=nan (非有限值，跳过；累计跳过 2250)
    [skip] iter 2300 loss=nan (非有限值，跳过；累计跳过 2300)
    [skip] iter 2350 loss=nan (非有限值，跳过；累计跳过 2350)
    [skip] iter 2400 loss=nan (非有限值，跳过；累计跳过 2400)
    [skip] iter 2450 loss=nan (非有限值，跳过；累计跳过 2450)
    [skip] iter 2500 loss=nan (非有限值，跳过；累计跳过 2500)
    [skip] iter 2550 loss=nan (非有限值，跳过；累计跳过 2550)
    [skip] iter 2600 loss=nan (非有限值，跳过；累计跳过 2600)
    [skip] iter 2650 loss=nan (非有限值，跳过；累计跳过 2650)
    [skip] iter 2700 loss=nan (非有限值，跳过；累计跳过 2700)
    [skip] iter 2750 loss=nan (非有限值，跳过；累计跳过 2750)
    [skip] iter 2800 loss=nan (非有限值，跳过；累计跳过 2800)
    [skip] iter 2850 loss=nan (非有限值，跳过；累计跳过 2850)
    [skip] iter 2900 loss=nan (非有限值，跳过；累计跳过 2900)
    [skip] iter 2950 loss=nan (非有限值，跳过；累计跳过 2950)
    [skip] iter 3000 loss=nan (非有限值，跳过；累计跳过 3000)
    [skip] iter 3050 loss=nan (非有限值，跳过；累计跳过 3050)
    [skip] iter 3100 loss=nan (非有限值，跳过；累计跳过 3100)
    [skip] iter 3150 loss=nan (非有限值，跳过；累计跳过 3150)
    [skip] iter 3200 loss=nan (非有限值，跳过；累计跳过 3200)
    [skip] iter 3250 loss=nan (非有限值，跳过；累计跳过 3250)
    [skip] iter 3300 loss=nan (非有限值，跳过；累计跳过 3300)
    [skip] iter 3350 loss=nan (非有限值，跳过；累计跳过 3350)
    [skip] iter 3400 loss=nan (非有限值，跳过；累计跳过 3400)
    [skip] iter 3450 loss=nan (非有限值，跳过；累计跳过 3450)
    [skip] iter 3500 loss=nan (非有限值，跳过；累计跳过 3500)
    [skip] iter 3550 loss=nan (非有限值，跳过；累计跳过 3550)
    [skip] iter 3600 loss=nan (非有限值，跳过；累计跳过 3600)
    [skip] iter 3650 loss=nan (非有限值，跳过；累计跳过 3650)
    [skip] iter 3700 loss=nan (非有限值，跳过；累计跳过 3700)
    [skip] iter 3750 loss=nan (非有限值，跳过；累计跳过 3750)
    [skip] iter 3800 loss=nan (非有限值，跳过；累计跳过 3800)
    [skip] iter 3850 loss=nan (非有限值，跳过；累计跳过 3850)
    [skip] iter 3900 loss=nan (非有限值，跳过；累计跳过 3900)
    [skip] iter 3950 loss=nan (非有限值，跳过；累计跳过 3950)
    [skip] iter 4000 loss=nan (非有限值，跳过；累计跳过 4000)
    [skip] iter 4050 loss=nan (非有限值，跳过；累计跳过 4050)
    [skip] iter 4100 loss=nan (非有限值，跳过；累计跳过 4100)
    [skip] iter 4150 loss=nan (非有限值，跳过；累计跳过 4150)
    [skip] iter 4200 loss=nan (非有限值，跳过；累计跳过 4200)
    [skip] iter 4250 loss=nan (非有限值，跳过；累计跳过 4250)
    [skip] iter 4300 loss=nan (非有限值，跳过；累计跳过 4300)
    [skip] iter 4350 loss=nan (非有限值，跳过；累计跳过 4350)
    [skip] iter 4400 loss=nan (非有限值，跳过；累计跳过 4400)
    [epoch summary] 本轮跳过 4443 个坏 batch
  train_loss=0.0000  val_loss=nan  val_dice=0.4069

--- Epoch 31/100 (lr=3.97e-04) ---
    [skip] iter 1 loss=nan (非有限值，跳过；累计跳过 1)
    [skip] iter 2 loss=nan (非有限值，跳过；累计跳过 2)
    [skip] iter 3 loss=nan (非有限值，跳过；累计跳过 3)
    [skip] iter 4 loss=nan (非有限值，跳过；累计跳过 4)
    [skip] iter 5 loss=nan (非有限值，跳过；累计跳过 5)
    [skip] iter 50 loss=nan (非有限值，跳过；累计跳过 50)
    [skip] iter 100 loss=nan (非有限值，跳过；累计跳过 100)
    [skip] iter 150 loss=nan (非有限值，跳过；累计跳过 150)
    [skip] iter 200 loss=nan (非有限值，跳过；累计跳过 200)
    [skip] iter 250 loss=nan (非有限值，跳过；累计跳过 250)
    [skip] iter 300 loss=nan (非有限值，跳过；累计跳过 300)
    [skip] iter 350 loss=nan (非有限值，跳过；累计跳过 350)
    [skip] iter 400 loss=nan (非有限值，跳过；累计跳过 400)
    [skip] iter 450 loss=nan (非有限值，跳过；累计跳过 450)
    [skip] iter 500 loss=nan (非有限值，跳过；累计跳过 500)
    [skip] iter 550 loss=nan (非有限值，跳过；累计跳过 550)
    [skip] iter 600 loss=nan (非有限值，跳过；累计跳过 600)
    [skip] iter 650 loss=nan (非有限值，跳过；累计跳过 650)
    [skip] iter 700 loss=nan (非有限值，跳过；累计跳过 700)
    [skip] iter 750 loss=nan (非有限值，跳过；累计跳过 750)
    [skip] iter 800 loss=nan (非有限值，跳过；累计跳过 800)
    [skip] iter 850 loss=nan (非有限值，跳过；累计跳过 850)
    [skip] iter 900 loss=nan (非有限值，跳过；累计跳过 900)
    [skip] iter 950 loss=nan (非有限值，跳过；累计跳过 950)
    [skip] iter 1000 loss=nan (非有限值，跳过；累计跳过 1000)
    [skip] iter 1050 loss=nan (非有限值，跳过；累计跳过 1050)
    [skip] iter 1100 loss=nan (非有限值，跳过；累计跳过 1100)
    [skip] iter 1150 loss=nan (非有限值，跳过；累计跳过 1150)
    [skip] iter 1200 loss=nan (非有限值，跳过；累计跳过 1200)
    [skip] iter 1250 loss=nan (非有限值，跳过；累计跳过 1250)
    [skip] iter 1300 loss=nan (非有限值，跳过；累计跳过 1300)
    [skip] iter 1350 loss=nan (非有限值，跳过；累计跳过 1350)
    [skip] iter 1400 loss=nan (非有限值，跳过；累计跳过 1400)
    [skip] iter 1450 loss=nan (非有限值，跳过；累计跳过 1450)
    [skip] iter 1500 loss=nan (非有限值，跳过；累计跳过 1500)
    [skip] iter 1550 loss=nan (非有限值，跳过；累计跳过 1550)
    [skip] iter 1600 loss=nan (非有限值，跳过；累计跳过 1600)
    [skip] iter 1650 loss=nan (非有限值，跳过；累计跳过 1650)
    [skip] iter 1700 loss=nan (非有限值，跳过；累计跳过 1700)
    [skip] iter 1750 loss=nan (非有限值，跳过；累计跳过 1750)
    [skip] iter 1800 loss=nan (非有限值，跳过；累计跳过 1800)
    [skip] iter 1850 loss=nan (非有限值，跳过；累计跳过 1850)
    [skip] iter 1900 loss=nan (非有限值，跳过；累计跳过 1900)
    [skip] iter 1950 loss=nan (非有限值，跳过；累计跳过 1950)
    [skip] iter 2000 loss=nan (非有限值，跳过；累计跳过 2000)
    [skip] iter 2050 loss=nan (非有限值，跳过；累计跳过 2050)
    [skip] iter 2100 loss=nan (非有限值，跳过；累计跳过 2100)
    [skip] iter 2150 loss=nan (非有限值，跳过；累计跳过 2150)
    [skip] iter 2200 loss=nan (非有限值，跳过；累计跳过 2200)
    [skip] iter 2250 loss=nan (非有限值，跳过；累计跳过 2250)
    [skip] iter 2300 loss=nan (非有限值，跳过；累计跳过 2300)
    [skip] iter 2350 loss=nan (非有限值，跳过；累计跳过 2350)
    [skip] iter 2400 loss=nan (非有限值，跳过；累计跳过 2400)
    [skip] iter 2450 loss=nan (非有限值，跳过；累计跳过 2450)
    [skip] iter 2500 loss=nan (非有限值，跳过；累计跳过 2500)
    [skip] iter 2550 loss=nan (非有限值，跳过；累计跳过 2550)
    [skip] iter 2600 loss=nan (非有限值，跳过；累计跳过 2600)
    [skip] iter 2650 loss=nan (非有限值，跳过；累计跳过 2650)
    [skip] iter 2701 loss=nan (非有限值，跳过；累计跳过 2700)
    [skip] iter 2751 loss=nan (非有限值，跳过；累计跳过 2750)
    [skip] iter 2801 loss=nan (非有限值，跳过；累计跳过 2800)
    [skip] iter 2851 loss=nan (非有限值，跳过；累计跳过 2850)
    [skip] iter 2901 loss=nan (非有限值，跳过；累计跳过 2900)
    [skip] iter 2951 loss=nan (非有限值，跳过；累计跳过 2950)
    [skip] iter 3001 loss=nan (非有限值，跳过；累计跳过 3000)
    [skip] iter 3051 loss=nan (非有限值，跳过；累计跳过 3050)
    [skip] iter 3101 loss=nan (非有限值，跳过；累计跳过 3100)
    [skip] iter 3151 loss=nan (非有限值，跳过；累计跳过 3150)
    [skip] iter 3201 loss=nan (非有限值，跳过；累计跳过 3200)
    [skip] iter 3251 loss=nan (非有限值，跳过；累计跳过 3250)
    [skip] iter 3301 loss=nan (非有限值，跳过；累计跳过 3300)
    [skip] iter 3351 loss=nan (非有限值，跳过；累计跳过 3350)
    [train] iter 3360/4443  loss=0.1427
    [skip] iter 3402 loss=nan (非有限值，跳过；累计跳过 3400)
    [skip] iter 3452 loss=nan (非有限值，跳过；累计跳过 3450)
    [skip] iter 3502 loss=nan (非有限值，跳过；累计跳过 3500)
    [skip] iter 3552 loss=nan (非有限值，跳过；累计跳过 3550)
    [skip] iter 3602 loss=nan (非有限值，跳过；累计跳过 3600)
    [skip] iter 3652 loss=nan (非有限值，跳过；累计跳过 3650)
    [skip] iter 3702 loss=nan (非有限值，跳过；累计跳过 3700)
    [skip] iter 3752 loss=nan (非有限值，跳过；累计跳过 3750)
    [skip] iter 3802 loss=nan (非有限值，跳过；累计跳过 3800)
    [skip] iter 3852 loss=nan (非有限值，跳过；累计跳过 3850)
    [skip] iter 3902 loss=nan (非有限值，跳过；累计跳过 3900)
    [skip] iter 3952 loss=nan (非有限值，跳过；累计跳过 3950)
    [skip] iter 4002 loss=nan (非有限值，跳过；累计跳过 4000)
    [skip] iter 4052 loss=nan (非有限值，跳过；累计跳过 4050)
    [skip] iter 4102 loss=nan (非有限值，跳过；累计跳过 4100)
    [skip] iter 4152 loss=nan (非有限值，跳过；累计跳过 4150)
    [skip] iter 4202 loss=nan (非有限值，跳过；累计跳过 4200)
    [skip] iter 4252 loss=nan (非有限值，跳过；累计跳过 4250)
    [skip] iter 4302 loss=nan (非有限值，跳过；累计跳过 4300)
    [skip] iter 4352 loss=nan (非有限值，跳过；累计跳过 4350)
    [skip] iter 4402 loss=nan (非有限值，跳过；累计跳过 4400)
    [epoch summary] 本轮跳过 4441 个坏 batch
  train_loss=0.1657  val_loss=nan  val_dice=0.3918

--- Epoch 32/100 (lr=3.91e-04) ---
    [skip] iter 1 loss=nan (非有限值，跳过；累计跳过 1)
    [skip] iter 2 loss=nan (非有限值，跳过；累计跳过 2)
    [skip] iter 3 loss=nan (非有限值，跳过；累计跳过 3)
    [skip] iter 4 loss=nan (非有限值，跳过；累计跳过 4)
    [skip] iter 5 loss=nan (非有限值，跳过；累计跳过 5)
    [skip] iter 50 loss=nan (非有限值，跳过；累计跳过 50)
    [skip] iter 100 loss=nan (非有限值，跳过；累计跳过 100)
    [skip] iter 150 loss=nan (非有限值，跳过；累计跳过 150)
    [skip] iter 200 loss=nan (非有限值，跳过；累计跳过 200)
    [skip] iter 250 loss=nan (非有限值，跳过；累计跳过 250)
    [skip] iter 300 loss=nan (非有限值，跳过；累计跳过 300)
    [skip] iter 350 loss=nan (非有限值，跳过；累计跳过 350)
    [skip] iter 400 loss=nan (非有限值，跳过；累计跳过 400)
    [skip] iter 450 loss=nan (非有限值，跳过；累计跳过 450)
    [skip] iter 500 loss=nan (非有限值，跳过；累计跳过 500)
    [skip] iter 550 loss=nan (非有限值，跳过；累计跳过 550)
    [skip] iter 600 loss=nan (非有限值，跳过；累计跳过 600)
    [skip] iter 650 loss=nan (非有限值，跳过；累计跳过 650)
    [skip] iter 700 loss=nan (非有限值，跳过；累计跳过 700)
    [skip] iter 750 loss=nan (非有限值，跳过；累计跳过 750)
    [skip] iter 800 loss=nan (非有限值，跳过；累计跳过 800)
    [skip] iter 850 loss=nan (非有限值，跳过；累计跳过 850)
    [skip] iter 900 loss=nan (非有限值，跳过；累计跳过 900)
    [skip] iter 950 loss=nan (非有限值，跳过；累计跳过 950)
    [skip] iter 1000 loss=nan (非有限值，跳过；累计跳过 1000)
    [skip] iter 1050 loss=nan (非有限值，跳过；累计跳过 1050)
    [skip] iter 1100 loss=nan (非有限值，跳过；累计跳过 1100)
    [skip] iter 1150 loss=nan (非有限值，跳过；累计跳过 1150)
    [skip] iter 1200 loss=nan (非有限值，跳过；累计跳过 1200)
    [skip] iter 1250 loss=nan (非有限值，跳过；累计跳过 1250)
    [skip] iter 1300 loss=nan (非有限值，跳过；累计跳过 1300)
    [skip] iter 1350 loss=nan (非有限值，跳过；累计跳过 1350)
    [skip] iter 1400 loss=nan (非有限值，跳过；累计跳过 1400)
    [skip] iter 1450 loss=nan (非有限值，跳过；累计跳过 1450)
    [skip] iter 1500 loss=nan (非有限值，跳过；累计跳过 1500)
    [skip] iter 1550 loss=nan (非有限值，跳过；累计跳过 1550)
    [skip] iter 1600 loss=nan (非有限值，跳过；累计跳过 1600)
    [skip] iter 1650 loss=nan (非有限值，跳过；累计跳过 1650)
    [skip] iter 1700 loss=nan (非有限值，跳过；累计跳过 1700)
    [skip] iter 1750 loss=nan (非有限值，跳过；累计跳过 1750)
    [skip] iter 1800 loss=nan (非有限值，跳过；累计跳过 1800)
    [skip] iter 1850 loss=nan (非有限值，跳过；累计跳过 1850)
    [skip] iter 1900 loss=nan (非有限值，跳过；累计跳过 1900)
    [skip] iter 1950 loss=nan (非有限值，跳过；累计跳过 1950)
    [skip] iter 2000 loss=nan (非有限值，跳过；累计跳过 2000)
    [skip] iter 2050 loss=nan (非有限值，跳过；累计跳过 2050)
    [skip] iter 2100 loss=nan (非有限值，跳过；累计跳过 2100)
    [skip] iter 2150 loss=nan (非有限值，跳过；累计跳过 2150)
    [skip] iter 2200 loss=nan (非有限值，跳过；累计跳过 2200)
    [skip] iter 2250 loss=nan (非有限值，跳过；累计跳过 2250)
    [skip] iter 2300 loss=nan (非有限值，跳过；累计跳过 2300)
    [skip] iter 2350 loss=nan (非有限值，跳过；累计跳过 2350)
    [skip] iter 2400 loss=nan (非有限值，跳过；累计跳过 2400)
    [skip] iter 2450 loss=nan (非有限值，跳过；累计跳过 2450)
    [skip] iter 2500 loss=nan (非有限值，跳过；累计跳过 2500)
    [skip] iter 2550 loss=nan (非有限值，跳过；累计跳过 2550)
    [skip] iter 2600 loss=nan (非有限值，跳过；累计跳过 2600)
    [skip] iter 2650 loss=nan (非有限值，跳过；累计跳过 2650)
    [skip] iter 2700 loss=nan (非有限值，跳过；累计跳过 2700)
    [skip] iter 2750 loss=nan (非有限值，跳过；累计跳过 2750)
    [skip] iter 2800 loss=nan (非有限值，跳过；累计跳过 2800)
    [skip] iter 2850 loss=nan (非有限值，跳过；累计跳过 2850)
    [skip] iter 2900 loss=nan (非有限值，跳过；累计跳过 2900)
    [skip] iter 2950 loss=nan (非有限值，跳过；累计跳过 2950)
    [skip] iter 3000 loss=nan (非有限值，跳过；累计跳过 3000)
    [skip] iter 3050 loss=nan (非有限值，跳过；累计跳过 3050)
    [skip] iter 3100 loss=nan (非有限值，跳过；累计跳过 3100)
    [skip] iter 3150 loss=nan (非有限值，跳过；累计跳过 3150)
    [skip] iter 3200 loss=nan (非有限值，跳过；累计跳过 3200)
    [skip] iter 3250 loss=nan (非有限值，跳过；累计跳过 3250)
    [skip] iter 3300 loss=nan (非有限值，跳过；累计跳过 3300)
    [skip] iter 3350 loss=nan (非有限值，跳过；累计跳过 3350)
    [skip] iter 3400 loss=nan (非有限值，跳过；累计跳过 3400)
    [skip] iter 3450 loss=nan (非有限值，跳过；累计跳过 3450)
    [skip] iter 3500 loss=nan (非有限值，跳过；累计跳过 3500)
    [skip] iter 3550 loss=nan (非有限值，跳过；累计跳过 3550)
    [skip] iter 3600 loss=nan (非有限值，跳过；累计跳过 3600)
    [skip] iter 3650 loss=nan (非有限值，跳过；累计跳过 3650)
    [skip] iter 3700 loss=nan (非有限值，跳过；累计跳过 3700)
    [skip] iter 3750 loss=nan (非有限值，跳过；累计跳过 3750)
    [skip] iter 3800 loss=nan (非有限值，跳过；累计跳过 3800)
    [skip] iter 3850 loss=nan (非有限值，跳过；累计跳过 3850)
    [skip] iter 3900 loss=nan (非有限值，跳过；累计跳过 3900)
    [skip] iter 3950 loss=nan (非有限值，跳过；累计跳过 3950)
    [skip] iter 4000 loss=nan (非有限值，跳过；累计跳过 4000)
    [skip] iter 4050 loss=nan (非有限值，跳过；累计跳过 4050)
    [skip] iter 4100 loss=nan (非有限值，跳过；累计跳过 4100)
    [skip] iter 4150 loss=nan (非有限值，跳过；累计跳过 4150)
    [skip] iter 4200 loss=nan (非有限值，跳过；累计跳过 4200)
    [skip] iter 4250 loss=nan (非有限值，跳过；累计跳过 4250)
    [skip] iter 4300 loss=nan (非有限值，跳过；累计跳过 4300)
    [skip] iter 4350 loss=nan (非有限值，跳过；累计跳过 4350)
    [skip] iter 4400 loss=nan (非有限值，跳过；累计跳过 4400)
    [epoch summary] 本轮跳过 4443 个坏 batch
  train_loss=0.0000  val_loss=nan  val_dice=0.3918

--- Epoch 33/100 (lr=3.84e-04) ---
    [skip] iter 1 loss=nan (非有限值，跳过；累计跳过 1)
    [skip] iter 2 loss=nan (非有限值，跳过；累计跳过 2)
    [skip] iter 3 loss=nan (非有限值，跳过；累计跳过 3)
    [skip] iter 4 loss=nan (非有限值，跳过；累计跳过 4)
    [skip] iter 5 loss=nan (非有限值，跳过；累计跳过 5)
    [skip] iter 50 loss=nan (非有限值，跳过；累计跳过 50)
    [skip] iter 100 loss=nan (非有限值，跳过；累计跳过 100)
    [skip] iter 150 loss=nan (非有限值，跳过；累计跳过 150)
    [skip] iter 200 loss=nan (非有限值，跳过；累计跳过 200)
    [skip] iter 250 loss=nan (非有限值，跳过；累计跳过 250)
    [skip] iter 300 loss=nan (非有限值，跳过；累计跳过 300)
    [skip] iter 350 loss=nan (非有限值，跳过；累计跳过 350)
    [skip] iter 400 loss=nan (非有限值，跳过；累计跳过 400)
    [skip] iter 450 loss=nan (非有限值，跳过；累计跳过 450)
    [skip] iter 500 loss=nan (非有限值，跳过；累计跳过 500)
    [skip] iter 550 loss=nan (非有限值，跳过；累计跳过 550)
    [skip] iter 600 loss=nan (非有限值，跳过；累计跳过 600)
    [skip] iter 650 loss=nan (非有限值，跳过；累计跳过 650)
    [skip] iter 700 loss=nan (非有限值，跳过；累计跳过 700)
    [skip] iter 750 loss=nan (非有限值，跳过；累计跳过 750)
    [skip] iter 800 loss=nan (非有限值，跳过；累计跳过 800)
    [skip] iter 850 loss=nan (非有限值，跳过；累计跳过 850)
    [skip] iter 900 loss=nan (非有限值，跳过；累计跳过 900)
    [skip] iter 950 loss=nan (非有限值，跳过；累计跳过 950)
    [skip] iter 1000 loss=nan (非有限值，跳过；累计跳过 1000)
    [skip] iter 1050 loss=nan (非有限值，跳过；累计跳过 1050)
    [skip] iter 1100 loss=nan (非有限值，跳过；累计跳过 1100)
    [skip] iter 1150 loss=nan (非有限值，跳过；累计跳过 1150)
    [skip] iter 1200 loss=nan (非有限值，跳过；累计跳过 1200)
    [skip] iter 1250 loss=nan (非有限值，跳过；累计跳过 1250)
    [skip] iter 1300 loss=nan (非有限值，跳过；累计跳过 1300)
    [skip] iter 1350 loss=nan (非有限值，跳过；累计跳过 1350)
    [skip] iter 1400 loss=nan (非有限值，跳过；累计跳过 1400)
    [skip] iter 1450 loss=nan (非有限值，跳过；累计跳过 1450)
    [skip] iter 1500 loss=nan (非有限值，跳过；累计跳过 1500)
    [skip] iter 1550 loss=nan (非有限值，跳过；累计跳过 1550)
    [skip] iter 1600 loss=nan (非有限值，跳过；累计跳过 1600)
    [skip] iter 1650 loss=nan (非有限值，跳过；累计跳过 1650)
    [skip] iter 1700 loss=nan (非有限值，跳过；累计跳过 1700)
    [skip] iter 1750 loss=nan (非有限值，跳过；累计跳过 1750)
    [skip] iter 1800 loss=nan (非有限值，跳过；累计跳过 1800)
    [skip] iter 1850 loss=nan (非有限值，跳过；累计跳过 1850)
    [skip] iter 1900 loss=nan (非有限值，跳过；累计跳过 1900)
    [skip] iter 1950 loss=nan (非有限值，跳过；累计跳过 1950)
    [skip] iter 2000 loss=nan (非有限值，跳过；累计跳过 2000)
    [skip] iter 2050 loss=nan (非有限值，跳过；累计跳过 2050)
    [skip] iter 2100 loss=nan (非有限值，跳过；累计跳过 2100)
    [skip] iter 2150 loss=nan (非有限值，跳过；累计跳过 2150)
    [skip] iter 2200 loss=nan (非有限值，跳过；累计跳过 2200)
    [skip] iter 2250 loss=nan (非有限值，跳过；累计跳过 2250)
    [skip] iter 2300 loss=nan (非有限值，跳过；累计跳过 2300)
    [skip] iter 2350 loss=nan (非有限值，跳过；累计跳过 2350)
    [skip] iter 2400 loss=nan (非有限值，跳过；累计跳过 2400)
    [skip] iter 2450 loss=nan (非有限值，跳过；累计跳过 2450)
    [skip] iter 2500 loss=nan (非有限值，跳过；累计跳过 2500)
    [skip] iter 2550 loss=nan (非有限值，跳过；累计跳过 2550)
    [skip] iter 2600 loss=nan (非有限值，跳过；累计跳过 2600)
    [skip] iter 2650 loss=nan (非有限值，跳过；累计跳过 2650)
    [skip] iter 2700 loss=nan (非有限值，跳过；累计跳过 2700)
    [skip] iter 2750 loss=nan (非有限值，跳过；累计跳过 2750)
    [skip] iter 2800 loss=nan (非有限值，跳过；累计跳过 2800)
    [skip] iter 2850 loss=nan (非有限值，跳过；累计跳过 2850)
    [skip] iter 2900 loss=nan (非有限值，跳过；累计跳过 2900)
    [skip] iter 2950 loss=nan (非有限值，跳过；累计跳过 2950)
    [skip] iter 3000 loss=nan (非有限值，跳过；累计跳过 3000)
    [skip] iter 3050 loss=nan (非有限值，跳过；累计跳过 3050)
    [skip] iter 3100 loss=nan (非有限值，跳过；累计跳过 3100)
    [skip] iter 3150 loss=nan (非有限值，跳过；累计跳过 3150)
    [skip] iter 3200 loss=nan (非有限值，跳过；累计跳过 3200)
    [skip] iter 3250 loss=nan (非有限值，跳过；累计跳过 3250)
    [skip] iter 3300 loss=nan (非有限值，跳过；累计跳过 3300)
    [skip] iter 3350 loss=nan (非有限值，跳过；累计跳过 3350)
    [skip] iter 3400 loss=nan (非有限值，跳过；累计跳过 3400)
    [skip] iter 3450 loss=nan (非有限值，跳过；累计跳过 3450)
    [skip] iter 3500 loss=nan (非有限值，跳过；累计跳过 3500)
    [skip] iter 3550 loss=nan (非有限值，跳过；累计跳过 3550)
    [skip] iter 3600 loss=nan (非有限值，跳过；累计跳过 3600)
    [skip] iter 3650 loss=nan (非有限值，跳过；累计跳过 3650)
    [skip] iter 3700 loss=nan (非有限值，跳过；累计跳过 3700)
    [skip] iter 3750 loss=nan (非有限值，跳过；累计跳过 3750)
    [skip] iter 3800 loss=nan (非有限值，跳过；累计跳过 3800)
    [skip] iter 3850 loss=nan (非有限值，跳过；累计跳过 3850)
    [skip] iter 3900 loss=nan (非有限值，跳过；累计跳过 3900)
    [skip] iter 3950 loss=nan (非有限值，跳过；累计跳过 3950)
    [skip] iter 4000 loss=nan (非有限值，跳过；累计跳过 4000)
    [skip] iter 4050 loss=nan (非有限值，跳过；累计跳过 4050)
    [skip] iter 4100 loss=nan (非有限值，跳过；累计跳过 4100)
    [skip] iter 4150 loss=nan (非有限值，跳过；累计跳过 4150)
    [skip] iter 4200 loss=nan (非有限值，跳过；累计跳过 4200)
    [skip] iter 4250 loss=nan (非有限值，跳过；累计跳过 4250)
    [skip] iter 4300 loss=nan (非有限值，跳过；累计跳过 4300)
    [skip] iter 4350 loss=nan (非有限值，跳过；累计跳过 4350)
    [skip] iter 4400 loss=nan (非有限值，跳过；累计跳过 4400)
    [epoch summary] 本轮跳过 4443 个坏 batch
  train_loss=0.0000  val_loss=nan  val_dice=0.3918

--- Epoch 34/100 (lr=3.77e-04) ---
    [skip] iter 1 loss=nan (非有限值，跳过；累计跳过 1)
    [skip] iter 2 loss=nan (非有限值，跳过；累计跳过 2)
    [skip] iter 3 loss=nan (非有限值，跳过；累计跳过 3)
    [skip] iter 4 loss=nan (非有限值，跳过；累计跳过 4)
    [skip] iter 5 loss=nan (非有限值，跳过；累计跳过 5)
    [skip] iter 50 loss=nan (非有限值，跳过；累计跳过 50)
    [skip] iter 100 loss=nan (非有限值，跳过；累计跳过 100)
    [skip] iter 150 loss=nan (非有限值，跳过；累计跳过 150)
    [skip] iter 200 loss=nan (非有限值，跳过；累计跳过 200)
    [skip] iter 250 loss=nan (非有限值，跳过；累计跳过 250)
    [skip] iter 300 loss=nan (非有限值，跳过；累计跳过 300)
    [skip] iter 350 loss=nan (非有限值，跳过；累计跳过 350)
    [skip] iter 400 loss=nan (非有限值，跳过；累计跳过 400)
    [skip] iter 450 loss=nan (非有限值，跳过；累计跳过 450)
    [skip] iter 500 loss=nan (非有限值，跳过；累计跳过 500)
    [skip] iter 550 loss=nan (非有限值，跳过；累计跳过 550)
    [skip] iter 600 loss=nan (非有限值，跳过；累计跳过 600)
    [skip] iter 650 loss=nan (非有限值，跳过；累计跳过 650)
    [skip] iter 700 loss=nan (非有限值，跳过；累计跳过 700)
    [skip] iter 750 loss=nan (非有限值，跳过；累计跳过 750)
    [skip] iter 800 loss=nan (非有限值，跳过；累计跳过 800)
    [skip] iter 850 loss=nan (非有限值，跳过；累计跳过 850)
    [skip] iter 900 loss=nan (非有限值，跳过；累计跳过 900)
    [skip] iter 950 loss=nan (非有限值，跳过；累计跳过 950)
    [skip] iter 1000 loss=nan (非有限值，跳过；累计跳过 1000)
    [skip] iter 1050 loss=nan (非有限值，跳过；累计跳过 1050)
    [skip] iter 1100 loss=nan (非有限值，跳过；累计跳过 1100)
    [skip] iter 1150 loss=nan (非有限值，跳过；累计跳过 1150)
    [skip] iter 1200 loss=nan (非有限值，跳过；累计跳过 1200)
    [skip] iter 1250 loss=nan (非有限值，跳过；累计跳过 1250)
    [skip] iter 1300 loss=nan (非有限值，跳过；累计跳过 1300)
    [skip] iter 1350 loss=nan (非有限值，跳过；累计跳过 1350)
    [skip] iter 1400 loss=nan (非有限值，跳过；累计跳过 1400)
    [skip] iter 1450 loss=nan (非有限值，跳过；累计跳过 1450)
    [skip] iter 1500 loss=nan (非有限值，跳过；累计跳过 1500)
    [skip] iter 1550 loss=nan (非有限值，跳过；累计跳过 1550)
    [skip] iter 1600 loss=nan (非有限值，跳过；累计跳过 1600)
    [skip] iter 1650 loss=nan (非有限值，跳过；累计跳过 1650)
    [skip] iter 1700 loss=nan (非有限值，跳过；累计跳过 1700)
    [skip] iter 1750 loss=nan (非有限值，跳过；累计跳过 1750)
    [skip] iter 1800 loss=nan (非有限值，跳过；累计跳过 1800)
    [skip] iter 1850 loss=nan (非有限值，跳过；累计跳过 1850)
    [skip] iter 1900 loss=nan (非有限值，跳过；累计跳过 1900)
    [skip] iter 1950 loss=nan (非有限值，跳过；累计跳过 1950)
    [skip] iter 2000 loss=nan (非有限值，跳过；累计跳过 2000)
    [skip] iter 2050 loss=nan (非有限值，跳过；累计跳过 2050)
    [skip] iter 2100 loss=nan (非有限值，跳过；累计跳过 2100)
    [skip] iter 2150 loss=nan (非有限值，跳过；累计跳过 2150)
    [skip] iter 2200 loss=nan (非有限值，跳过；累计跳过 2200)
    [skip] iter 2250 loss=nan (非有限值，跳过；累计跳过 2250)
    [skip] iter 2300 loss=nan (非有限值，跳过；累计跳过 2300)
    [skip] iter 2350 loss=nan (非有限值，跳过；累计跳过 2350)
    [skip] iter 2400 loss=nan (非有限值，跳过；累计跳过 2400)
    [skip] iter 2450 loss=nan (非有限值，跳过；累计跳过 2450)
    [skip] iter 2500 loss=nan (非有限值，跳过；累计跳过 2500)
    [skip] iter 2550 loss=nan (非有限值，跳过；累计跳过 2550)
    [skip] iter 2600 loss=nan (非有限值，跳过；累计跳过 2600)
    [skip] iter 2650 loss=nan (非有限值，跳过；累计跳过 2650)
    [skip] iter 2700 loss=nan (非有限值，跳过；累计跳过 2700)
    [skip] iter 2750 loss=nan (非有限值，跳过；累计跳过 2750)
    [skip] iter 2800 loss=nan (非有限值，跳过；累计跳过 2800)
    [skip] iter 2850 loss=nan (非有限值，跳过；累计跳过 2850)
    [skip] iter 2900 loss=nan (非有限值，跳过；累计跳过 2900)
    [skip] iter 2950 loss=nan (非有限值，跳过；累计跳过 2950)
    [skip] iter 3000 loss=nan (非有限值，跳过；累计跳过 3000)
    [skip] iter 3050 loss=nan (非有限值，跳过；累计跳过 3050)
    [skip] iter 3100 loss=nan (非有限值，跳过；累计跳过 3100)
    [skip] iter 3150 loss=nan (非有限值，跳过；累计跳过 3150)
    [skip] iter 3200 loss=nan (非有限值，跳过；累计跳过 3200)
    [skip] iter 3250 loss=nan (非有限值，跳过；累计跳过 3250)
    [skip] iter 3300 loss=nan (非有限值，跳过；累计跳过 3300)
    [skip] iter 3350 loss=nan (非有限值，跳过；累计跳过 3350)
    [skip] iter 3401 loss=nan (非有限值，跳过；累计跳过 3400)
    [skip] iter 3451 loss=nan (非有限值，跳过；累计跳过 3450)
    [skip] iter 3501 loss=nan (非有限值，跳过；累计跳过 3500)
    [skip] iter 3551 loss=nan (非有限值，跳过；累计跳过 3550)
    [skip] iter 3601 loss=nan (非有限值，跳过；累计跳过 3600)
    [skip] iter 3651 loss=nan (非有限值，跳过；累计跳过 3650)
    [skip] iter 3701 loss=nan (非有限值，跳过；累计跳过 3700)
    [skip] iter 3751 loss=nan (非有限值，跳过；累计跳过 3750)
    [skip] iter 3801 loss=nan (非有限值，跳过；累计跳过 3800)
    [skip] iter 3851 loss=nan (非有限值，跳过；累计跳过 3850)
    [skip] iter 3901 loss=nan (非有限值，跳过；累计跳过 3900)
    [skip] iter 3951 loss=nan (非有限值，跳过；累计跳过 3950)
    [skip] iter 4001 loss=nan (非有限值，跳过；累计跳过 4000)
    [skip] iter 4051 loss=nan (非有限值，跳过；累计跳过 4050)
    [skip] iter 4101 loss=nan (非有限值，跳过；累计跳过 4100)
    [skip] iter 4151 loss=nan (非有限值，跳过；累计跳过 4150)
    [skip] iter 4201 loss=nan (非有限值，跳过；累计跳过 4200)
    [skip] iter 4251 loss=nan (非有限值，跳过；累计跳过 4250)
    [skip] iter 4301 loss=nan (非有限值，跳过；累计跳过 4300)
    [skip] iter 4351 loss=nan (非有限值，跳过；累计跳过 4350)
    [skip] iter 4401 loss=nan (非有限值，跳过；累计跳过 4400)
    [epoch summary] 本轮跳过 4442 个坏 batch
  train_loss=0.1649  val_loss=nan  val_dice=0.3870

--- Epoch 35/100 (lr=3.70e-04) ---
    [skip] iter 1 loss=nan (非有限值，跳过；累计跳过 1)
    [skip] iter 2 loss=nan (非有限值，跳过；累计跳过 2)
    [skip] iter 3 loss=nan (非有限值，跳过；累计跳过 3)
    [skip] iter 4 loss=nan (非有限值，跳过；累计跳过 4)
    [skip] iter 5 loss=nan (非有限值，跳过；累计跳过 5)
    [skip] iter 50 loss=nan (非有限值，跳过；累计跳过 50)
    [skip] iter 100 loss=nan (非有限值，跳过；累计跳过 100)
    [skip] iter 150 loss=nan (非有限值，跳过；累计跳过 150)
    [skip] iter 200 loss=nan (非有限值，跳过；累计跳过 200)
    [skip] iter 250 loss=nan (非有限值，跳过；累计跳过 250)
    [skip] iter 300 loss=nan (非有限值，跳过；累计跳过 300)
    [skip] iter 350 loss=nan (非有限值，跳过；累计跳过 350)
    [skip] iter 400 loss=nan (非有限值，跳过；累计跳过 400)
    [skip] iter 450 loss=nan (非有限值，跳过；累计跳过 450)
    [skip] iter 500 loss=nan (非有限值，跳过；累计跳过 500)
    [skip] iter 550 loss=nan (非有限值，跳过；累计跳过 550)
    [skip] iter 600 loss=nan (非有限值，跳过；累计跳过 600)
    [skip] iter 650 loss=nan (非有限值，跳过；累计跳过 650)
    [skip] iter 700 loss=nan (非有限值，跳过；累计跳过 700)
    [skip] iter 750 loss=nan (非有限值，跳过；累计跳过 750)
    [skip] iter 800 loss=nan (非有限值，跳过；累计跳过 800)
    [skip] iter 850 loss=nan (非有限值，跳过；累计跳过 850)
    [skip] iter 900 loss=nan (非有限值，跳过；累计跳过 900)
    [skip] iter 950 loss=nan (非有限值，跳过；累计跳过 950)
    [skip] iter 1000 loss=nan (非有限值，跳过；累计跳过 1000)
    [skip] iter 1050 loss=nan (非有限值，跳过；累计跳过 1050)
    [skip] iter 1100 loss=nan (非有限值，跳过；累计跳过 1100)
    [skip] iter 1150 loss=nan (非有限值，跳过；累计跳过 1150)
    [skip] iter 1200 loss=nan (非有限值，跳过；累计跳过 1200)
    [skip] iter 1250 loss=nan (非有限值，跳过；累计跳过 1250)
    [skip] iter 1300 loss=nan (非有限值，跳过；累计跳过 1300)
    [skip] iter 1350 loss=nan (非有限值，跳过；累计跳过 1350)
    [skip] iter 1400 loss=nan (非有限值，跳过；累计跳过 1400)
    [skip] iter 1450 loss=nan (非有限值，跳过；累计跳过 1450)
    [skip] iter 1500 loss=nan (非有限值，跳过；累计跳过 1500)
    [skip] iter 1550 loss=nan (非有限值，跳过；累计跳过 1550)
    [skip] iter 1600 loss=nan (非有限值，跳过；累计跳过 1600)
    [skip] iter 1650 loss=nan (非有限值，跳过；累计跳过 1650)
    [skip] iter 1700 loss=nan (非有限值，跳过；累计跳过 1700)
    [skip] iter 1750 loss=nan (非有限值，跳过；累计跳过 1750)
    [skip] iter 1800 loss=nan (非有限值，跳过；累计跳过 1800)
    [skip] iter 1850 loss=nan (非有限值，跳过；累计跳过 1850)
    [skip] iter 1900 loss=nan (非有限值，跳过；累计跳过 1900)
    [skip] iter 1950 loss=nan (非有限值，跳过；累计跳过 1950)
    [skip] iter 2000 loss=nan (非有限值，跳过；累计跳过 2000)
    [skip] iter 2050 loss=nan (非有限值，跳过；累计跳过 2050)
    [skip] iter 2100 loss=nan (非有限值，跳过；累计跳过 2100)
    [skip] iter 2150 loss=nan (非有限值，跳过；累计跳过 2150)
    [skip] iter 2200 loss=nan (非有限值，跳过；累计跳过 2200)
    [skip] iter 2250 loss=nan (非有限值，跳过；累计跳过 2250)
    [skip] iter 2300 loss=nan (非有限值，跳过；累计跳过 2300)
    [skip] iter 2350 loss=nan (非有限值，跳过；累计跳过 2350)
    [skip] iter 2400 loss=nan (非有限值，跳过；累计跳过 2400)
    [skip] iter 2450 loss=nan (非有限值，跳过；累计跳过 2450)
    [skip] iter 2500 loss=nan (非有限值，跳过；累计跳过 2500)
    [skip] iter 2550 loss=nan (非有限值，跳过；累计跳过 2550)
    [skip] iter 2600 loss=nan (非有限值，跳过；累计跳过 2600)
    [skip] iter 2650 loss=nan (非有限值，跳过；累计跳过 2650)
    [skip] iter 2700 loss=nan (非有限值，跳过；累计跳过 2700)
    [skip] iter 2750 loss=nan (非有限值，跳过；累计跳过 2750)
    [skip] iter 2800 loss=nan (非有限值，跳过；累计跳过 2800)
    [skip] iter 2850 loss=nan (非有限值，跳过；累计跳过 2850)
    [skip] iter 2900 loss=nan (非有限值，跳过；累计跳过 2900)
    [skip] iter 2950 loss=nan (非有限值，跳过；累计跳过 2950)
    [skip] iter 3000 loss=nan (非有限值，跳过；累计跳过 3000)
    [skip] iter 3050 loss=nan (非有限值，跳过；累计跳过 3050)
    [skip] iter 3100 loss=nan (非有限值，跳过；累计跳过 3100)
    [skip] iter 3150 loss=nan (非有限值，跳过；累计跳过 3150)
    [skip] iter 3200 loss=nan (非有限值，跳过；累计跳过 3200)
    [skip] iter 3250 loss=nan (非有限值，跳过；累计跳过 3250)
    [skip] iter 3300 loss=nan (非有限值，跳过；累计跳过 3300)
    [skip] iter 3350 loss=nan (非有限值，跳过；累计跳过 3350)
    [skip] iter 3400 loss=nan (非有限值，跳过；累计跳过 3400)
    [skip] iter 3450 loss=nan (非有限值，跳过；累计跳过 3450)
    [skip] iter 3500 loss=nan (非有限值，跳过；累计跳过 3500)
    [skip] iter 3550 loss=nan (非有限值，跳过；累计跳过 3550)
    [skip] iter 3600 loss=nan (非有限值，跳过；累计跳过 3600)
    [skip] iter 3650 loss=nan (非有限值，跳过；累计跳过 3650)
    [skip] iter 3700 loss=nan (非有限值，跳过；累计跳过 3700)
    [skip] iter 3750 loss=nan (非有限值，跳过；累计跳过 3750)
    [skip] iter 3800 loss=nan (非有限值，跳过；累计跳过 3800)
    [skip] iter 3851 loss=nan (非有限值，跳过；累计跳过 3850)
    [skip] iter 3901 loss=nan (非有限值，跳过；累计跳过 3900)
    [skip] iter 3951 loss=nan (非有限值，跳过；累计跳过 3950)
    [skip] iter 4001 loss=nan (非有限值，跳过；累计跳过 4000)
    [skip] iter 4051 loss=nan (非有限值，跳过；累计跳过 4050)
    [skip] iter 4101 loss=nan (非有限值，跳过；累计跳过 4100)
    [skip] iter 4151 loss=nan (非有限值，跳过；累计跳过 4150)
    [skip] iter 4201 loss=nan (非有限值，跳过；累计跳过 4200)
    [skip] iter 4251 loss=nan (非有限值，跳过；累计跳过 4250)
    [skip] iter 4301 loss=nan (非有限值，跳过；累计跳过 4300)
    [skip] iter 4351 loss=nan (非有限值，跳过；累计跳过 4350)
    [skip] iter 4401 loss=nan (非有限值，跳过；累计跳过 4400)
    [epoch summary] 本轮跳过 4442 个坏 batch
  train_loss=0.2052  val_loss=nan  val_dice=0.3818

--- Epoch 36/100 (lr=3.63e-04) ---
    [skip] iter 1 loss=nan (非有限值，跳过；累计跳过 1)
    [skip] iter 2 loss=nan (非有限值，跳过；累计跳过 2)
    [skip] iter 3 loss=nan (非有限值，跳过；累计跳过 3)
    [skip] iter 4 loss=nan (非有限值，跳过；累计跳过 4)
    [skip] iter 5 loss=nan (非有限值，跳过；累计跳过 5)
    [skip] iter 50 loss=nan (非有限值，跳过；累计跳过 50)
    [skip] iter 100 loss=nan (非有限值，跳过；累计跳过 100)
    [skip] iter 150 loss=nan (非有限值，跳过；累计跳过 150)
    [skip] iter 200 loss=nan (非有限值，跳过；累计跳过 200)
    [skip] iter 250 loss=nan (非有限值，跳过；累计跳过 250)
    [skip] iter 300 loss=nan (非有限值，跳过；累计跳过 300)
    [skip] iter 350 loss=nan (非有限值，跳过；累计跳过 350)
    [skip] iter 400 loss=nan (非有限值，跳过；累计跳过 400)
    [skip] iter 450 loss=nan (非有限值，跳过；累计跳过 450)
    [skip] iter 500 loss=nan (非有限值，跳过；累计跳过 500)
    [skip] iter 550 loss=nan (非有限值，跳过；累计跳过 550)
    [skip] iter 600 loss=nan (非有限值，跳过；累计跳过 600)
    [skip] iter 650 loss=nan (非有限值，跳过；累计跳过 650)
    [skip] iter 700 loss=nan (非有限值，跳过；累计跳过 700)
    [skip] iter 750 loss=nan (非有限值，跳过；累计跳过 750)
    [skip] iter 800 loss=nan (非有限值，跳过；累计跳过 800)
    [skip] iter 850 loss=nan (非有限值，跳过；累计跳过 850)
    [skip] iter 900 loss=nan (非有限值，跳过；累计跳过 900)
    [skip] iter 950 loss=nan (非有限值，跳过；累计跳过 950)
    [skip] iter 1000 loss=nan (非有限值，跳过；累计跳过 1000)
    [skip] iter 1050 loss=nan (非有限值，跳过；累计跳过 1050)
    [skip] iter 1100 loss=nan (非有限值，跳过；累计跳过 1100)
    [skip] iter 1150 loss=nan (非有限值，跳过；累计跳过 1150)
    [skip] iter 1200 loss=nan (非有限值，跳过；累计跳过 1200)
    [skip] iter 1250 loss=nan (非有限值，跳过；累计跳过 1250)
    [skip] iter 1300 loss=nan (非有限值，跳过；累计跳过 1300)
    [skip] iter 1350 loss=nan (非有限值，跳过；累计跳过 1350)
    [skip] iter 1400 loss=nan (非有限值，跳过；累计跳过 1400)
    [skip] iter 1450 loss=nan (非有限值，跳过；累计跳过 1450)
    [skip] iter 1500 loss=nan (非有限值，跳过；累计跳过 1500)
    [skip] iter 1550 loss=nan (非有限值，跳过；累计跳过 1550)
    [skip] iter 1600 loss=nan (非有限值，跳过；累计跳过 1600)
    [skip] iter 1650 loss=nan (非有限值，跳过；累计跳过 1650)
    [skip] iter 1700 loss=nan (非有限值，跳过；累计跳过 1700)
    [skip] iter 1750 loss=nan (非有限值，跳过；累计跳过 1750)
    [skip] iter 1800 loss=nan (非有限值，跳过；累计跳过 1800)
    [skip] iter 1850 loss=nan (非有限值，跳过；累计跳过 1850)
    [skip] iter 1900 loss=nan (非有限值，跳过；累计跳过 1900)
    [skip] iter 1950 loss=nan (非有限值，跳过；累计跳过 1950)
    [skip] iter 2000 loss=nan (非有限值，跳过；累计跳过 2000)
    [skip] iter 2050 loss=nan (非有限值，跳过；累计跳过 2050)
    [skip] iter 2100 loss=nan (非有限值，跳过；累计跳过 2100)
    [skip] iter 2150 loss=nan (非有限值，跳过；累计跳过 2150)
    [skip] iter 2200 loss=nan (非有限值，跳过；累计跳过 2200)
    [skip] iter 2250 loss=nan (非有限值，跳过；累计跳过 2250)
    [skip] iter 2300 loss=nan (非有限值，跳过；累计跳过 2300)
    [skip] iter 2350 loss=nan (非有限值，跳过；累计跳过 2350)
    [skip] iter 2400 loss=nan (非有限值，跳过；累计跳过 2400)
    [skip] iter 2450 loss=nan (非有限值，跳过；累计跳过 2450)
    [skip] iter 2500 loss=nan (非有限值，跳过；累计跳过 2500)
    [skip] iter 2550 loss=nan (非有限值，跳过；累计跳过 2550)
    [skip] iter 2600 loss=nan (非有限值，跳过；累计跳过 2600)
    [skip] iter 2650 loss=nan (非有限值，跳过；累计跳过 2650)
    [skip] iter 2700 loss=nan (非有限值，跳过；累计跳过 2700)
    [skip] iter 2750 loss=nan (非有限值，跳过；累计跳过 2750)
    [skip] iter 2800 loss=nan (非有限值，跳过；累计跳过 2800)
    [skip] iter 2850 loss=nan (非有限值，跳过；累计跳过 2850)
    [skip] iter 2900 loss=nan (非有限值，跳过；累计跳过 2900)
    [skip] iter 2950 loss=nan (非有限值，跳过；累计跳过 2950)
    [skip] iter 3000 loss=nan (非有限值，跳过；累计跳过 3000)
    [skip] iter 3050 loss=nan (非有限值，跳过；累计跳过 3050)
    [skip] iter 3100 loss=nan (非有限值，跳过；累计跳过 3100)
    [skip] iter 3150 loss=nan (非有限值，跳过；累计跳过 3150)
    [skip] iter 3200 loss=nan (非有限值，跳过；累计跳过 3200)
    [skip] iter 3250 loss=nan (非有限值，跳过；累计跳过 3250)
    [skip] iter 3300 loss=nan (非有限值，跳过；累计跳过 3300)
    [skip] iter 3350 loss=nan (非有限值，跳过；累计跳过 3350)
    [skip] iter 3400 loss=nan (非有限值，跳过；累计跳过 3400)
    [skip] iter 3450 loss=nan (非有限值，跳过；累计跳过 3450)
    [skip] iter 3500 loss=nan (非有限值，跳过；累计跳过 3500)
    [skip] iter 3550 loss=nan (非有限值，跳过；累计跳过 3550)
    [skip] iter 3600 loss=nan (非有限值，跳过；累计跳过 3600)
    [skip] iter 3650 loss=nan (非有限值，跳过；累计跳过 3650)
    [skip] iter 3700 loss=nan (非有限值，跳过；累计跳过 3700)
    [skip] iter 3750 loss=nan (非有限值，跳过；累计跳过 3750)
    [skip] iter 3800 loss=nan (非有限值，跳过；累计跳过 3800)
    [skip] iter 3850 loss=nan (非有限值，跳过；累计跳过 3850)
    [skip] iter 3900 loss=nan (非有限值，跳过；累计跳过 3900)
    [skip] iter 3950 loss=nan (非有限值，跳过；累计跳过 3950)
    [skip] iter 4000 loss=nan (非有限值，跳过；累计跳过 4000)
    [skip] iter 4050 loss=nan (非有限值，跳过；累计跳过 4050)
    [skip] iter 4100 loss=nan (非有限值，跳过；累计跳过 4100)
    [skip] iter 4150 loss=nan (非有限值，跳过；累计跳过 4150)
    [skip] iter 4200 loss=nan (非有限值，跳过；累计跳过 4200)
    [skip] iter 4250 loss=nan (非有限值，跳过；累计跳过 4250)
    [skip] iter 4300 loss=nan (非有限值，跳过；累计跳过 4300)
    [skip] iter 4350 loss=nan (非有限值，跳过；累计跳过 4350)
    [skip] iter 4400 loss=nan (非有限值，跳过；累计跳过 4400)
    [epoch summary] 本轮跳过 4443 个坏 batch
  train_loss=0.0000  val_loss=nan  val_dice=0.3818

--- Epoch 37/100 (lr=3.56e-04) ---
    [skip] iter 1 loss=nan (非有限值，跳过；累计跳过 1)
    [skip] iter 2 loss=nan (非有限值，跳过；累计跳过 2)
    [skip] iter 3 loss=nan (非有限值，跳过；累计跳过 3)
    [skip] iter 4 loss=nan (非有限值，跳过；累计跳过 4)
    [skip] iter 5 loss=nan (非有限值，跳过；累计跳过 5)
    [skip] iter 50 loss=nan (非有限值，跳过；累计跳过 50)
    [skip] iter 100 loss=nan (非有限值，跳过；累计跳过 100)
    [skip] iter 150 loss=nan (非有限值，跳过；累计跳过 150)
    [skip] iter 200 loss=nan (非有限值，跳过；累计跳过 200)
    [skip] iter 250 loss=nan (非有限值，跳过；累计跳过 250)
    [skip] iter 300 loss=nan (非有限值，跳过；累计跳过 300)
    [skip] iter 350 loss=nan (非有限值，跳过；累计跳过 350)
    [skip] iter 400 loss=nan (非有限值，跳过；累计跳过 400)
    [skip] iter 450 loss=nan (非有限值，跳过；累计跳过 450)
    [skip] iter 500 loss=nan (非有限值，跳过；累计跳过 500)
    [skip] iter 550 loss=nan (非有限值，跳过；累计跳过 550)
    [skip] iter 600 loss=nan (非有限值，跳过；累计跳过 600)
    [skip] iter 650 loss=nan (非有限值，跳过；累计跳过 650)
    [skip] iter 700 loss=nan (非有限值，跳过；累计跳过 700)
    [skip] iter 750 loss=nan (非有限值，跳过；累计跳过 750)
    [skip] iter 800 loss=nan (非有限值，跳过；累计跳过 800)
    [skip] iter 850 loss=nan (非有限值，跳过；累计跳过 850)
    [skip] iter 900 loss=nan (非有限值，跳过；累计跳过 900)
    [skip] iter 950 loss=nan (非有限值，跳过；累计跳过 950)
    [skip] iter 1000 loss=nan (非有限值，跳过；累计跳过 1000)
    [skip] iter 1050 loss=nan (非有限值，跳过；累计跳过 1050)
    [skip] iter 1100 loss=nan (非有限值，跳过；累计跳过 1100)
    [skip] iter 1150 loss=nan (非有限值，跳过；累计跳过 1150)
    [skip] iter 1200 loss=nan (非有限值，跳过；累计跳过 1200)
    [skip] iter 1250 loss=nan (非有限值，跳过；累计跳过 1250)
    [skip] iter 1300 loss=nan (非有限值，跳过；累计跳过 1300)
    [skip] iter 1350 loss=nan (非有限值，跳过；累计跳过 1350)
    [skip] iter 1400 loss=nan (非有限值，跳过；累计跳过 1400)
    [skip] iter 1450 loss=nan (非有限值，跳过；累计跳过 1450)
    [skip] iter 1500 loss=nan (非有限值，跳过；累计跳过 1500)
    [skip] iter 1550 loss=nan (非有限值，跳过；累计跳过 1550)
    [skip] iter 1600 loss=nan (非有限值，跳过；累计跳过 1600)
    [skip] iter 1650 loss=nan (非有限值，跳过；累计跳过 1650)
    [skip] iter 1700 loss=nan (非有限值，跳过；累计跳过 1700)
    [skip] iter 1750 loss=nan (非有限值，跳过；累计跳过 1750)
    [skip] iter 1800 loss=nan (非有限值，跳过；累计跳过 1800)
    [skip] iter 1850 loss=nan (非有限值，跳过；累计跳过 1850)
    [skip] iter 1900 loss=nan (非有限值，跳过；累计跳过 1900)
    [skip] iter 1950 loss=nan (非有限值，跳过；累计跳过 1950)
    [skip] iter 2000 loss=nan (非有限值，跳过；累计跳过 2000)
    [skip] iter 2050 loss=nan (非有限值，跳过；累计跳过 2050)
    [skip] iter 2100 loss=nan (非有限值，跳过；累计跳过 2100)
    [skip] iter 2150 loss=nan (非有限值，跳过；累计跳过 2150)
    [skip] iter 2200 loss=nan (非有限值，跳过；累计跳过 2200)
    [skip] iter 2250 loss=nan (非有限值，跳过；累计跳过 2250)
    [skip] iter 2300 loss=nan (非有限值，跳过；累计跳过 2300)
    [skip] iter 2350 loss=nan (非有限值，跳过；累计跳过 2350)
    [skip] iter 2400 loss=nan (非有限值，跳过；累计跳过 2400)
    [skip] iter 2450 loss=nan (非有限值，跳过；累计跳过 2450)
    [skip] iter 2500 loss=nan (非有限值，跳过；累计跳过 2500)
    [skip] iter 2550 loss=nan (非有限值，跳过；累计跳过 2550)
    [skip] iter 2600 loss=nan (非有限值，跳过；累计跳过 2600)
    [skip] iter 2650 loss=nan (非有限值，跳过；累计跳过 2650)
    [skip] iter 2700 loss=nan (非有限值，跳过；累计跳过 2700)
    [skip] iter 2750 loss=nan (非有限值，跳过；累计跳过 2750)
    [skip] iter 2800 loss=nan (非有限值，跳过；累计跳过 2800)
    [skip] iter 2850 loss=nan (非有限值，跳过；累计跳过 2850)
    [skip] iter 2900 loss=nan (非有限值，跳过；累计跳过 2900)
    [skip] iter 2950 loss=nan (非有限值，跳过；累计跳过 2950)
    [skip] iter 3000 loss=nan (非有限值，跳过；累计跳过 3000)
    [skip] iter 3050 loss=nan (非有限值，跳过；累计跳过 3050)
    [skip] iter 3100 loss=nan (非有限值，跳过；累计跳过 3100)
    [skip] iter 3150 loss=nan (非有限值，跳过；累计跳过 3150)
    [skip] iter 3200 loss=nan (非有限值，跳过；累计跳过 3200)
    [skip] iter 3250 loss=nan (非有限值，跳过；累计跳过 3250)
    [skip] iter 3300 loss=nan (非有限值，跳过；累计跳过 3300)
    [skip] iter 3350 loss=nan (非有限值，跳过；累计跳过 3350)
    [skip] iter 3400 loss=nan (非有限值，跳过；累计跳过 3400)
    [skip] iter 3450 loss=nan (非有限值，跳过；累计跳过 3450)
    [skip] iter 3500 loss=nan (非有限值，跳过；累计跳过 3500)
    [skip] iter 3550 loss=nan (非有限值，跳过；累计跳过 3550)
    [skip] iter 3600 loss=nan (非有限值，跳过；累计跳过 3600)
    [skip] iter 3650 loss=nan (非有限值，跳过；累计跳过 3650)
    [skip] iter 3700 loss=nan (非有限值，跳过；累计跳过 3700)
    [skip] iter 3750 loss=nan (非有限值，跳过；累计跳过 3750)
    [skip] iter 3800 loss=nan (非有限值，跳过；累计跳过 3800)
    [skip] iter 3850 loss=nan (非有限值，跳过；累计跳过 3850)
    [skip] iter 3900 loss=nan (非有限值，跳过；累计跳过 3900)
    [skip] iter 3950 loss=nan (非有限值，跳过；累计跳过 3950)
    [skip] iter 4000 loss=nan (非有限值，跳过；累计跳过 4000)
    [skip] iter 4050 loss=nan (非有限值，跳过；累计跳过 4050)
    [skip] iter 4100 loss=nan (非有限值，跳过；累计跳过 4100)
    [skip] iter 4150 loss=nan (非有限值，跳过；累计跳过 4150)
    [skip] iter 4200 loss=nan (非有限值，跳过；累计跳过 4200)
    [skip] iter 4250 loss=nan (非有限值，跳过；累计跳过 4250)
    [skip] iter 4300 loss=nan (非有限值，跳过；累计跳过 4300)
    [skip] iter 4350 loss=nan (非有限值，跳过；累计跳过 4350)
    [skip] iter 4400 loss=nan (非有限值，跳过；累计跳过 4400)
    [epoch summary] 本轮跳过 4443 个坏 batch
  train_loss=0.0000  val_loss=nan  val_dice=0.3818

--- Epoch 38/100 (lr=3.49e-04) ---
    [skip] iter 1 loss=nan (非有限值，跳过；累计跳过 1)
    [skip] iter 2 loss=nan (非有限值，跳过；累计跳过 2)
    [skip] iter 3 loss=nan (非有限值，跳过；累计跳过 3)
    [skip] iter 4 loss=nan (非有限值，跳过；累计跳过 4)
    [skip] iter 5 loss=nan (非有限值，跳过；累计跳过 5)
    [skip] iter 50 loss=nan (非有限值，跳过；累计跳过 50)
    [skip] iter 100 loss=nan (非有限值，跳过；累计跳过 100)
    [skip] iter 150 loss=nan (非有限值，跳过；累计跳过 150)
    [skip] iter 200 loss=nan (非有限值，跳过；累计跳过 200)
    [skip] iter 250 loss=nan (非有限值，跳过；累计跳过 250)
    [skip] iter 301 loss=nan (非有限值，跳过；累计跳过 300)
    [skip] iter 351 loss=nan (非有限值，跳过；累计跳过 350)
    [skip] iter 401 loss=nan (非有限值，跳过；累计跳过 400)
    [skip] iter 451 loss=nan (非有限值，跳过；累计跳过 450)
    [skip] iter 501 loss=nan (非有限值，跳过；累计跳过 500)
    [skip] iter 551 loss=nan (非有限值，跳过；累计跳过 550)
    [skip] iter 601 loss=nan (非有限值，跳过；累计跳过 600)
    [skip] iter 651 loss=nan (非有限值，跳过；累计跳过 650)
    [skip] iter 701 loss=nan (非有限值，跳过；累计跳过 700)
    [skip] iter 751 loss=nan (非有限值，跳过；累计跳过 750)
    [skip] iter 801 loss=nan (非有限值，跳过；累计跳过 800)
    [skip] iter 851 loss=nan (非有限值，跳过；累计跳过 850)
    [skip] iter 901 loss=nan (非有限值，跳过；累计跳过 900)
    [skip] iter 951 loss=nan (非有限值，跳过；累计跳过 950)
    [skip] iter 1001 loss=nan (非有限值，跳过；累计跳过 1000)
    [skip] iter 1051 loss=nan (非有限值，跳过；累计跳过 1050)
    [skip] iter 1101 loss=nan (非有限值，跳过；累计跳过 1100)
    [skip] iter 1151 loss=nan (非有限值，跳过；累计跳过 1150)
    [skip] iter 1201 loss=nan (非有限值，跳过；累计跳过 1200)
    [skip] iter 1251 loss=nan (非有限值，跳过；累计跳过 1250)
    [skip] iter 1301 loss=nan (非有限值，跳过；累计跳过 1300)
    [skip] iter 1351 loss=nan (非有限值，跳过；累计跳过 1350)
    [skip] iter 1401 loss=nan (非有限值，跳过；累计跳过 1400)
    [skip] iter 1451 loss=nan (非有限值，跳过；累计跳过 1450)
    [skip] iter 1501 loss=nan (非有限值，跳过；累计跳过 1500)
    [skip] iter 1551 loss=nan (非有限值，跳过；累计跳过 1550)
    [skip] iter 1601 loss=nan (非有限值，跳过；累计跳过 1600)
    [skip] iter 1651 loss=nan (非有限值，跳过；累计跳过 1650)
    [skip] iter 1701 loss=nan (非有限值，跳过；累计跳过 1700)
    [skip] iter 1751 loss=nan (非有限值，跳过；累计跳过 1750)
    [skip] iter 1801 loss=nan (非有限值，跳过；累计跳过 1800)
    [skip] iter 1851 loss=nan (非有限值，跳过；累计跳过 1850)
    [skip] iter 1901 loss=nan (非有限值，跳过；累计跳过 1900)
    [skip] iter 1951 loss=nan (非有限值，跳过；累计跳过 1950)
    [skip] iter 2001 loss=nan (非有限值，跳过；累计跳过 2000)
    [skip] iter 2051 loss=nan (非有限值，跳过；累计跳过 2050)
    [skip] iter 2101 loss=nan (非有限值，跳过；累计跳过 2100)
    [skip] iter 2151 loss=nan (非有限值，跳过；累计跳过 2150)
    [skip] iter 2201 loss=nan (非有限值，跳过；累计跳过 2200)
    [skip] iter 2251 loss=nan (非有限值，跳过；累计跳过 2250)
    [skip] iter 2301 loss=nan (非有限值，跳过；累计跳过 2300)
    [skip] iter 2351 loss=nan (非有限值，跳过；累计跳过 2350)
    [skip] iter 2401 loss=nan (非有限值，跳过；累计跳过 2400)
    [skip] iter 2451 loss=nan (非有限值，跳过；累计跳过 2450)
    [skip] iter 2501 loss=nan (非有限值，跳过；累计跳过 2500)
    [skip] iter 2551 loss=nan (非有限值，跳过；累计跳过 2550)
    [skip] iter 2601 loss=nan (非有限值，跳过；累计跳过 2600)
    [skip] iter 2651 loss=nan (非有限值，跳过；累计跳过 2650)
    [skip] iter 2701 loss=nan (非有限值，跳过；累计跳过 2700)
    [skip] iter 2751 loss=nan (非有限值，跳过；累计跳过 2750)
    [skip] iter 2801 loss=nan (非有限值，跳过；累计跳过 2800)
    [skip] iter 2851 loss=nan (非有限值，跳过；累计跳过 2850)
    [skip] iter 2901 loss=nan (非有限值，跳过；累计跳过 2900)
    [skip] iter 2951 loss=nan (非有限值，跳过；累计跳过 2950)
    [skip] iter 3001 loss=nan (非有限值，跳过；累计跳过 3000)
    [skip] iter 3051 loss=nan (非有限值，跳过；累计跳过 3050)
    [skip] iter 3101 loss=nan (非有限值，跳过；累计跳过 3100)
    [skip] iter 3151 loss=nan (非有限值，跳过；累计跳过 3150)
    [skip] iter 3201 loss=nan (非有限值，跳过；累计跳过 3200)
    [skip] iter 3251 loss=nan (非有限值，跳过；累计跳过 3250)
    [skip] iter 3301 loss=nan (非有限值，跳过；累计跳过 3300)
    [skip] iter 3351 loss=nan (非有限值，跳过；累计跳过 3350)
    [skip] iter 3401 loss=nan (非有限值，跳过；累计跳过 3400)
    [skip] iter 3451 loss=nan (非有限值，跳过；累计跳过 3450)
    [skip] iter 3501 loss=nan (非有限值，跳过；累计跳过 3500)
    [skip] iter 3551 loss=nan (非有限值，跳过；累计跳过 3550)
    [skip] iter 3601 loss=nan (非有限值，跳过；累计跳过 3600)
    [skip] iter 3651 loss=nan (非有限值，跳过；累计跳过 3650)
    [skip] iter 3701 loss=nan (非有限值，跳过；累计跳过 3700)
    [skip] iter 3751 loss=nan (非有限值，跳过；累计跳过 3750)
    [skip] iter 3801 loss=nan (非有限值，跳过；累计跳过 3800)
    [skip] iter 3851 loss=nan (非有限值，跳过；累计跳过 3850)
    [skip] iter 3901 loss=nan (非有限值，跳过；累计跳过 3900)
    [skip] iter 3951 loss=nan (非有限值，跳过；累计跳过 3950)
    [skip] iter 4001 loss=nan (非有限值，跳过；累计跳过 4000)
    [skip] iter 4051 loss=nan (非有限值，跳过；累计跳过 4050)
    [skip] iter 4101 loss=nan (非有限值，跳过；累计跳过 4100)
    [skip] iter 4151 loss=nan (非有限值，跳过；累计跳过 4150)
    [skip] iter 4201 loss=nan (非有限值，跳过；累计跳过 4200)
    [skip] iter 4251 loss=nan (非有限值，跳过；累计跳过 4250)
    [skip] iter 4301 loss=nan (非有限值，跳过；累计跳过 4300)
    [skip] iter 4351 loss=nan (非有限值，跳过；累计跳过 4350)
    [skip] iter 4401 loss=nan (非有限值，跳过；累计跳过 4400)
    [epoch summary] 本轮跳过 4442 个坏 batch
  train_loss=0.1298  val_loss=nan  val_dice=0.3767

--- Epoch 39/100 (lr=3.42e-04) ---
    [skip] iter 1 loss=nan (非有限值，跳过；累计跳过 1)
    [skip] iter 2 loss=nan (非有限值，跳过；累计跳过 2)
    [skip] iter 3 loss=nan (非有限值，跳过；累计跳过 3)
    [skip] iter 4 loss=nan (非有限值，跳过；累计跳过 4)
    [skip] iter 5 loss=nan (非有限值，跳过；累计跳过 5)
    [skip] iter 50 loss=nan (非有限值，跳过；累计跳过 50)
    [skip] iter 100 loss=nan (非有限值，跳过；累计跳过 100)
    [skip] iter 150 loss=nan (非有限值，跳过；累计跳过 150)
    [skip] iter 200 loss=nan (非有限值，跳过；累计跳过 200)
    [skip] iter 250 loss=nan (非有限值，跳过；累计跳过 250)
    [skip] iter 300 loss=nan (非有限值，跳过；累计跳过 300)
    [skip] iter 350 loss=nan (非有限值，跳过；累计跳过 350)
    [skip] iter 400 loss=nan (非有限值，跳过；累计跳过 400)
    [skip] iter 450 loss=nan (非有限值，跳过；累计跳过 450)
    [skip] iter 500 loss=nan (非有限值，跳过；累计跳过 500)
    [skip] iter 550 loss=nan (非有限值，跳过；累计跳过 550)
    [skip] iter 600 loss=nan (非有限值，跳过；累计跳过 600)
    [skip] iter 650 loss=nan (非有限值，跳过；累计跳过 650)
    [skip] iter 700 loss=nan (非有限值，跳过；累计跳过 700)
    [skip] iter 750 loss=nan (非有限值，跳过；累计跳过 750)
    [skip] iter 800 loss=nan (非有限值，跳过；累计跳过 800)
    [skip] iter 850 loss=nan (非有限值，跳过；累计跳过 850)
    [skip] iter 900 loss=nan (非有限值，跳过；累计跳过 900)
    [skip] iter 950 loss=nan (非有限值，跳过；累计跳过 950)
    [skip] iter 1000 loss=nan (非有限值，跳过；累计跳过 1000)
    [skip] iter 1050 loss=nan (非有限值，跳过；累计跳过 1050)
    [skip] iter 1100 loss=nan (非有限值，跳过；累计跳过 1100)
    [skip] iter 1150 loss=nan (非有限值，跳过；累计跳过 1150)
    [skip] iter 1200 loss=nan (非有限值，跳过；累计跳过 1200)
    [skip] iter 1250 loss=nan (非有限值，跳过；累计跳过 1250)
    [skip] iter 1300 loss=nan (非有限值，跳过；累计跳过 1300)
    [skip] iter 1350 loss=nan (非有限值，跳过；累计跳过 1350)
    [skip] iter 1400 loss=nan (非有限值，跳过；累计跳过 1400)
    [skip] iter 1450 loss=nan (非有限值，跳过；累计跳过 1450)
    [skip] iter 1500 loss=nan (非有限值，跳过；累计跳过 1500)
    [skip] iter 1550 loss=nan (非有限值，跳过；累计跳过 1550)
    [skip] iter 1600 loss=nan (非有限值，跳过；累计跳过 1600)
    [skip] iter 1650 loss=nan (非有限值，跳过；累计跳过 1650)
    [skip] iter 1700 loss=nan (非有限值，跳过；累计跳过 1700)
    [skip] iter 1750 loss=nan (非有限值，跳过；累计跳过 1750)
    [skip] iter 1800 loss=nan (非有限值，跳过；累计跳过 1800)
    [skip] iter 1850 loss=nan (非有限值，跳过；累计跳过 1850)
    [skip] iter 1900 loss=nan (非有限值，跳过；累计跳过 1900)
    [skip] iter 1950 loss=nan (非有限值，跳过；累计跳过 1950)
    [skip] iter 2000 loss=nan (非有限值，跳过；累计跳过 2000)
    [skip] iter 2050 loss=nan (非有限值，跳过；累计跳过 2050)
    [skip] iter 2100 loss=nan (非有限值，跳过；累计跳过 2100)
    [skip] iter 2150 loss=nan (非有限值，跳过；累计跳过 2150)
    [skip] iter 2200 loss=nan (非有限值，跳过；累计跳过 2200)
    [skip] iter 2250 loss=nan (非有限值，跳过；累计跳过 2250)
    [skip] iter 2300 loss=nan (非有限值，跳过；累计跳过 2300)
    [skip] iter 2350 loss=nan (非有限值，跳过；累计跳过 2350)
    [skip] iter 2400 loss=nan (非有限值，跳过；累计跳过 2400)
    [skip] iter 2450 loss=nan (非有限值，跳过；累计跳过 2450)
    [skip] iter 2500 loss=nan (非有限值，跳过；累计跳过 2500)
    [skip] iter 2550 loss=nan (非有限值，跳过；累计跳过 2550)
    [skip] iter 2600 loss=nan (非有限值，跳过；累计跳过 2600)
    [skip] iter 2650 loss=nan (非有限值，跳过；累计跳过 2650)
    [skip] iter 2700 loss=nan (非有限值，跳过；累计跳过 2700)
    [skip] iter 2750 loss=nan (非有限值，跳过；累计跳过 2750)
    [skip] iter 2800 loss=nan (非有限值，跳过；累计跳过 2800)
    [skip] iter 2850 loss=nan (非有限值，跳过；累计跳过 2850)
    [skip] iter 2900 loss=nan (非有限值，跳过；累计跳过 2900)
    [skip] iter 2950 loss=nan (非有限值，跳过；累计跳过 2950)
    [skip] iter 3000 loss=nan (非有限值，跳过；累计跳过 3000)
    [skip] iter 3050 loss=nan (非有限值，跳过；累计跳过 3050)
    [skip] iter 3100 loss=nan (非有限值，跳过；累计跳过 3100)
    [skip] iter 3150 loss=nan (非有限值，跳过；累计跳过 3150)
    [skip] iter 3200 loss=nan (非有限值，跳过；累计跳过 3200)
    [skip] iter 3250 loss=nan (非有限值，跳过；累计跳过 3250)
    [skip] iter 3300 loss=nan (非有限值，跳过；累计跳过 3300)
    [skip] iter 3350 loss=nan (非有限值，跳过；累计跳过 3350)
    [skip] iter 3400 loss=nan (非有限值，跳过；累计跳过 3400)
    [skip] iter 3450 loss=nan (非有限值，跳过；累计跳过 3450)
    [skip] iter 3500 loss=nan (非有限值，跳过；累计跳过 3500)
    [skip] iter 3550 loss=nan (非有限值，跳过；累计跳过 3550)
    [skip] iter 3600 loss=nan (非有限值，跳过；累计跳过 3600)
    [skip] iter 3650 loss=nan (非有限值，跳过；累计跳过 3650)
    [skip] iter 3700 loss=nan (非有限值，跳过；累计跳过 3700)
    [skip] iter 3750 loss=nan (非有限值，跳过；累计跳过 3750)
    [skip] iter 3800 loss=nan (非有限值，跳过；累计跳过 3800)
    [skip] iter 3850 loss=nan (非有限值，跳过；累计跳过 3850)
    [skip] iter 3900 loss=nan (非有限值，跳过；累计跳过 3900)
    [skip] iter 3950 loss=nan (非有限值，跳过；累计跳过 3950)
    [skip] iter 4000 loss=nan (非有限值，跳过；累计跳过 4000)
    [skip] iter 4050 loss=nan (非有限值，跳过；累计跳过 4050)
    [skip] iter 4100 loss=nan (非有限值，跳过；累计跳过 4100)
    [skip] iter 4150 loss=nan (非有限值，跳过；累计跳过 4150)
    [skip] iter 4200 loss=nan (非有限值，跳过；累计跳过 4200)
    [skip] iter 4250 loss=nan (非有限值，跳过；累计跳过 4250)
    [skip] iter 4300 loss=nan (非有限值，跳过；累计跳过 4300)
    [skip] iter 4350 loss=nan (非有限值，跳过；累计跳过 4350)
    [skip] iter 4400 loss=nan (非有限值，跳过；累计跳过 4400)
    [epoch summary] 本轮跳过 4443 个坏 batch
  train_loss=0.0000  val_loss=nan  val_dice=0.3767

--- Epoch 40/100 (lr=3.35e-04) ---
    [skip] iter 1 loss=nan (非有限值，跳过；累计跳过 1)
    [skip] iter 2 loss=nan (非有限值，跳过；累计跳过 2)
    [skip] iter 3 loss=nan (非有限值，跳过；累计跳过 3)
    [skip] iter 4 loss=nan (非有限值，跳过；累计跳过 4)
    [skip] iter 5 loss=nan (非有限值，跳过；累计跳过 5)
    [skip] iter 50 loss=nan (非有限值，跳过；累计跳过 50)
    [skip] iter 100 loss=nan (非有限值，跳过；累计跳过 100)
    [skip] iter 150 loss=nan (非有限值，跳过；累计跳过 150)
    [skip] iter 200 loss=nan (非有限值，跳过；累计跳过 200)
    [skip] iter 250 loss=nan (非有限值，跳过；累计跳过 250)
    [skip] iter 300 loss=nan (非有限值，跳过；累计跳过 300)
    [skip] iter 350 loss=nan (非有限值，跳过；累计跳过 350)
    [skip] iter 400 loss=nan (非有限值，跳过；累计跳过 400)
    [skip] iter 450 loss=nan (非有限值，跳过；累计跳过 450)
    [skip] iter 500 loss=nan (非有限值，跳过；累计跳过 500)
    [skip] iter 550 loss=nan (非有限值，跳过；累计跳过 550)
    [skip] iter 600 loss=nan (非有限值，跳过；累计跳过 600)
    [skip] iter 650 loss=nan (非有限值，跳过；累计跳过 650)
    [skip] iter 700 loss=nan (非有限值，跳过；累计跳过 700)
    [skip] iter 750 loss=nan (非有限值，跳过；累计跳过 750)
    [skip] iter 800 loss=nan (非有限值，跳过；累计跳过 800)
    [skip] iter 850 loss=nan (非有限值，跳过；累计跳过 850)
    [skip] iter 900 loss=nan (非有限值，跳过；累计跳过 900)
    [skip] iter 950 loss=nan (非有限值，跳过；累计跳过 950)
    [skip] iter 1000 loss=nan (非有限值，跳过；累计跳过 1000)
    [skip] iter 1050 loss=nan (非有限值，跳过；累计跳过 1050)
    [skip] iter 1100 loss=nan (非有限值，跳过；累计跳过 1100)
    [skip] iter 1150 loss=nan (非有限值，跳过；累计跳过 1150)
    [skip] iter 1200 loss=nan (非有限值，跳过；累计跳过 1200)
    [skip] iter 1250 loss=nan (非有限值，跳过；累计跳过 1250)
    [skip] iter 1300 loss=nan (非有限值，跳过；累计跳过 1300)
    [skip] iter 1350 loss=nan (非有限值，跳过；累计跳过 1350)
    [skip] iter 1400 loss=nan (非有限值，跳过；累计跳过 1400)
    [skip] iter 1450 loss=nan (非有限值，跳过；累计跳过 1450)
    [skip] iter 1500 loss=nan (非有限值，跳过；累计跳过 1500)
    [skip] iter 1550 loss=nan (非有限值，跳过；累计跳过 1550)
    [skip] iter 1600 loss=nan (非有限值，跳过；累计跳过 1600)
    [skip] iter 1650 loss=nan (非有限值，跳过；累计跳过 1650)
    [skip] iter 1700 loss=nan (非有限值，跳过；累计跳过 1700)
    [skip] iter 1750 loss=nan (非有限值，跳过；累计跳过 1750)
    [skip] iter 1801 loss=nan (非有限值，跳过；累计跳过 1800)
    [skip] iter 1851 loss=nan (非有限值，跳过；累计跳过 1850)
    [skip] iter 1901 loss=nan (非有限值，跳过；累计跳过 1900)
    [skip] iter 1951 loss=nan (非有限值，跳过；累计跳过 1950)
    [skip] iter 2001 loss=nan (非有限值，跳过；累计跳过 2000)
    [skip] iter 2051 loss=nan (非有限值，跳过；累计跳过 2050)
    [skip] iter 2101 loss=nan (非有限值，跳过；累计跳过 2100)
    [skip] iter 2151 loss=nan (非有限值，跳过；累计跳过 2150)
    [skip] iter 2201 loss=nan (非有限值，跳过；累计跳过 2200)
    [skip] iter 2251 loss=nan (非有限值，跳过；累计跳过 2250)
    [skip] iter 2301 loss=nan (非有限值，跳过；累计跳过 2300)
    [skip] iter 2351 loss=nan (非有限值，跳过；累计跳过 2350)
    [skip] iter 2401 loss=nan (非有限值，跳过；累计跳过 2400)
    [skip] iter 2451 loss=nan (非有限值，跳过；累计跳过 2450)
    [skip] iter 2501 loss=nan (非有限值，跳过；累计跳过 2500)
    [skip] iter 2551 loss=nan (非有限值，跳过；累计跳过 2550)
    [skip] iter 2601 loss=nan (非有限值，跳过；累计跳过 2600)
    [skip] iter 2651 loss=nan (非有限值，跳过；累计跳过 2650)
    [skip] iter 2701 loss=nan (非有限值，跳过；累计跳过 2700)
    [skip] iter 2751 loss=nan (非有限值，跳过；累计跳过 2750)
    [skip] iter 2801 loss=nan (非有限值，跳过；累计跳过 2800)
    [skip] iter 2851 loss=nan (非有限值，跳过；累计跳过 2850)
    [skip] iter 2901 loss=nan (非有限值，跳过；累计跳过 2900)
    [skip] iter 2951 loss=nan (非有限值，跳过；累计跳过 2950)
    [skip] iter 3001 loss=nan (非有限值，跳过；累计跳过 3000)
    [skip] iter 3051 loss=nan (非有限值，跳过；累计跳过 3050)
    [skip] iter 3101 loss=nan (非有限值，跳过；累计跳过 3100)
    [skip] iter 3151 loss=nan (非有限值，跳过；累计跳过 3150)
    [skip] iter 3201 loss=nan (非有限值，跳过；累计跳过 3200)
    [skip] iter 3251 loss=nan (非有限值，跳过；累计跳过 3250)
    [skip] iter 3301 loss=nan (非有限值，跳过；累计跳过 3300)
    [skip] iter 3351 loss=nan (非有限值，跳过；累计跳过 3350)
    [skip] iter 3401 loss=nan (非有限值，跳过；累计跳过 3400)
    [skip] iter 3451 loss=nan (非有限值，跳过；累计跳过 3450)
    [skip] iter 3501 loss=nan (非有限值，跳过；累计跳过 3500)
    [skip] iter 3551 loss=nan (非有限值，跳过；累计跳过 3550)
    [skip] iter 3601 loss=nan (非有限值，跳过；累计跳过 3600)
    [skip] iter 3651 loss=nan (非有限值，跳过；累计跳过 3650)
    [skip] iter 3701 loss=nan (非有限值，跳过；累计跳过 3700)
    [skip] iter 3751 loss=nan (非有限值，跳过；累计跳过 3750)
    [skip] iter 3801 loss=nan (非有限值，跳过；累计跳过 3800)
    [skip] iter 3851 loss=nan (非有限值，跳过；累计跳过 3850)
    [skip] iter 3901 loss=nan (非有限值，跳过；累计跳过 3900)
    [skip] iter 3951 loss=nan (非有限值，跳过；累计跳过 3950)
    [skip] iter 4001 loss=nan (非有限值，跳过；累计跳过 4000)
    [skip] iter 4051 loss=nan (非有限值，跳过；累计跳过 4050)
    [skip] iter 4101 loss=nan (非有限值，跳过；累计跳过 4100)
    [skip] iter 4151 loss=nan (非有限值，跳过；累计跳过 4150)
    [skip] iter 4201 loss=nan (非有限值，跳过；累计跳过 4200)
    [skip] iter 4251 loss=nan (非有限值，跳过；累计跳过 4250)
    [skip] iter 4301 loss=nan (非有限值，跳过；累计跳过 4300)
    [skip] iter 4351 loss=nan (非有限值，跳过；累计跳过 4350)
    [skip] iter 4401 loss=nan (非有限值，跳过；累计跳过 4400)
    [epoch summary] 本轮跳过 4442 个坏 batch
  train_loss=0.1755  val_loss=nan  val_dice=0.3702

--- Epoch 41/100 (lr=3.27e-04) ---
    [skip] iter 1 loss=nan (非有限值，跳过；累计跳过 1)
    [skip] iter 2 loss=nan (非有限值，跳过；累计跳过 2)
    [skip] iter 3 loss=nan (非有限值，跳过；累计跳过 3)
    [skip] iter 4 loss=nan (非有限值，跳过；累计跳过 4)
    [skip] iter 5 loss=nan (非有限值，跳过；累计跳过 5)
    [skip] iter 50 loss=nan (非有限值，跳过；累计跳过 50)
    [skip] iter 100 loss=nan (非有限值，跳过；累计跳过 100)
    [skip] iter 150 loss=nan (非有限值，跳过；累计跳过 150)
    [skip] iter 200 loss=nan (非有限值，跳过；累计跳过 200)
    [skip] iter 250 loss=nan (非有限值，跳过；累计跳过 250)
    [skip] iter 300 loss=nan (非有限值，跳过；累计跳过 300)
    [skip] iter 350 loss=nan (非有限值，跳过；累计跳过 350)
    [skip] iter 400 loss=nan (非有限值，跳过；累计跳过 400)
    [skip] iter 450 loss=nan (非有限值，跳过；累计跳过 450)
    [skip] iter 500 loss=nan (非有限值，跳过；累计跳过 500)
    [skip] iter 550 loss=nan (非有限值，跳过；累计跳过 550)
    [skip] iter 600 loss=nan (非有限值，跳过；累计跳过 600)
    [skip] iter 650 loss=nan (非有限值，跳过；累计跳过 650)
    [skip] iter 700 loss=nan (非有限值，跳过；累计跳过 700)
    [skip] iter 750 loss=nan (非有限值，跳过；累计跳过 750)
    [skip] iter 800 loss=nan (非有限值，跳过；累计跳过 800)
    [skip] iter 850 loss=nan (非有限值，跳过；累计跳过 850)
    [skip] iter 900 loss=nan (非有限值，跳过；累计跳过 900)
    [skip] iter 950 loss=nan (非有限值，跳过；累计跳过 950)
    [skip] iter 1000 loss=nan (非有限值，跳过；累计跳过 1000)
    [skip] iter 1050 loss=nan (非有限值，跳过；累计跳过 1050)
    [skip] iter 1100 loss=nan (非有限值，跳过；累计跳过 1100)
    [skip] iter 1150 loss=nan (非有限值，跳过；累计跳过 1150)
    [skip] iter 1200 loss=nan (非有限值，跳过；累计跳过 1200)
    [skip] iter 1250 loss=nan (非有限值，跳过；累计跳过 1250)
    [skip] iter 1300 loss=nan (非有限值，跳过；累计跳过 1300)
    [skip] iter 1350 loss=nan (非有限值，跳过；累计跳过 1350)
    [skip] iter 1400 loss=nan (非有限值，跳过；累计跳过 1400)
    [skip] iter 1450 loss=nan (非有限值，跳过；累计跳过 1450)
    [skip] iter 1500 loss=nan (非有限值，跳过；累计跳过 1500)
    [skip] iter 1550 loss=nan (非有限值，跳过；累计跳过 1550)
    [skip] iter 1600 loss=nan (非有限值，跳过；累计跳过 1600)
    [skip] iter 1650 loss=nan (非有限值，跳过；累计跳过 1650)
    [skip] iter 1700 loss=nan (非有限值，跳过；累计跳过 1700)
    [skip] iter 1750 loss=nan (非有限值，跳过；累计跳过 1750)
    [skip] iter 1800 loss=nan (非有限值，跳过；累计跳过 1800)
    [skip] iter 1850 loss=nan (非有限值，跳过；累计跳过 1850)
    [skip] iter 1900 loss=nan (非有限值，跳过；累计跳过 1900)
    [skip] iter 1950 loss=nan (非有限值，跳过；累计跳过 1950)
    [skip] iter 2000 loss=nan (非有限值，跳过；累计跳过 2000)
    [skip] iter 2050 loss=nan (非有限值，跳过；累计跳过 2050)
    [skip] iter 2100 loss=nan (非有限值，跳过；累计跳过 2100)
    [skip] iter 2150 loss=nan (非有限值，跳过；累计跳过 2150)
    [skip] iter 2200 loss=nan (非有限值，跳过；累计跳过 2200)
    [skip] iter 2250 loss=nan (非有限值，跳过；累计跳过 2250)
    [skip] iter 2300 loss=nan (非有限值，跳过；累计跳过 2300)
    [skip] iter 2350 loss=nan (非有限值，跳过；累计跳过 2350)
    [skip] iter 2400 loss=nan (非有限值，跳过；累计跳过 2400)
    [skip] iter 2450 loss=nan (非有限值，跳过；累计跳过 2450)
    [skip] iter 2500 loss=nan (非有限值，跳过；累计跳过 2500)
    [skip] iter 2550 loss=nan (非有限值，跳过；累计跳过 2550)
    [skip] iter 2600 loss=nan (非有限值，跳过；累计跳过 2600)
    [skip] iter 2650 loss=nan (非有限值，跳过；累计跳过 2650)
    [skip] iter 2700 loss=nan (非有限值，跳过；累计跳过 2700)
    [skip] iter 2750 loss=nan (非有限值，跳过；累计跳过 2750)
    [skip] iter 2800 loss=nan (非有限值，跳过；累计跳过 2800)
    [skip] iter 2850 loss=nan (非有限值，跳过；累计跳过 2850)
    [skip] iter 2900 loss=nan (非有限值，跳过；累计跳过 2900)
    [skip] iter 2950 loss=nan (非有限值，跳过；累计跳过 2950)
    [skip] iter 3000 loss=nan (非有限值，跳过；累计跳过 3000)
    [skip] iter 3050 loss=nan (非有限值，跳过；累计跳过 3050)
    [skip] iter 3100 loss=nan (非有限值，跳过；累计跳过 3100)
    [skip] iter 3150 loss=nan (非有限值，跳过；累计跳过 3150)
    [skip] iter 3200 loss=nan (非有限值，跳过；累计跳过 3200)
    [skip] iter 3250 loss=nan (非有限值，跳过；累计跳过 3250)
    [skip] iter 3300 loss=nan (非有限值，跳过；累计跳过 3300)
    [skip] iter 3350 loss=nan (非有限值，跳过；累计跳过 3350)
    [skip] iter 3400 loss=nan (非有限值，跳过；累计跳过 3400)
    [skip] iter 3450 loss=nan (非有限值，跳过；累计跳过 3450)
    [skip] iter 3501 loss=nan (非有限值，跳过；累计跳过 3500)
    [skip] iter 3551 loss=nan (非有限值，跳过；累计跳过 3550)
    [skip] iter 3601 loss=nan (非有限值，跳过；累计跳过 3600)
    [skip] iter 3651 loss=nan (非有限值，跳过；累计跳过 3650)
    [skip] iter 3701 loss=nan (非有限值，跳过；累计跳过 3700)
    [skip] iter 3751 loss=nan (非有限值，跳过；累计跳过 3750)
    [skip] iter 3801 loss=nan (非有限值，跳过；累计跳过 3800)
    [skip] iter 3851 loss=nan (非有限值，跳过；累计跳过 3850)
    [skip] iter 3901 loss=nan (非有限值，跳过；累计跳过 3900)
    [skip] iter 3951 loss=nan (非有限值，跳过；累计跳过 3950)
    [skip] iter 4001 loss=nan (非有限值，跳过；累计跳过 4000)
    [skip] iter 4051 loss=nan (非有限值，跳过；累计跳过 4050)
    [skip] iter 4101 loss=nan (非有限值，跳过；累计跳过 4100)
    [skip] iter 4151 loss=nan (非有限值，跳过；累计跳过 4150)
    [skip] iter 4201 loss=nan (非有限值，跳过；累计跳过 4200)
    [skip] iter 4251 loss=nan (非有限值，跳过；累计跳过 4250)
    [skip] iter 4301 loss=nan (非有限值，跳过；累计跳过 4300)
    [skip] iter 4351 loss=nan (非有限值，跳过；累计跳过 4350)
    [skip] iter 4401 loss=nan (非有限值，跳过；累计跳过 4400)
    [epoch summary] 本轮跳过 4442 个坏 batch
[2026-07-05T11:33:06.732] error: *** JOB 16831428 ON node848 CANCELLED AT 2026-07-05T11:33:06 DUE to SIGNAL Terminated ***
