作业 16805653 在 host.cluster.example.org 启动
CUDA: True NVIDIA A100-SXM4-80GB
/path/to/env/coronary/lib/python3.11/site-packages/monai/utils/deprecate_utils.py:321: FutureWarning: monai.transforms.spatial.dictionary Orientationd.__init__:labels: Current default value of argument `labels=(('L', 'R'), ('P', 'A'), ('I', 'S'))` was changed in version None from `labels=(('L', 'R'), ('P', 'A'), ('I', 'S'))` to `labels=None`. Default value changed to None meaning that the transform now uses the 'space' of a meta-tensor, if applicable, to determine appropriate axis labels.
  warn_deprecated(argname, msg, warning_category)
device=cuda  amp=True
backbone=segresnet  参数量=6,299,649
  [构建] train 切片索引（会遍历 700 个病例，首次较慢）...
    ...20/700 病例，累计 4517 切片
    ...40/700 病例，累计 8770 切片
    ...60/700 病例，累计 12885 切片
    ...80/700 病例，累计 17213 切片
    ...100/700 病例，累计 21769 切片
    ...120/700 病例，累计 26267 切片
    ...140/700 病例，累计 30674 切片
    ...160/700 病例，累计 35142 切片
    ...180/700 病例，累计 39731 切片
    ...200/700 病例，累计 44034 切片
    ...220/700 病例，累计 48358 切片
    ...240/700 病例，累计 52554 切片
    ...260/700 病例，累计 56937 切片
    ...280/700 病例，累计 61407 切片
    ...300/700 病例，累计 65869 切片
    ...320/700 病例，累计 70311 切片
    ...340/700 病例，累计 74699 切片
    ...360/700 病例，累计 79085 切片
    ...380/700 病例，累计 83315 切片
    ...400/700 病例，累计 87539 切片
    ...420/700 病例，累计 92016 切片
    ...440/700 病例，累计 96431 切片
    ...460/700 病例，累计 100976 切片
    ...480/700 病例，累计 105337 切片
    ...500/700 病例，累计 109553 切片
    ...520/700 病例，累计 113997 切片
    ...540/700 病例，累计 118262 切片
    ...560/700 病例，累计 122495 切片
    ...580/700 病例，累计 126829 切片
    ...600/700 病例，累计 131179 切片
    ...620/700 病例，累计 135307 切片
    ...640/700 病例，累计 139791 切片
    ...660/700 病例，累计 144124 切片
    ...680/700 病例，累计 148470 切片
    ...700/700 病例，累计 152946 切片
  [完成] train: 152946 切片（正 123272 / 负 29674）
  [构建] val 切片索引（会遍历 100 个病例，首次较慢）...
    ...20/100 病例，累计 4506 切片
    ...40/100 病例，累计 8930 切片
    ...60/100 病例，累计 13359 切片
    ...80/100 病例，累计 17798 切片
    ...100/100 病例，累计 22171 切片
  [完成] val: 22171 切片（正 17864 / 负 4307）
train batches=18808  val batches=2808

--- Epoch 1/100 (lr=1.00e-03) ---
    [train] iter 20/18808  loss=1.1452
    [train] iter 40/18808  loss=1.0933
    [train] iter 60/18808  loss=1.0441
    [train] iter 80/18808  loss=0.9824
    [train] iter 100/18808  loss=0.9008
    [train] iter 120/18808  loss=0.8995
    [train] iter 140/18808  loss=0.8800
    [train] iter 160/18808  loss=0.8675
    [train] iter 180/18808  loss=0.7024
    [train] iter 200/18808  loss=0.6232
    [train] iter 220/18808  loss=0.6406
    [train] iter 240/18808  loss=0.5618
    [train] iter 260/18808  loss=0.6416
    [train] iter 280/18808  loss=0.3580
    [train] iter 300/18808  loss=0.5331
    [train] iter 320/18808  loss=0.6903
    [train] iter 340/18808  loss=0.7550
    [train] iter 360/18808  loss=0.4455
    [train] iter 380/18808  loss=0.8349
    [train] iter 400/18808  loss=0.3498
    [train] iter 420/18808  loss=0.3462
    [train] iter 440/18808  loss=0.5920
    [train] iter 460/18808  loss=0.4795
    [train] iter 480/18808  loss=0.7760
    [train] iter 500/18808  loss=0.6861
    [train] iter 520/18808  loss=0.5186
    [train] iter 540/18808  loss=0.5946
    [train] iter 560/18808  loss=0.7249
    [train] iter 580/18808  loss=0.6813
    [train] iter 600/18808  loss=0.5082
    [train] iter 620/18808  loss=0.6775
    [train] iter 640/18808  loss=0.3964
    [train] iter 660/18808  loss=0.4905
    [train] iter 680/18808  loss=0.4309
    [train] iter 700/18808  loss=0.7563
    [train] iter 720/18808  loss=0.4458
    [train] iter 740/18808  loss=0.4615
    [train] iter 760/18808  loss=0.4378
    [train] iter 780/18808  loss=0.6508
    [train] iter 800/18808  loss=0.5174
    [train] iter 820/18808  loss=0.3302
    [train] iter 840/18808  loss=0.3211
    [train] iter 860/18808  loss=0.4847
    [train] iter 880/18808  loss=0.4983
    [train] iter 900/18808  loss=0.3285
    [train] iter 920/18808  loss=0.2857
    [train] iter 940/18808  loss=0.4541
    [train] iter 960/18808  loss=0.5021
    [train] iter 980/18808  loss=0.4671
    [train] iter 1000/18808  loss=0.5875
    [train] iter 1020/18808  loss=0.3524
    [train] iter 1040/18808  loss=0.4331
    [train] iter 1060/18808  loss=0.3270
    [train] iter 1080/18808  loss=0.4501
    [train] iter 1100/18808  loss=0.5145
    [train] iter 1120/18808  loss=0.4412
    [train] iter 1140/18808  loss=0.4948
    [train] iter 1160/18808  loss=0.4431
    [train] iter 1180/18808  loss=0.4983
    [train] iter 1200/18808  loss=0.3771
    [train] iter 1220/18808  loss=0.4825
    [train] iter 1240/18808  loss=0.5314
    [train] iter 1260/18808  loss=0.4188
    [train] iter 1280/18808  loss=0.5003
    [train] iter 1300/18808  loss=0.4809
    [train] iter 1320/18808  loss=0.3840
    [train] iter 1340/18808  loss=0.4691
    [train] iter 1360/18808  loss=0.3458
    [train] iter 1380/18808  loss=0.3973
    [train] iter 1400/18808  loss=0.3863
    [train] iter 1420/18808  loss=0.4451
    [train] iter 1440/18808  loss=0.5233
    [train] iter 1460/18808  loss=0.4441
    [train] iter 1480/18808  loss=0.3228
    [train] iter 1500/18808  loss=0.3695
    [train] iter 1520/18808  loss=0.4203
    [train] iter 1540/18808  loss=0.3981
    [train] iter 1560/18808  loss=0.5405
    [train] iter 1580/18808  loss=0.2643
    [train] iter 1600/18808  loss=0.4338
    [train] iter 1620/18808  loss=0.5280
    [train] iter 1640/18808  loss=0.6808
    [train] iter 1660/18808  loss=0.5827
    [train] iter 1680/18808  loss=0.2997
    [train] iter 1700/18808  loss=0.2960
    [train] iter 1720/18808  loss=0.3778
    [train] iter 1740/18808  loss=0.4535
    [train] iter 1760/18808  loss=0.3016
    [train] iter 1780/18808  loss=0.7954
    [train] iter 1800/18808  loss=0.3045
    [train] iter 1820/18808  loss=0.4789
    [train] iter 1840/18808  loss=0.3634
    [train] iter 1860/18808  loss=0.6049
    [train] iter 1880/18808  loss=0.6650
    [train] iter 1900/18808  loss=0.6851
    [train] iter 1920/18808  loss=0.5334
    [train] iter 1940/18808  loss=0.2840
    [train] iter 1960/18808  loss=0.4589
    [train] iter 1980/18808  loss=0.6160
    [train] iter 2000/18808  loss=0.4999
    [train] iter 2020/18808  loss=0.3231
    [train] iter 2040/18808  loss=0.5619
    [train] iter 2060/18808  loss=0.5126
    [train] iter 2080/18808  loss=0.4587
    [train] iter 2100/18808  loss=0.2908
    [train] iter 2120/18808  loss=0.4089
    [train] iter 2140/18808  loss=0.6918
    [train] iter 2160/18808  loss=0.3066
    [train] iter 2180/18808  loss=0.5540
    [train] iter 2200/18808  loss=0.6757
    [train] iter 2220/18808  loss=0.3918
    [train] iter 2240/18808  loss=0.5962
    [train] iter 2260/18808  loss=0.3827
    [train] iter 2280/18808  loss=0.4459
    [train] iter 2300/18808  loss=0.3837
    [train] iter 2320/18808  loss=0.4072
    [train] iter 2340/18808  loss=0.4492
    [train] iter 2360/18808  loss=0.3981
    [train] iter 2380/18808  loss=0.6746
    [train] iter 2400/18808  loss=0.3679
    [train] iter 2420/18808  loss=0.5745
    [train] iter 2440/18808  loss=0.3421
    [train] iter 2460/18808  loss=0.4637
    [train] iter 2480/18808  loss=0.4692
    [train] iter 2500/18808  loss=0.3218
    [train] iter 2520/18808  loss=0.6212
    [train] iter 2540/18808  loss=0.6236
    [train] iter 2560/18808  loss=0.5874
    [train] iter 2580/18808  loss=0.2963
    [train] iter 2600/18808  loss=0.3360
    [train] iter 2620/18808  loss=0.4675
    [train] iter 2640/18808  loss=0.5321
    [train] iter 2660/18808  loss=0.5141
    [train] iter 2680/18808  loss=0.4858
    [train] iter 2700/18808  loss=0.3713
    [train] iter 2720/18808  loss=0.3080
    [train] iter 2740/18808  loss=0.4715
    [train] iter 2760/18808  loss=0.5841
    [train] iter 2780/18808  loss=0.4585
    [train] iter 2800/18808  loss=0.3660
    [train] iter 2820/18808  loss=0.5804
    [train] iter 2840/18808  loss=0.2285
    [train] iter 2860/18808  loss=0.2011
    [train] iter 2880/18808  loss=0.5208
    [train] iter 2900/18808  loss=0.5171
    [train] iter 2920/18808  loss=0.5991
    [train] iter 2940/18808  loss=0.5178
    [train] iter 2960/18808  loss=0.5985
    [train] iter 2980/18808  loss=0.6218
    [train] iter 3000/18808  loss=0.4386
    [train] iter 3020/18808  loss=0.3862
    [train] iter 3040/18808  loss=0.5247
    [train] iter 3060/18808  loss=0.4564
    [train] iter 3080/18808  loss=0.2492
    [train] iter 3100/18808  loss=0.3739
    [train] iter 3120/18808  loss=0.3344
    [train] iter 3140/18808  loss=0.3782
    [train] iter 3160/18808  loss=0.5205
    [train] iter 3180/18808  loss=0.5777
    [train] iter 3200/18808  loss=0.4932
    [train] iter 3220/18808  loss=0.3639
    [train] iter 3240/18808  loss=0.2843
    [train] iter 3260/18808  loss=0.4985
    [train] iter 3280/18808  loss=0.6133
    [train] iter 3300/18808  loss=0.4464
    [train] iter 3320/18808  loss=0.3288
    [train] iter 3340/18808  loss=0.3854
    [train] iter 3360/18808  loss=0.3782
    [train] iter 3380/18808  loss=0.4842
    [train] iter 3400/18808  loss=0.5381
    [train] iter 3420/18808  loss=0.5200
    [train] iter 3440/18808  loss=0.4256
    [train] iter 3460/18808  loss=0.3204
    [train] iter 3480/18808  loss=0.5848
    [train] iter 3500/18808  loss=0.4724
    [train] iter 3520/18808  loss=0.3944
    [train] iter 3540/18808  loss=0.4475
    [train] iter 3560/18808  loss=0.4294
    [train] iter 3580/18808  loss=0.6305
    [train] iter 3600/18808  loss=0.3301
    [train] iter 3620/18808  loss=0.5035
    [train] iter 3640/18808  loss=0.3007
    [train] iter 3660/18808  loss=0.6248
    [train] iter 3680/18808  loss=0.1988
    [train] iter 3700/18808  loss=0.3343
    [train] iter 3720/18808  loss=0.4466
    [train] iter 3740/18808  loss=0.2823
    [train] iter 3760/18808  loss=0.2756
    [train] iter 3780/18808  loss=0.2917
    [train] iter 3800/18808  loss=0.6120
    [train] iter 3820/18808  loss=0.5453
    [train] iter 3840/18808  loss=0.3134
    [train] iter 3860/18808  loss=0.4798
    [train] iter 3880/18808  loss=0.1972
    [train] iter 3900/18808  loss=0.3990
    [train] iter 3920/18808  loss=0.4220
    [train] iter 3940/18808  loss=0.2395
    [train] iter 3960/18808  loss=0.3618
    [train] iter 3980/18808  loss=0.5509
    [train] iter 4000/18808  loss=0.4025
    [train] iter 4020/18808  loss=0.4554
    [train] iter 4040/18808  loss=0.4391
    [train] iter 4060/18808  loss=0.4617
    [train] iter 4080/18808  loss=0.2767
    [train] iter 4100/18808  loss=0.3953
    [train] iter 4120/18808  loss=0.4893
    [train] iter 4140/18808  loss=0.5166
    [train] iter 4160/18808  loss=0.4503
    [train] iter 4180/18808  loss=0.4835
    [train] iter 4200/18808  loss=0.5222
    [train] iter 4220/18808  loss=0.5117
    [train] iter 4240/18808  loss=0.5642
    [train] iter 4260/18808  loss=0.5268
    [train] iter 4280/18808  loss=0.5452
    [train] iter 4300/18808  loss=0.5792
    [train] iter 4320/18808  loss=0.5896
    [train] iter 4340/18808  loss=0.8255
    [train] iter 4360/18808  loss=0.6293
    [train] iter 4380/18808  loss=0.2696
    [train] iter 4400/18808  loss=0.3254
    [train] iter 4420/18808  loss=0.3138
    [train] iter 4440/18808  loss=0.2823
    [train] iter 4460/18808  loss=0.1903
    [train] iter 4480/18808  loss=0.4018
    [train] iter 4500/18808  loss=0.5979
    [train] iter 4520/18808  loss=0.3652
    [train] iter 4540/18808  loss=0.2750
    [train] iter 4560/18808  loss=0.5749
    [train] iter 4580/18808  loss=0.5199
    [train] iter 4600/18808  loss=0.3047
    [train] iter 4620/18808  loss=0.5308
    [train] iter 4640/18808  loss=0.3818
    [train] iter 4660/18808  loss=0.3249
    [train] iter 4680/18808  loss=0.3461
    [train] iter 4700/18808  loss=0.1953
    [train] iter 4720/18808  loss=0.5799
    [train] iter 4740/18808  loss=0.6765
    [train] iter 4760/18808  loss=0.5934
    [train] iter 4780/18808  loss=0.2758
    [train] iter 4800/18808  loss=0.4416
    [train] iter 4820/18808  loss=0.2240
    [train] iter 4840/18808  loss=0.4673
    [train] iter 4860/18808  loss=0.2009
    [train] iter 4880/18808  loss=0.3662
    [train] iter 4900/18808  loss=0.3489
    [train] iter 4920/18808  loss=0.1974
    [train] iter 4940/18808  loss=0.2835
    [train] iter 4960/18808  loss=0.5127
    [train] iter 4980/18808  loss=0.5117
    [train] iter 5000/18808  loss=0.2465
    [train] iter 5020/18808  loss=0.7104
    [train] iter 5040/18808  loss=0.5585
    [train] iter 5060/18808  loss=0.4923
    [train] iter 5080/18808  loss=0.3260
    [train] iter 5100/18808  loss=0.5270
    [train] iter 5120/18808  loss=0.4988
    [train] iter 5140/18808  loss=0.4424
    [train] iter 5160/18808  loss=0.5096
    [train] iter 5180/18808  loss=0.2747
    [train] iter 5200/18808  loss=0.2647
    [train] iter 5220/18808  loss=0.4843
    [train] iter 5240/18808  loss=0.5706
    [train] iter 5260/18808  loss=0.4399
    [train] iter 5280/18808  loss=0.6470
    [train] iter 5300/18808  loss=0.3820
    [train] iter 5320/18808  loss=0.6039
    [train] iter 5340/18808  loss=0.4673
    [train] iter 5360/18808  loss=0.3822
    [train] iter 5380/18808  loss=0.5942
    [train] iter 5400/18808  loss=0.3115
    [train] iter 5420/18808  loss=0.5929
    [train] iter 5440/18808  loss=0.5803
    [train] iter 5460/18808  loss=0.3900
    [train] iter 5480/18808  loss=0.3245
    [train] iter 5500/18808  loss=0.2647
    [train] iter 5520/18808  loss=0.5778
    [train] iter 5540/18808  loss=0.6238
    [train] iter 5560/18808  loss=0.6791
    [train] iter 5580/18808  loss=0.3913
    [train] iter 5600/18808  loss=0.5049
    [train] iter 5620/18808  loss=0.4142
    [train] iter 5640/18808  loss=0.4166
    [train] iter 5660/18808  loss=0.4574
    [train] iter 5680/18808  loss=0.3973
    [train] iter 5700/18808  loss=0.8244
    [train] iter 5720/18808  loss=0.6397
    [train] iter 5740/18808  loss=0.5188
    [train] iter 5760/18808  loss=0.3539
    [train] iter 5780/18808  loss=0.3596
    [train] iter 5800/18808  loss=0.2126
    [train] iter 5820/18808  loss=0.4952
    [train] iter 5840/18808  loss=0.3382
    [train] iter 5860/18808  loss=0.5816
    [train] iter 5880/18808  loss=0.3450
    [train] iter 5900/18808  loss=0.5987
    [train] iter 5920/18808  loss=0.3950
    [train] iter 5940/18808  loss=0.7045
    [train] iter 5960/18808  loss=0.7039
    [train] iter 5980/18808  loss=0.3087
    [train] iter 6000/18808  loss=0.3947
    [train] iter 6020/18808  loss=0.2648
    [train] iter 6040/18808  loss=0.5477
    [train] iter 6060/18808  loss=0.3843
    [train] iter 6080/18808  loss=0.1908
    [train] iter 6100/18808  loss=0.5932
    [train] iter 6120/18808  loss=0.4754
    [train] iter 6140/18808  loss=0.4843
    [train] iter 6160/18808  loss=0.3142
    [train] iter 6180/18808  loss=0.4290
    [train] iter 6200/18808  loss=0.6555
    [train] iter 6220/18808  loss=0.5052
    [train] iter 6240/18808  loss=0.4133
    [train] iter 6260/18808  loss=0.5665
    [train] iter 6280/18808  loss=0.4855
    [train] iter 6300/18808  loss=0.4137
    [train] iter 6320/18808  loss=0.7435
    [train] iter 6340/18808  loss=0.4804
    [train] iter 6360/18808  loss=0.4661
    [train] iter 6380/18808  loss=0.2557
    [train] iter 6400/18808  loss=0.3428
    [train] iter 6420/18808  loss=0.4415
    [train] iter 6440/18808  loss=0.3166
    [train] iter 6460/18808  loss=0.4486
    [train] iter 6480/18808  loss=0.4933
    [train] iter 6500/18808  loss=0.2848
    [train] iter 6520/18808  loss=0.4353
    [train] iter 6540/18808  loss=0.3332
    [train] iter 6560/18808  loss=0.5397
    [train] iter 6580/18808  loss=0.4320
    [train] iter 6600/18808  loss=0.4442
    [train] iter 6620/18808  loss=0.3686
    [train] iter 6640/18808  loss=0.4029
    [train] iter 6660/18808  loss=0.3923
    [train] iter 6680/18808  loss=0.2023
    [train] iter 6700/18808  loss=0.2910
    [train] iter 6720/18808  loss=0.5871
    [train] iter 6740/18808  loss=0.5207
    [train] iter 6760/18808  loss=0.4997
    [train] iter 6780/18808  loss=0.1806
    [train] iter 6800/18808  loss=0.4732
    [train] iter 6820/18808  loss=0.3204
    [train] iter 6840/18808  loss=0.3160
    [train] iter 6860/18808  loss=0.3039
    [train] iter 6880/18808  loss=0.4528
    [train] iter 6900/18808  loss=0.6201
    [train] iter 6920/18808  loss=0.5015
    [train] iter 6940/18808  loss=0.6828
    [train] iter 6960/18808  loss=0.3880
    [train] iter 6980/18808  loss=0.4658
    [train] iter 7000/18808  loss=0.3662
    [train] iter 7020/18808  loss=0.4971
    [train] iter 7040/18808  loss=0.5724
    [train] iter 7060/18808  loss=0.2636
    [train] iter 7080/18808  loss=0.2385
    [train] iter 7100/18808  loss=0.3916
    [train] iter 7120/18808  loss=0.3430
    [train] iter 7140/18808  loss=0.2862
    [train] iter 7160/18808  loss=0.3964
    [train] iter 7180/18808  loss=0.6691
    [train] iter 7200/18808  loss=0.4936
    [train] iter 7220/18808  loss=0.6864
    [train] iter 7240/18808  loss=0.3947
    [train] iter 7260/18808  loss=0.2648
    [train] iter 7280/18808  loss=0.2872
    [train] iter 7300/18808  loss=0.4841
    [train] iter 7320/18808  loss=0.4088
    [train] iter 7340/18808  loss=0.4175
    [train] iter 7360/18808  loss=0.3474
    [train] iter 7380/18808  loss=0.6759
    [train] iter 7400/18808  loss=0.3485
    [train] iter 7420/18808  loss=0.4726
    [train] iter 7440/18808  loss=0.3979
    [train] iter 7460/18808  loss=0.4234
    [train] iter 7480/18808  loss=0.4075
    [train] iter 7500/18808  loss=0.6749
    [train] iter 7520/18808  loss=0.4477
    [train] iter 7540/18808  loss=0.3227
    [train] iter 7560/18808  loss=0.6403
    [train] iter 7580/18808  loss=0.3779
    [train] iter 7600/18808  loss=0.4402
    [train] iter 7620/18808  loss=0.2869
    [train] iter 7640/18808  loss=0.4146
    [train] iter 7660/18808  loss=0.1265
    [train] iter 7680/18808  loss=0.3114
    [train] iter 7700/18808  loss=0.4808
    [train] iter 7720/18808  loss=0.6368
    [train] iter 7740/18808  loss=0.4165
    [train] iter 7760/18808  loss=0.4112
    [train] iter 7780/18808  loss=0.3877
    [train] iter 7800/18808  loss=0.5081
    [train] iter 7820/18808  loss=0.5671
    [train] iter 7840/18808  loss=0.3778
    [train] iter 7860/18808  loss=0.2485
    [train] iter 7880/18808  loss=0.2904
    [train] iter 7900/18808  loss=0.5149
    [train] iter 7920/18808  loss=0.2007
    [train] iter 7940/18808  loss=0.3974
    [train] iter 7960/18808  loss=0.4833
    [train] iter 7980/18808  loss=0.3785
    [train] iter 8000/18808  loss=0.3028
    [train] iter 8020/18808  loss=0.1571
    [train] iter 8040/18808  loss=0.1661
    [train] iter 8060/18808  loss=0.5104
    [train] iter 8080/18808  loss=0.3838
    [train] iter 8100/18808  loss=0.4349
    [train] iter 8120/18808  loss=0.2596
    [train] iter 8140/18808  loss=0.6780
    [train] iter 8160/18808  loss=0.5712
    [train] iter 8180/18808  loss=0.5668
    [train] iter 8200/18808  loss=0.4149
    [train] iter 8220/18808  loss=0.4792
    [train] iter 8240/18808  loss=0.7901
    [train] iter 8260/18808  loss=0.5512
    [train] iter 8280/18808  loss=0.3556
    [train] iter 8300/18808  loss=0.2311
    [train] iter 8320/18808  loss=0.5887
    [train] iter 8340/18808  loss=0.4200
    [train] iter 8360/18808  loss=0.3164
    [train] iter 8380/18808  loss=0.3115
    [train] iter 8400/18808  loss=0.4096
    [train] iter 8420/18808  loss=0.3538
    [train] iter 8440/18808  loss=0.3703
    [train] iter 8460/18808  loss=0.1924
    [train] iter 8480/18808  loss=0.3868
    [train] iter 8500/18808  loss=0.1201
    [train] iter 8520/18808  loss=0.3944
    [train] iter 8540/18808  loss=0.4694
    [train] iter 8560/18808  loss=0.2038
    [train] iter 8580/18808  loss=0.4789
    [train] iter 8600/18808  loss=0.2899
    [train] iter 8620/18808  loss=0.3443
    [train] iter 8640/18808  loss=0.3412
    [train] iter 8660/18808  loss=0.3521
    [train] iter 8680/18808  loss=0.7159
    [train] iter 8700/18808  loss=0.6077
    [train] iter 8720/18808  loss=0.4445
    [train] iter 8740/18808  loss=0.3936
    [train] iter 8760/18808  loss=0.3081
    [train] iter 8780/18808  loss=0.4303
    [train] iter 8800/18808  loss=0.1960
    [train] iter 8820/18808  loss=0.3497
    [train] iter 8840/18808  loss=0.4150
    [train] iter 8860/18808  loss=0.3102
    [train] iter 8880/18808  loss=0.4503
    [train] iter 8900/18808  loss=0.2914
    [train] iter 8920/18808  loss=0.3732
    [train] iter 8940/18808  loss=0.2184
    [train] iter 8960/18808  loss=0.3982
    [train] iter 8980/18808  loss=0.3681
    [train] iter 9000/18808  loss=0.3718
    [train] iter 9020/18808  loss=0.4188
    [train] iter 9040/18808  loss=0.3302
    [train] iter 9060/18808  loss=0.3324
    [train] iter 9080/18808  loss=0.2801
    [train] iter 9100/18808  loss=0.3130
    [train] iter 9120/18808  loss=0.6962
    [train] iter 9140/18808  loss=0.4930
    [train] iter 9160/18808  loss=0.2611
    [train] iter 9180/18808  loss=0.3892
    [train] iter 9200/18808  loss=0.3656
    [train] iter 9220/18808  loss=0.3593
    [train] iter 9240/18808  loss=0.3857
    [train] iter 9260/18808  loss=0.3947
    [train] iter 9280/18808  loss=0.3038
    [train] iter 9300/18808  loss=0.4204
    [train] iter 9320/18808  loss=0.3540
    [train] iter 9340/18808  loss=0.6441
    [train] iter 9360/18808  loss=0.2808
    [train] iter 9380/18808  loss=0.3065
    [train] iter 9400/18808  loss=0.3280
    [train] iter 9420/18808  loss=0.4145
    [train] iter 9440/18808  loss=0.4148
    [train] iter 9460/18808  loss=0.6041
    [train] iter 9480/18808  loss=0.3234
    [train] iter 9500/18808  loss=0.4155
    [train] iter 9520/18808  loss=0.4785
    [train] iter 9540/18808  loss=0.6507
    [train] iter 9560/18808  loss=0.3372
    [train] iter 9580/18808  loss=0.5725
    [train] iter 9600/18808  loss=0.5517
    [train] iter 9620/18808  loss=0.4223
    [train] iter 9640/18808  loss=0.3520
    [train] iter 9660/18808  loss=0.3194
    [train] iter 9680/18808  loss=0.2633
    [train] iter 9700/18808  loss=0.4301
    [train] iter 9720/18808  loss=0.2217
    [train] iter 9740/18808  loss=0.2794
    [train] iter 9760/18808  loss=0.5305
    [train] iter 9780/18808  loss=0.4406
    [train] iter 9800/18808  loss=0.3178
    [train] iter 9820/18808  loss=0.3971
    [train] iter 9840/18808  loss=0.3602
    [train] iter 9860/18808  loss=0.3834
    [train] iter 9880/18808  loss=0.5278
    [train] iter 9900/18808  loss=0.2629
    [train] iter 9920/18808  loss=0.2444
    [train] iter 9940/18808  loss=0.2749
    [train] iter 9960/18808  loss=0.3397
    [train] iter 9980/18808  loss=0.3221
    [train] iter 10000/18808  loss=0.2151
    [train] iter 10020/18808  loss=0.4409
    [train] iter 10040/18808  loss=0.5634
    [train] iter 10060/18808  loss=0.3416
    [train] iter 10080/18808  loss=0.3489
    [train] iter 10100/18808  loss=0.4492
    [train] iter 10120/18808  loss=0.4006
    [train] iter 10140/18808  loss=0.2798
    [train] iter 10160/18808  loss=0.2124
    [train] iter 10180/18808  loss=0.5841
    [train] iter 10200/18808  loss=0.3027
    [train] iter 10220/18808  loss=0.2957
    [train] iter 10240/18808  loss=0.3702
    [train] iter 10260/18808  loss=0.3513
    [train] iter 10280/18808  loss=0.4770
    [train] iter 10300/18808  loss=0.2713
    [train] iter 10320/18808  loss=0.1856
    [train] iter 10340/18808  loss=0.5638
    [train] iter 10360/18808  loss=0.4970
    [train] iter 10380/18808  loss=0.3221
    [train] iter 10400/18808  loss=0.3626
    [train] iter 10420/18808  loss=0.3770
    [train] iter 10440/18808  loss=0.3815
    [train] iter 10460/18808  loss=0.4367
    [train] iter 10480/18808  loss=0.3874
    [train] iter 10500/18808  loss=0.5140
    [train] iter 10520/18808  loss=0.3401
    [train] iter 10540/18808  loss=0.2369
    [train] iter 10560/18808  loss=0.3986
    [train] iter 10580/18808  loss=0.4497
    [train] iter 10600/18808  loss=0.3110
    [train] iter 10620/18808  loss=0.4792
    [train] iter 10640/18808  loss=0.2234
    [train] iter 10660/18808  loss=0.3952
    [train] iter 10680/18808  loss=0.1410
    [train] iter 10700/18808  loss=0.2808
    [train] iter 10720/18808  loss=0.2924
    [train] iter 10740/18808  loss=0.4067
    [train] iter 10760/18808  loss=0.3781
    [train] iter 10780/18808  loss=0.6265
    [train] iter 10800/18808  loss=0.3898
    [train] iter 10820/18808  loss=0.5399
    [train] iter 10840/18808  loss=0.2067
    [train] iter 10860/18808  loss=0.2676
    [train] iter 10880/18808  loss=0.4250
    [train] iter 10900/18808  loss=0.8787
    [train] iter 10920/18808  loss=0.3903
    [train] iter 10940/18808  loss=0.3058
    [train] iter 10960/18808  loss=0.2704
    [train] iter 10980/18808  loss=0.6344
    [train] iter 11000/18808  loss=0.2802
    [train] iter 11020/18808  loss=0.2780
    [train] iter 11040/18808  loss=0.3711
    [train] iter 11060/18808  loss=0.4979
    [train] iter 11080/18808  loss=0.6713
    [train] iter 11100/18808  loss=0.3619
    [train] iter 11120/18808  loss=0.2747
    [train] iter 11140/18808  loss=0.4022
    [train] iter 11160/18808  loss=0.5581
    [train] iter 11180/18808  loss=0.3734
    [train] iter 11200/18808  loss=0.2366
    [train] iter 11220/18808  loss=0.4905
    [train] iter 11240/18808  loss=0.3868
    [train] iter 11260/18808  loss=0.1760
    [train] iter 11280/18808  loss=0.3940
    [train] iter 11300/18808  loss=0.1798
    [train] iter 11320/18808  loss=0.4636
    [train] iter 11340/18808  loss=0.4561
    [train] iter 11360/18808  loss=0.2810
    [train] iter 11380/18808  loss=0.2213
    [train] iter 11400/18808  loss=0.3913
    [train] iter 11420/18808  loss=0.2616
    [train] iter 11440/18808  loss=0.4163
    [train] iter 11460/18808  loss=0.3627
    [train] iter 11480/18808  loss=0.3742
    [train] iter 11500/18808  loss=0.3796
    [train] iter 11520/18808  loss=0.4608
    [train] iter 11540/18808  loss=0.3890
    [train] iter 11560/18808  loss=0.3920
    [train] iter 11580/18808  loss=0.4035
    [train] iter 11600/18808  loss=0.2193
    [train] iter 11620/18808  loss=0.4790
    [train] iter 11640/18808  loss=0.5059
    [train] iter 11660/18808  loss=0.2771
    [train] iter 11680/18808  loss=0.2551
    [train] iter 11700/18808  loss=0.2776
    [train] iter 11720/18808  loss=0.4033
    [train] iter 11740/18808  loss=0.4481
    [train] iter 11760/18808  loss=0.4377
    [train] iter 11780/18808  loss=0.3073
    [train] iter 11800/18808  loss=0.4572
    [train] iter 11820/18808  loss=0.2811
    [train] iter 11840/18808  loss=0.4100
    [train] iter 11860/18808  loss=0.5753
    [train] iter 11880/18808  loss=0.3447
    [train] iter 11900/18808  loss=0.6967
    [train] iter 11920/18808  loss=0.3685
    [train] iter 11940/18808  loss=0.3502
    [train] iter 11960/18808  loss=0.4871
    [train] iter 11980/18808  loss=0.2190
    [train] iter 12000/18808  loss=0.3768
    [train] iter 12020/18808  loss=0.3989
    [train] iter 12040/18808  loss=0.4863
    [train] iter 12060/18808  loss=0.4990
    [train] iter 12080/18808  loss=0.3329
    [train] iter 12100/18808  loss=0.2578
    [train] iter 12120/18808  loss=0.1417
    [train] iter 12140/18808  loss=0.6799
    [train] iter 12160/18808  loss=0.2801
    [train] iter 12180/18808  loss=0.3604
    [train] iter 12200/18808  loss=0.3631
    [train] iter 12220/18808  loss=0.3952
    [train] iter 12240/18808  loss=0.2554
    [train] iter 12260/18808  loss=0.3614
    [train] iter 12280/18808  loss=0.2877
    [train] iter 12300/18808  loss=0.2179
    [train] iter 12320/18808  loss=0.3815
    [train] iter 12340/18808  loss=0.4454
    [train] iter 12360/18808  loss=0.4067
    [train] iter 12380/18808  loss=0.5977
    [train] iter 12400/18808  loss=0.2869
    [train] iter 12420/18808  loss=0.4931
    [train] iter 12440/18808  loss=0.4112
    [train] iter 12460/18808  loss=0.5466
    [train] iter 12480/18808  loss=0.3699
    [train] iter 12500/18808  loss=0.5348
    [train] iter 12520/18808  loss=0.3280
    [train] iter 12540/18808  loss=0.4758
    [train] iter 12560/18808  loss=0.2913
    [train] iter 12580/18808  loss=0.4870
    [train] iter 12600/18808  loss=0.2026
    [train] iter 12620/18808  loss=0.2881
    [train] iter 12640/18808  loss=0.5011
    [train] iter 12660/18808  loss=0.3677
    [train] iter 12680/18808  loss=0.3176
    [train] iter 12700/18808  loss=0.3906
    [train] iter 12720/18808  loss=0.5570
    [train] iter 12740/18808  loss=0.2700
    [train] iter 12760/18808  loss=0.1659
    [train] iter 12780/18808  loss=0.4093
    [train] iter 12800/18808  loss=0.3365
    [train] iter 12820/18808  loss=0.4355
    [train] iter 12840/18808  loss=0.3721
    [train] iter 12860/18808  loss=0.2752
    [train] iter 12880/18808  loss=0.3230
    [train] iter 12900/18808  loss=0.3972
    [train] iter 12920/18808  loss=0.4892
    [train] iter 12940/18808  loss=0.4231
    [train] iter 12960/18808  loss=0.3606
    [train] iter 12980/18808  loss=0.2613
    [train] iter 13000/18808  loss=0.1950
    [train] iter 13020/18808  loss=0.3343
    [train] iter 13040/18808  loss=0.3883
    [train] iter 13060/18808  loss=0.4333
    [train] iter 13080/18808  loss=0.3833
    [train] iter 13100/18808  loss=0.2732
    [train] iter 13120/18808  loss=0.6094
    [train] iter 13140/18808  loss=0.7229
    [train] iter 13160/18808  loss=0.3950
    [train] iter 13180/18808  loss=0.3264
    [train] iter 13200/18808  loss=0.3771
    [train] iter 13220/18808  loss=0.6903
    [train] iter 13240/18808  loss=0.4710
    [train] iter 13260/18808  loss=0.3738
    [train] iter 13280/18808  loss=0.3237
    [train] iter 13300/18808  loss=0.2510
    [train] iter 13320/18808  loss=0.6742
    [train] iter 13340/18808  loss=0.3387
    [train] iter 13360/18808  loss=0.4507
    [train] iter 13380/18808  loss=0.5105
    [train] iter 13400/18808  loss=0.5110
    [train] iter 13420/18808  loss=0.3004
    [train] iter 13440/18808  loss=0.1503
    [train] iter 13460/18808  loss=0.2187
    [train] iter 13480/18808  loss=0.4606
    [train] iter 13500/18808  loss=0.3356
    [train] iter 13520/18808  loss=0.5330
    [train] iter 13540/18808  loss=0.4267
    [train] iter 13560/18808  loss=0.4977
    [train] iter 13580/18808  loss=0.2271
    [train] iter 13600/18808  loss=0.5157
    [train] iter 13620/18808  loss=0.4367
    [train] iter 13640/18808  loss=0.5615
    [train] iter 13660/18808  loss=0.1019
    [train] iter 13680/18808  loss=0.4317
    [train] iter 13700/18808  loss=0.2517
    [train] iter 13720/18808  loss=0.2907
    [train] iter 13740/18808  loss=0.4358
    [train] iter 13760/18808  loss=0.4688
    [train] iter 13780/18808  loss=0.3847
    [train] iter 13800/18808  loss=0.3954
    [train] iter 13820/18808  loss=0.4315
    [train] iter 13840/18808  loss=0.2405
    [train] iter 13860/18808  loss=0.3873
    [train] iter 13880/18808  loss=0.1980
    [train] iter 13900/18808  loss=0.4349
    [train] iter 13920/18808  loss=0.5419
    [train] iter 13940/18808  loss=0.8790
    [train] iter 13960/18808  loss=0.2859
    [train] iter 13980/18808  loss=0.4683
    [train] iter 14000/18808  loss=0.2119
    [train] iter 14020/18808  loss=0.3744
    [train] iter 14040/18808  loss=0.2469
    [train] iter 14060/18808  loss=0.4902
    [train] iter 14080/18808  loss=0.5860
    [train] iter 14100/18808  loss=0.3770
    [train] iter 14120/18808  loss=0.3418
    [train] iter 14140/18808  loss=0.3723
    [train] iter 14160/18808  loss=0.5531
    [train] iter 14180/18808  loss=0.4773
    [train] iter 14200/18808  loss=0.4083
    [train] iter 14220/18808  loss=0.3916
    [train] iter 14240/18808  loss=0.4561
    [train] iter 14260/18808  loss=0.2581
    [train] iter 14280/18808  loss=0.4611
    [train] iter 14300/18808  loss=0.4444
    [train] iter 14320/18808  loss=0.3940
    [train] iter 14340/18808  loss=0.3331
    [train] iter 14360/18808  loss=0.3741
    [train] iter 14380/18808  loss=0.3995
    [train] iter 14400/18808  loss=0.6772
    [train] iter 14420/18808  loss=0.4588
    [train] iter 14440/18808  loss=0.2365
    [train] iter 14460/18808  loss=0.4705
    [train] iter 14480/18808  loss=0.3031
    [train] iter 14500/18808  loss=0.6149
    [train] iter 14520/18808  loss=0.6369
    [train] iter 14540/18808  loss=0.1463
    [train] iter 14560/18808  loss=0.1661
    [train] iter 14580/18808  loss=0.3799
    [train] iter 14600/18808  loss=0.5095
    [train] iter 14620/18808  loss=0.4168
    [train] iter 14640/18808  loss=0.2450
    [train] iter 14660/18808  loss=0.2884
    [train] iter 14680/18808  loss=0.3281
    [train] iter 14700/18808  loss=0.3835
    [train] iter 14720/18808  loss=0.3092
    [train] iter 14740/18808  loss=0.2949
    [train] iter 14760/18808  loss=0.4296
    [train] iter 14780/18808  loss=0.2810
    [train] iter 14800/18808  loss=0.1799
    [train] iter 14820/18808  loss=0.5093
    [train] iter 14840/18808  loss=0.3587
    [train] iter 14860/18808  loss=0.3009
    [train] iter 14880/18808  loss=0.4791
    [train] iter 14900/18808  loss=0.4524
    [train] iter 14920/18808  loss=0.3475
    [train] iter 14940/18808  loss=0.2876
    [train] iter 14960/18808  loss=0.2500
    [train] iter 14980/18808  loss=0.5217
    [train] iter 15000/18808  loss=0.3698
    [train] iter 15020/18808  loss=0.2112
    [train] iter 15040/18808  loss=0.5201
    [train] iter 15060/18808  loss=0.2861
    [train] iter 15080/18808  loss=0.3407
    [train] iter 15100/18808  loss=0.2044
    [train] iter 15120/18808  loss=0.2542
    [train] iter 15140/18808  loss=0.5217
    [train] iter 15160/18808  loss=0.2344
    [train] iter 15180/18808  loss=0.3283
    [train] iter 15200/18808  loss=0.3743
    [train] iter 15220/18808  loss=0.3200
    [train] iter 15240/18808  loss=0.1901
    [train] iter 15260/18808  loss=0.2837
    [train] iter 15280/18808  loss=0.6188
    [train] iter 15300/18808  loss=0.3503
    [train] iter 15320/18808  loss=0.4338
    [train] iter 15340/18808  loss=0.3648
    [train] iter 15360/18808  loss=0.3809
    [train] iter 15380/18808  loss=0.3449
    [train] iter 15400/18808  loss=0.2306
    [train] iter 15420/18808  loss=0.4845
    [train] iter 15440/18808  loss=0.5207
    [train] iter 15460/18808  loss=0.3678
    [train] iter 15480/18808  loss=0.4167
    [train] iter 15500/18808  loss=0.3390
    [train] iter 15520/18808  loss=0.3640
    [train] iter 15540/18808  loss=nan
    [train] iter 15560/18808  loss=0.2889
    [train] iter 15580/18808  loss=0.2658
    [train] iter 15600/18808  loss=0.4980
    [train] iter 15620/18808  loss=0.3320
    [train] iter 15640/18808  loss=0.4055
    [train] iter 15660/18808  loss=0.3648
    [train] iter 15680/18808  loss=0.4941
    [train] iter 15700/18808  loss=0.2330
    [train] iter 15720/18808  loss=0.5561
    [train] iter 15740/18808  loss=0.5587
    [train] iter 15760/18808  loss=0.4107
    [train] iter 15780/18808  loss=0.4418
    [train] iter 15800/18808  loss=0.3950
    [train] iter 15820/18808  loss=0.4923
    [train] iter 15840/18808  loss=0.3327
    [train] iter 15860/18808  loss=0.4204
    [train] iter 15880/18808  loss=0.2782
    [train] iter 15900/18808  loss=0.3472
    [train] iter 15920/18808  loss=0.5490
    [train] iter 15940/18808  loss=0.2652
    [train] iter 15960/18808  loss=0.2623
    [train] iter 15980/18808  loss=0.4427
    [train] iter 16000/18808  loss=0.2387
    [train] iter 16020/18808  loss=0.3807
    [train] iter 16040/18808  loss=0.4101
    [train] iter 16060/18808  loss=0.5994
    [train] iter 16080/18808  loss=0.4054
    [train] iter 16100/18808  loss=0.3743
    [train] iter 16120/18808  loss=nan
    [train] iter 16140/18808  loss=nan
    [train] iter 16160/18808  loss=nan
    [train] iter 16180/18808  loss=nan
    [train] iter 16200/18808  loss=nan
    [train] iter 16220/18808  loss=nan
    [train] iter 16240/18808  loss=nan
    [train] iter 16260/18808  loss=nan
    [train] iter 16280/18808  loss=nan
    [train] iter 16300/18808  loss=nan
    [train] iter 16320/18808  loss=nan
    [train] iter 16340/18808  loss=nan
    [train] iter 16360/18808  loss=nan
    [train] iter 16380/18808  loss=nan
    [train] iter 16400/18808  loss=nan
    [train] iter 16420/18808  loss=nan
    [train] iter 16440/18808  loss=nan
    [train] iter 16460/18808  loss=nan
    [train] iter 16480/18808  loss=nan
    [train] iter 16500/18808  loss=nan
    [train] iter 16520/18808  loss=nan
    [train] iter 16540/18808  loss=nan
    [train] iter 16560/18808  loss=nan
    [train] iter 16580/18808  loss=nan
    [train] iter 16600/18808  loss=nan
    [train] iter 16620/18808  loss=nan
    [train] iter 16640/18808  loss=nan
    [train] iter 16660/18808  loss=nan
    [train] iter 16680/18808  loss=nan
    [train] iter 16700/18808  loss=nan
    [train] iter 16720/18808  loss=nan
    [train] iter 16740/18808  loss=nan
    [train] iter 16760/18808  loss=nan
    [train] iter 16780/18808  loss=nan
    [train] iter 16800/18808  loss=nan
    [train] iter 16820/18808  loss=nan
    [train] iter 16840/18808  loss=nan
    [train] iter 16860/18808  loss=nan
    [train] iter 16880/18808  loss=nan
    [train] iter 16900/18808  loss=nan
    [train] iter 16920/18808  loss=nan
    [train] iter 16940/18808  loss=nan
    [train] iter 16960/18808  loss=nan
    [train] iter 16980/18808  loss=nan
    [train] iter 17000/18808  loss=nan
    [train] iter 17020/18808  loss=nan
    [train] iter 17040/18808  loss=nan
    [train] iter 17060/18808  loss=nan
    [train] iter 17080/18808  loss=nan
    [train] iter 17100/18808  loss=nan
    [train] iter 17120/18808  loss=nan
    [train] iter 17140/18808  loss=nan
    [train] iter 17160/18808  loss=nan
    [train] iter 17180/18808  loss=nan
    [train] iter 17200/18808  loss=nan
    [train] iter 17220/18808  loss=nan
    [train] iter 17240/18808  loss=nan
    [train] iter 17260/18808  loss=nan
    [train] iter 17280/18808  loss=nan
    [train] iter 17300/18808  loss=nan
    [train] iter 17320/18808  loss=nan
    [train] iter 17340/18808  loss=nan
    [train] iter 17360/18808  loss=nan
    [train] iter 17380/18808  loss=nan
    [train] iter 17400/18808  loss=nan
    [train] iter 17420/18808  loss=nan
    [train] iter 17440/18808  loss=nan
    [train] iter 17460/18808  loss=nan
    [train] iter 17480/18808  loss=nan
    [train] iter 17500/18808  loss=nan
    [train] iter 17520/18808  loss=nan
    [train] iter 17540/18808  loss=nan
    [train] iter 17560/18808  loss=nan
    [train] iter 17580/18808  loss=nan
    [train] iter 17600/18808  loss=nan
    [train] iter 17620/18808  loss=nan
    [train] iter 17640/18808  loss=nan
    [train] iter 17660/18808  loss=nan
    [train] iter 17680/18808  loss=nan
    [train] iter 17700/18808  loss=nan
    [train] iter 17720/18808  loss=nan
    [train] iter 17740/18808  loss=nan
    [train] iter 17760/18808  loss=nan
    [train] iter 17780/18808  loss=nan
    [train] iter 17800/18808  loss=nan
    [train] iter 17820/18808  loss=nan
    [train] iter 17840/18808  loss=nan
    [train] iter 17860/18808  loss=nan
    [train] iter 17880/18808  loss=nan
    [train] iter 17900/18808  loss=nan
    [train] iter 17920/18808  loss=nan
    [train] iter 17940/18808  loss=nan
    [train] iter 17960/18808  loss=nan
    [train] iter 17980/18808  loss=nan
    [train] iter 18000/18808  loss=nan
    [train] iter 18020/18808  loss=nan
    [train] iter 18040/18808  loss=nan
    [train] iter 18060/18808  loss=nan
    [train] iter 18080/18808  loss=nan
    [train] iter 18100/18808  loss=nan
    [train] iter 18120/18808  loss=nan
    [train] iter 18140/18808  loss=nan
    [train] iter 18160/18808  loss=nan
    [train] iter 18180/18808  loss=nan
    [train] iter 18200/18808  loss=nan
    [train] iter 18220/18808  loss=nan
    [train] iter 18240/18808  loss=nan
    [train] iter 18260/18808  loss=nan
    [train] iter 18280/18808  loss=nan
    [train] iter 18300/18808  loss=nan
    [train] iter 18320/18808  loss=nan
    [train] iter 18340/18808  loss=nan
    [train] iter 18360/18808  loss=nan
    [train] iter 18380/18808  loss=nan
    [train] iter 18400/18808  loss=nan
    [train] iter 18420/18808  loss=nan
    [train] iter 18440/18808  loss=nan
    [train] iter 18460/18808  loss=nan
    [train] iter 18480/18808  loss=nan
    [train] iter 18500/18808  loss=nan
    [train] iter 18520/18808  loss=nan
    [train] iter 18540/18808  loss=nan
    [train] iter 18560/18808  loss=nan
    [train] iter 18580/18808  loss=nan
    [train] iter 18600/18808  loss=nan
    [train] iter 18620/18808  loss=nan
    [train] iter 18640/18808  loss=nan
    [train] iter 18660/18808  loss=nan
    [train] iter 18680/18808  loss=nan
    [train] iter 18700/18808  loss=nan
    [train] iter 18720/18808  loss=nan
    [train] iter 18740/18808  loss=nan
    [train] iter 18760/18808  loss=nan
    [train] iter 18780/18808  loss=nan
    [train] iter 18800/18808  loss=nan
  train_loss=nan  val_loss=nan  val_dice=0.1946
  [best] val_dice=0.1946 已保存

--- Epoch 2/100 (lr=1.00e-03) ---
    [train] iter 20/18808  loss=nan
    [train] iter 40/18808  loss=nan
    [train] iter 60/18808  loss=nan
    [train] iter 80/18808  loss=nan
    [train] iter 100/18808  loss=nan
    [train] iter 120/18808  loss=nan
    [train] iter 140/18808  loss=nan
    [train] iter 160/18808  loss=nan
    [train] iter 180/18808  loss=nan
    [train] iter 200/18808  loss=nan
    [train] iter 220/18808  loss=nan
    [train] iter 240/18808  loss=nan
    [train] iter 260/18808  loss=nan
    [train] iter 280/18808  loss=nan
    [train] iter 300/18808  loss=nan
    [train] iter 320/18808  loss=nan
    [train] iter 340/18808  loss=nan
    [train] iter 360/18808  loss=nan
    [train] iter 380/18808  loss=nan
    [train] iter 400/18808  loss=nan
    [train] iter 420/18808  loss=nan
    [train] iter 440/18808  loss=nan
    [train] iter 460/18808  loss=nan
    [train] iter 480/18808  loss=nan
    [train] iter 500/18808  loss=nan
    [train] iter 520/18808  loss=nan
    [train] iter 540/18808  loss=nan
    [train] iter 560/18808  loss=nan
    [train] iter 580/18808  loss=nan
    [train] iter 600/18808  loss=nan
    [train] iter 620/18808  loss=nan
    [train] iter 640/18808  loss=nan
    [train] iter 660/18808  loss=nan
    [train] iter 680/18808  loss=nan
    [train] iter 700/18808  loss=nan
    [train] iter 720/18808  loss=nan
    [train] iter 740/18808  loss=nan
    [train] iter 760/18808  loss=nan
    [train] iter 780/18808  loss=nan
    [train] iter 800/18808  loss=nan
    [train] iter 820/18808  loss=nan
    [train] iter 840/18808  loss=nan
    [train] iter 860/18808  loss=nan
    [train] iter 880/18808  loss=nan
    [train] iter 900/18808  loss=nan
    [train] iter 920/18808  loss=nan
    [train] iter 940/18808  loss=nan
    [train] iter 960/18808  loss=nan
    [train] iter 980/18808  loss=nan
    [train] iter 1000/18808  loss=nan
    [train] iter 1020/18808  loss=nan
    [train] iter 1040/18808  loss=nan
    [train] iter 1060/18808  loss=nan
    [train] iter 1080/18808  loss=nan
    [train] iter 1100/18808  loss=nan
    [train] iter 1120/18808  loss=nan
    [train] iter 1140/18808  loss=nan
    [train] iter 1160/18808  loss=nan
    [train] iter 1180/18808  loss=nan
    [train] iter 1200/18808  loss=nan
    [train] iter 1220/18808  loss=nan
    [train] iter 1240/18808  loss=nan
    [train] iter 1260/18808  loss=nan
    [train] iter 1280/18808  loss=nan
    [train] iter 1300/18808  loss=nan
    [train] iter 1320/18808  loss=nan
    [train] iter 1340/18808  loss=nan
    [train] iter 1360/18808  loss=nan
    [train] iter 1380/18808  loss=nan
    [train] iter 1400/18808  loss=nan
    [train] iter 1420/18808  loss=nan
    [train] iter 1440/18808  loss=nan
    [train] iter 1460/18808  loss=nan
    [train] iter 1480/18808  loss=nan
    [train] iter 1500/18808  loss=nan
    [train] iter 1520/18808  loss=nan
    [train] iter 1540/18808  loss=nan
    [train] iter 1560/18808  loss=nan
    [train] iter 1580/18808  loss=nan
    [train] iter 1600/18808  loss=nan
    [train] iter 1620/18808  loss=nan
    [train] iter 1640/18808  loss=nan
    [train] iter 1660/18808  loss=nan
    [train] iter 1680/18808  loss=nan
    [train] iter 1700/18808  loss=nan
    [train] iter 1720/18808  loss=nan
    [train] iter 1740/18808  loss=nan
    [train] iter 1760/18808  loss=nan
    [train] iter 1780/18808  loss=nan
    [train] iter 1800/18808  loss=nan
    [train] iter 1820/18808  loss=nan
    [train] iter 1840/18808  loss=nan
    [train] iter 1860/18808  loss=nan
    [train] iter 1880/18808  loss=nan
    [train] iter 1900/18808  loss=nan
    [train] iter 1920/18808  loss=nan
    [train] iter 1940/18808  loss=nan
    [train] iter 1960/18808  loss=nan
    [train] iter 1980/18808  loss=nan
    [train] iter 2000/18808  loss=nan
    [train] iter 2020/18808  loss=nan
    [train] iter 2040/18808  loss=nan
    [train] iter 2060/18808  loss=nan
    [train] iter 2080/18808  loss=nan
    [train] iter 2100/18808  loss=nan
    [train] iter 2120/18808  loss=nan
    [train] iter 2140/18808  loss=nan
    [train] iter 2160/18808  loss=nan
    [train] iter 2180/18808  loss=nan
    [train] iter 2200/18808  loss=nan
    [train] iter 2220/18808  loss=nan
    [train] iter 2240/18808  loss=nan
    [train] iter 2260/18808  loss=nan
    [train] iter 2280/18808  loss=nan
    [train] iter 2300/18808  loss=nan
    [train] iter 2320/18808  loss=nan
    [train] iter 2340/18808  loss=nan
    [train] iter 2360/18808  loss=nan
    [train] iter 2380/18808  loss=nan
    [train] iter 2400/18808  loss=nan
    [train] iter 2420/18808  loss=nan
    [train] iter 2440/18808  loss=nan
    [train] iter 2460/18808  loss=nan
    [train] iter 2480/18808  loss=nan
    [train] iter 2500/18808  loss=nan
    [train] iter 2520/18808  loss=nan
    [train] iter 2540/18808  loss=nan
    [train] iter 2560/18808  loss=nan
    [train] iter 2580/18808  loss=nan
    [train] iter 2600/18808  loss=nan
    [train] iter 2620/18808  loss=nan
    [train] iter 2640/18808  loss=nan
    [train] iter 2660/18808  loss=nan
    [train] iter 2680/18808  loss=nan
    [train] iter 2700/18808  loss=nan
    [train] iter 2720/18808  loss=nan
    [train] iter 2740/18808  loss=nan
    [train] iter 2760/18808  loss=nan
    [train] iter 2780/18808  loss=nan
    [train] iter 2800/18808  loss=nan
    [train] iter 2820/18808  loss=nan
    [train] iter 2840/18808  loss=nan
    [train] iter 2860/18808  loss=nan
    [train] iter 2880/18808  loss=nan
    [train] iter 2900/18808  loss=nan
    [train] iter 2920/18808  loss=nan
    [train] iter 2940/18808  loss=nan
    [train] iter 2960/18808  loss=nan
    [train] iter 2980/18808  loss=nan
    [train] iter 3000/18808  loss=nan
    [train] iter 3020/18808  loss=nan
    [train] iter 3040/18808  loss=nan
    [train] iter 3060/18808  loss=nan
    [train] iter 3080/18808  loss=nan
    [train] iter 3100/18808  loss=nan
    [train] iter 3120/18808  loss=nan
    [train] iter 3140/18808  loss=nan
    [train] iter 3160/18808  loss=nan
    [train] iter 3180/18808  loss=nan
    [train] iter 3200/18808  loss=nan
    [train] iter 3220/18808  loss=nan
    [train] iter 3240/18808  loss=nan
    [train] iter 3260/18808  loss=nan
    [train] iter 3280/18808  loss=nan
    [train] iter 3300/18808  loss=nan
    [train] iter 3320/18808  loss=nan
    [train] iter 3340/18808  loss=nan
    [train] iter 3360/18808  loss=nan
    [train] iter 3380/18808  loss=nan
    [train] iter 3400/18808  loss=nan
    [train] iter 3420/18808  loss=nan
    [train] iter 3440/18808  loss=nan
    [train] iter 3460/18808  loss=nan
    [train] iter 3480/18808  loss=nan
    [train] iter 3500/18808  loss=nan
    [train] iter 3520/18808  loss=nan
    [train] iter 3540/18808  loss=nan
    [train] iter 3560/18808  loss=nan
    [train] iter 3580/18808  loss=nan
    [train] iter 3600/18808  loss=nan
    [train] iter 3620/18808  loss=nan
    [train] iter 3640/18808  loss=nan
    [train] iter 3660/18808  loss=nan
    [train] iter 3680/18808  loss=nan
    [train] iter 3700/18808  loss=nan
    [train] iter 3720/18808  loss=nan
    [train] iter 3740/18808  loss=nan
    [train] iter 3760/18808  loss=nan
    [train] iter 3780/18808  loss=nan
    [train] iter 3800/18808  loss=nan
    [train] iter 3820/18808  loss=nan
    [train] iter 3840/18808  loss=nan
    [train] iter 3860/18808  loss=nan
    [train] iter 3880/18808  loss=nan
    [train] iter 3900/18808  loss=nan
    [train] iter 3920/18808  loss=nan
    [train] iter 3940/18808  loss=nan
    [train] iter 3960/18808  loss=nan
    [train] iter 3980/18808  loss=nan
    [train] iter 4000/18808  loss=nan
    [train] iter 4020/18808  loss=nan
    [train] iter 4040/18808  loss=nan
    [train] iter 4060/18808  loss=nan
    [train] iter 4080/18808  loss=nan
    [train] iter 4100/18808  loss=nan
    [train] iter 4120/18808  loss=nan
    [train] iter 4140/18808  loss=nan
    [train] iter 4160/18808  loss=nan
    [train] iter 4180/18808  loss=nan
    [train] iter 4200/18808  loss=nan
    [train] iter 4220/18808  loss=nan
    [train] iter 4240/18808  loss=nan
    [train] iter 4260/18808  loss=nan
    [train] iter 4280/18808  loss=nan
    [train] iter 4300/18808  loss=nan
    [train] iter 4320/18808  loss=nan
    [train] iter 4340/18808  loss=nan
    [train] iter 4360/18808  loss=nan
    [train] iter 4380/18808  loss=nan
    [train] iter 4400/18808  loss=nan
    [train] iter 4420/18808  loss=nan
    [train] iter 4440/18808  loss=nan
    [train] iter 4460/18808  loss=nan
    [train] iter 4480/18808  loss=nan
    [train] iter 4500/18808  loss=nan
    [train] iter 4520/18808  loss=nan
    [train] iter 4540/18808  loss=nan
    [train] iter 4560/18808  loss=nan
    [train] iter 4580/18808  loss=nan
    [train] iter 4600/18808  loss=nan
    [train] iter 4620/18808  loss=nan
    [train] iter 4640/18808  loss=nan
    [train] iter 4660/18808  loss=nan
    [train] iter 4680/18808  loss=nan
    [train] iter 4700/18808  loss=nan
    [train] iter 4720/18808  loss=nan
    [train] iter 4740/18808  loss=nan
    [train] iter 4760/18808  loss=nan
    [train] iter 4780/18808  loss=nan
    [train] iter 4800/18808  loss=nan
    [train] iter 4820/18808  loss=nan
    [train] iter 4840/18808  loss=nan
    [train] iter 4860/18808  loss=nan
    [train] iter 4880/18808  loss=nan
    [train] iter 4900/18808  loss=nan
    [train] iter 4920/18808  loss=nan
    [train] iter 4940/18808  loss=nan
    [train] iter 4960/18808  loss=nan
    [train] iter 4980/18808  loss=nan
    [train] iter 5000/18808  loss=nan
    [train] iter 5020/18808  loss=nan
    [train] iter 5040/18808  loss=nan
    [train] iter 5060/18808  loss=nan
    [train] iter 5080/18808  loss=nan
    [train] iter 5100/18808  loss=nan
    [train] iter 5120/18808  loss=nan
    [train] iter 5140/18808  loss=nan
    [train] iter 5160/18808  loss=nan
    [train] iter 5180/18808  loss=nan
    [train] iter 5200/18808  loss=nan
    [train] iter 5220/18808  loss=nan
    [train] iter 5240/18808  loss=nan
    [train] iter 5260/18808  loss=nan
    [train] iter 5280/18808  loss=nan
    [train] iter 5300/18808  loss=nan
    [train] iter 5320/18808  loss=nan
    [train] iter 5340/18808  loss=nan
    [train] iter 5360/18808  loss=nan
    [train] iter 5380/18808  loss=nan
    [train] iter 5400/18808  loss=nan
    [train] iter 5420/18808  loss=nan
    [train] iter 5440/18808  loss=nan
    [train] iter 5460/18808  loss=nan
    [train] iter 5480/18808  loss=nan
    [train] iter 5500/18808  loss=nan
    [train] iter 5520/18808  loss=nan
    [train] iter 5540/18808  loss=nan
    [train] iter 5560/18808  loss=nan
    [train] iter 5580/18808  loss=nan
    [train] iter 5600/18808  loss=nan
    [train] iter 5620/18808  loss=nan
    [train] iter 5640/18808  loss=nan
    [train] iter 5660/18808  loss=nan
    [train] iter 5680/18808  loss=nan
    [train] iter 5700/18808  loss=nan
    [train] iter 5720/18808  loss=nan
    [train] iter 5740/18808  loss=nan
    [train] iter 5760/18808  loss=nan
    [train] iter 5780/18808  loss=nan
    [train] iter 5800/18808  loss=nan
    [train] iter 5820/18808  loss=nan
    [train] iter 5840/18808  loss=nan
    [train] iter 5860/18808  loss=nan
    [train] iter 5880/18808  loss=nan
    [train] iter 5900/18808  loss=nan
    [train] iter 5920/18808  loss=nan
    [train] iter 5940/18808  loss=nan
    [train] iter 5960/18808  loss=nan
    [train] iter 5980/18808  loss=nan
    [train] iter 6000/18808  loss=nan
    [train] iter 6020/18808  loss=nan
    [train] iter 6040/18808  loss=nan
    [train] iter 6060/18808  loss=nan
    [train] iter 6080/18808  loss=nan
    [train] iter 6100/18808  loss=nan
    [train] iter 6120/18808  loss=nan
    [train] iter 6140/18808  loss=nan
    [train] iter 6160/18808  loss=nan
    [train] iter 6180/18808  loss=nan
    [train] iter 6200/18808  loss=nan
    [train] iter 6220/18808  loss=nan
    [train] iter 6240/18808  loss=nan
    [train] iter 6260/18808  loss=nan
    [train] iter 6280/18808  loss=nan
    [train] iter 6300/18808  loss=nan
    [train] iter 6320/18808  loss=nan
    [train] iter 6340/18808  loss=nan
    [train] iter 6360/18808  loss=nan
    [train] iter 6380/18808  loss=nan
    [train] iter 6400/18808  loss=nan
    [train] iter 6420/18808  loss=nan
    [train] iter 6440/18808  loss=nan
    [train] iter 6460/18808  loss=nan
    [train] iter 6480/18808  loss=nan
    [train] iter 6500/18808  loss=nan
    [train] iter 6520/18808  loss=nan
    [train] iter 6540/18808  loss=nan
    [train] iter 6560/18808  loss=nan
    [train] iter 6580/18808  loss=nan
    [train] iter 6600/18808  loss=nan
    [train] iter 6620/18808  loss=nan
    [train] iter 6640/18808  loss=nan
    [train] iter 6660/18808  loss=nan
    [train] iter 6680/18808  loss=nan
    [train] iter 6700/18808  loss=nan
    [train] iter 6720/18808  loss=nan
    [train] iter 6740/18808  loss=nan
    [train] iter 6760/18808  loss=nan
    [train] iter 6780/18808  loss=nan
    [train] iter 6800/18808  loss=nan
    [train] iter 6820/18808  loss=nan
    [train] iter 6840/18808  loss=nan
    [train] iter 6860/18808  loss=nan
    [train] iter 6880/18808  loss=nan
    [train] iter 6900/18808  loss=nan
    [train] iter 6920/18808  loss=nan
    [train] iter 6940/18808  loss=nan
    [train] iter 6960/18808  loss=nan
    [train] iter 6980/18808  loss=nan
    [train] iter 7000/18808  loss=nan
    [train] iter 7020/18808  loss=nan
    [train] iter 7040/18808  loss=nan
    [train] iter 7060/18808  loss=nan
    [train] iter 7080/18808  loss=nan
    [train] iter 7100/18808  loss=nan
    [train] iter 7120/18808  loss=nan
    [train] iter 7140/18808  loss=nan
    [train] iter 7160/18808  loss=nan
    [train] iter 7180/18808  loss=nan
    [train] iter 7200/18808  loss=nan
    [train] iter 7220/18808  loss=nan
    [train] iter 7240/18808  loss=nan
    [train] iter 7260/18808  loss=nan
    [train] iter 7280/18808  loss=nan
    [train] iter 7300/18808  loss=nan
    [train] iter 7320/18808  loss=nan
    [train] iter 7340/18808  loss=nan
    [train] iter 7360/18808  loss=nan
    [train] iter 7380/18808  loss=nan
    [train] iter 7400/18808  loss=nan
    [train] iter 7420/18808  loss=nan
    [train] iter 7440/18808  loss=nan
    [train] iter 7460/18808  loss=nan
    [train] iter 7480/18808  loss=nan
    [train] iter 7500/18808  loss=nan
    [train] iter 7520/18808  loss=nan
    [train] iter 7540/18808  loss=nan
    [train] iter 7560/18808  loss=nan
    [train] iter 7580/18808  loss=nan
    [train] iter 7600/18808  loss=nan
    [train] iter 7620/18808  loss=nan
    [train] iter 7640/18808  loss=nan
    [train] iter 7660/18808  loss=nan
    [train] iter 7680/18808  loss=nan
    [train] iter 7700/18808  loss=nan
    [train] iter 7720/18808  loss=nan
    [train] iter 7740/18808  loss=nan
    [train] iter 7760/18808  loss=nan
    [train] iter 7780/18808  loss=nan
    [train] iter 7800/18808  loss=nan
    [train] iter 7820/18808  loss=nan
    [train] iter 7840/18808  loss=nan
    [train] iter 7860/18808  loss=nan
    [train] iter 7880/18808  loss=nan
    [train] iter 7900/18808  loss=nan
    [train] iter 7920/18808  loss=nan
    [train] iter 7940/18808  loss=nan
    [train] iter 7960/18808  loss=nan
    [train] iter 7980/18808  loss=nan
    [train] iter 8000/18808  loss=nan
    [train] iter 8020/18808  loss=nan
    [train] iter 8040/18808  loss=nan
    [train] iter 8060/18808  loss=nan
    [train] iter 8080/18808  loss=nan
    [train] iter 8100/18808  loss=nan
    [train] iter 8120/18808  loss=nan
    [train] iter 8140/18808  loss=nan
    [train] iter 8160/18808  loss=nan
    [train] iter 8180/18808  loss=nan
    [train] iter 8200/18808  loss=nan
    [train] iter 8220/18808  loss=nan
    [train] iter 8240/18808  loss=nan
    [train] iter 8260/18808  loss=nan
    [train] iter 8280/18808  loss=nan
    [train] iter 8300/18808  loss=nan
    [train] iter 8320/18808  loss=nan
    [train] iter 8340/18808  loss=nan
    [train] iter 8360/18808  loss=nan
    [train] iter 8380/18808  loss=nan
    [train] iter 8400/18808  loss=nan
    [train] iter 8420/18808  loss=nan
    [train] iter 8440/18808  loss=nan
    [train] iter 8460/18808  loss=nan
    [train] iter 8480/18808  loss=nan
    [train] iter 8500/18808  loss=nan
    [train] iter 8520/18808  loss=nan
    [train] iter 8540/18808  loss=nan
    [train] iter 8560/18808  loss=nan
    [train] iter 8580/18808  loss=nan
    [train] iter 8600/18808  loss=nan
    [train] iter 8620/18808  loss=nan
    [train] iter 8640/18808  loss=nan
    [train] iter 8660/18808  loss=nan
    [train] iter 8680/18808  loss=nan
    [train] iter 8700/18808  loss=nan
    [train] iter 8720/18808  loss=nan
    [train] iter 8740/18808  loss=nan
    [train] iter 8760/18808  loss=nan
    [train] iter 8780/18808  loss=nan
    [train] iter 8800/18808  loss=nan
    [train] iter 8820/18808  loss=nan
    [train] iter 8840/18808  loss=nan
    [train] iter 8860/18808  loss=nan
    [train] iter 8880/18808  loss=nan
    [train] iter 8900/18808  loss=nan
    [train] iter 8920/18808  loss=nan
    [train] iter 8940/18808  loss=nan
    [train] iter 8960/18808  loss=nan
    [train] iter 8980/18808  loss=nan
    [train] iter 9000/18808  loss=nan
    [train] iter 9020/18808  loss=nan
    [train] iter 9040/18808  loss=nan
    [train] iter 9060/18808  loss=nan
    [train] iter 9080/18808  loss=nan
    [train] iter 9100/18808  loss=nan
    [train] iter 9120/18808  loss=nan
    [train] iter 9140/18808  loss=nan
    [train] iter 9160/18808  loss=nan
    [train] iter 9180/18808  loss=nan
    [train] iter 9200/18808  loss=nan
    [train] iter 9220/18808  loss=nan
    [train] iter 9240/18808  loss=nan
    [train] iter 9260/18808  loss=nan
    [train] iter 9280/18808  loss=nan
    [train] iter 9300/18808  loss=nan
    [train] iter 9320/18808  loss=nan
    [train] iter 9340/18808  loss=nan
    [train] iter 9360/18808  loss=nan
    [train] iter 9380/18808  loss=nan
    [train] iter 9400/18808  loss=nan
    [train] iter 9420/18808  loss=nan
    [train] iter 9440/18808  loss=nan
    [train] iter 9460/18808  loss=nan
    [train] iter 9480/18808  loss=nan
    [train] iter 9500/18808  loss=nan
    [train] iter 9520/18808  loss=nan
    [train] iter 9540/18808  loss=nan
    [train] iter 9560/18808  loss=nan
    [train] iter 9580/18808  loss=nan
    [train] iter 9600/18808  loss=nan
    [train] iter 9620/18808  loss=nan
    [train] iter 9640/18808  loss=nan
    [train] iter 9660/18808  loss=nan
    [train] iter 9680/18808  loss=nan
    [train] iter 9700/18808  loss=nan
    [train] iter 9720/18808  loss=nan
    [train] iter 9740/18808  loss=nan
    [train] iter 9760/18808  loss=nan
    [train] iter 9780/18808  loss=nan
    [train] iter 9800/18808  loss=nan
    [train] iter 9820/18808  loss=nan
    [train] iter 9840/18808  loss=nan
    [train] iter 9860/18808  loss=nan
    [train] iter 9880/18808  loss=nan
    [train] iter 9900/18808  loss=nan
    [train] iter 9920/18808  loss=nan
    [train] iter 9940/18808  loss=nan
    [train] iter 9960/18808  loss=nan
    [train] iter 9980/18808  loss=nan
    [train] iter 10000/18808  loss=nan
    [train] iter 10020/18808  loss=nan
    [train] iter 10040/18808  loss=nan
    [train] iter 10060/18808  loss=nan
    [train] iter 10080/18808  loss=nan
    [train] iter 10100/18808  loss=nan
    [train] iter 10120/18808  loss=nan
    [train] iter 10140/18808  loss=nan
    [train] iter 10160/18808  loss=nan
    [train] iter 10180/18808  loss=nan
    [train] iter 10200/18808  loss=nan
    [train] iter 10220/18808  loss=nan
    [train] iter 10240/18808  loss=nan
    [train] iter 10260/18808  loss=nan
    [train] iter 10280/18808  loss=nan
    [train] iter 10300/18808  loss=nan
    [train] iter 10320/18808  loss=nan
    [train] iter 10340/18808  loss=nan
    [train] iter 10360/18808  loss=nan
    [train] iter 10380/18808  loss=nan
    [train] iter 10400/18808  loss=nan
    [train] iter 10420/18808  loss=nan
    [train] iter 10440/18808  loss=nan
    [train] iter 10460/18808  loss=nan
    [train] iter 10480/18808  loss=nan
    [train] iter 10500/18808  loss=nan
    [train] iter 10520/18808  loss=nan
    [train] iter 10540/18808  loss=nan
    [train] iter 10560/18808  loss=nan
    [train] iter 10580/18808  loss=nan
    [train] iter 10600/18808  loss=nan
    [train] iter 10620/18808  loss=nan
    [train] iter 10640/18808  loss=nan
    [train] iter 10660/18808  loss=nan
    [train] iter 10680/18808  loss=nan
    [train] iter 10700/18808  loss=nan
    [train] iter 10720/18808  loss=nan
    [train] iter 10740/18808  loss=nan
    [train] iter 10760/18808  loss=nan
    [train] iter 10780/18808  loss=nan
    [train] iter 10800/18808  loss=nan
    [train] iter 10820/18808  loss=nan
    [train] iter 10840/18808  loss=nan
    [train] iter 10860/18808  loss=nan
    [train] iter 10880/18808  loss=nan
    [train] iter 10900/18808  loss=nan
    [train] iter 10920/18808  loss=nan
    [train] iter 10940/18808  loss=nan
    [train] iter 10960/18808  loss=nan
    [train] iter 10980/18808  loss=nan
    [train] iter 11000/18808  loss=nan
    [train] iter 11020/18808  loss=nan
    [train] iter 11040/18808  loss=nan
    [train] iter 11060/18808  loss=nan
    [train] iter 11080/18808  loss=nan
    [train] iter 11100/18808  loss=nan
    [train] iter 11120/18808  loss=nan
    [train] iter 11140/18808  loss=nan
    [train] iter 11160/18808  loss=nan
    [train] iter 11180/18808  loss=nan
    [train] iter 11200/18808  loss=nan
    [train] iter 11220/18808  loss=nan
    [train] iter 11240/18808  loss=nan
    [train] iter 11260/18808  loss=nan
    [train] iter 11280/18808  loss=nan
    [train] iter 11300/18808  loss=nan
    [train] iter 11320/18808  loss=nan
    [train] iter 11340/18808  loss=nan
    [train] iter 11360/18808  loss=nan
    [train] iter 11380/18808  loss=nan
    [train] iter 11400/18808  loss=nan
    [train] iter 11420/18808  loss=nan
    [train] iter 11440/18808  loss=nan
    [train] iter 11460/18808  loss=nan
    [train] iter 11480/18808  loss=nan
    [train] iter 11500/18808  loss=nan
    [train] iter 11520/18808  loss=nan
    [train] iter 11540/18808  loss=nan
    [train] iter 11560/18808  loss=nan
    [train] iter 11580/18808  loss=nan
    [train] iter 11600/18808  loss=nan
    [train] iter 11620/18808  loss=nan
    [train] iter 11640/18808  loss=nan
    [train] iter 11660/18808  loss=nan
    [train] iter 11680/18808  loss=nan
    [train] iter 11700/18808  loss=nan
    [train] iter 11720/18808  loss=nan
    [train] iter 11740/18808  loss=nan
    [train] iter 11760/18808  loss=nan
    [train] iter 11780/18808  loss=nan
    [train] iter 11800/18808  loss=nan
    [train] iter 11820/18808  loss=nan
    [train] iter 11840/18808  loss=nan
    [train] iter 11860/18808  loss=nan
    [train] iter 11880/18808  loss=nan
    [train] iter 11900/18808  loss=nan
    [train] iter 11920/18808  loss=nan
    [train] iter 11940/18808  loss=nan
    [train] iter 11960/18808  loss=nan
    [train] iter 11980/18808  loss=nan
    [train] iter 12000/18808  loss=nan
    [train] iter 12020/18808  loss=nan
    [train] iter 12040/18808  loss=nan
    [train] iter 12060/18808  loss=nan
    [train] iter 12080/18808  loss=nan
    [train] iter 12100/18808  loss=nan
    [train] iter 12120/18808  loss=nan
    [train] iter 12140/18808  loss=nan
    [train] iter 12160/18808  loss=nan
    [train] iter 12180/18808  loss=nan
    [train] iter 12200/18808  loss=nan
    [train] iter 12220/18808  loss=nan
    [train] iter 12240/18808  loss=nan
    [train] iter 12260/18808  loss=nan
    [train] iter 12280/18808  loss=nan
    [train] iter 12300/18808  loss=nan
    [train] iter 12320/18808  loss=nan
    [train] iter 12340/18808  loss=nan
    [train] iter 12360/18808  loss=nan
    [train] iter 12380/18808  loss=nan
    [train] iter 12400/18808  loss=nan
    [train] iter 12420/18808  loss=nan
    [train] iter 12440/18808  loss=nan
    [train] iter 12460/18808  loss=nan
    [train] iter 12480/18808  loss=nan
    [train] iter 12500/18808  loss=nan
    [train] iter 12520/18808  loss=nan
    [train] iter 12540/18808  loss=nan
    [train] iter 12560/18808  loss=nan
    [train] iter 12580/18808  loss=nan
    [train] iter 12600/18808  loss=nan
    [train] iter 12620/18808  loss=nan
    [train] iter 12640/18808  loss=nan
    [train] iter 12660/18808  loss=nan
    [train] iter 12680/18808  loss=nan
    [train] iter 12700/18808  loss=nan
    [train] iter 12720/18808  loss=nan
    [train] iter 12740/18808  loss=nan
    [train] iter 12760/18808  loss=nan
    [train] iter 12780/18808  loss=nan
    [train] iter 12800/18808  loss=nan
    [train] iter 12820/18808  loss=nan
    [train] iter 12840/18808  loss=nan
    [train] iter 12860/18808  loss=nan
    [train] iter 12880/18808  loss=nan
    [train] iter 12900/18808  loss=nan
    [train] iter 12920/18808  loss=nan
    [train] iter 12940/18808  loss=nan
    [train] iter 12960/18808  loss=nan
    [train] iter 12980/18808  loss=nan
    [train] iter 13000/18808  loss=nan
    [train] iter 13020/18808  loss=nan
    [train] iter 13040/18808  loss=nan
    [train] iter 13060/18808  loss=nan
    [train] iter 13080/18808  loss=nan
    [train] iter 13100/18808  loss=nan
    [train] iter 13120/18808  loss=nan
    [train] iter 13140/18808  loss=nan
    [train] iter 13160/18808  loss=nan
    [train] iter 13180/18808  loss=nan
    [train] iter 13200/18808  loss=nan
    [train] iter 13220/18808  loss=nan
    [train] iter 13240/18808  loss=nan
    [train] iter 13260/18808  loss=nan
    [train] iter 13280/18808  loss=nan
    [train] iter 13300/18808  loss=nan
    [train] iter 13320/18808  loss=nan
    [train] iter 13340/18808  loss=nan
    [train] iter 13360/18808  loss=nan
    [train] iter 13380/18808  loss=nan
    [train] iter 13400/18808  loss=nan
    [train] iter 13420/18808  loss=nan
    [train] iter 13440/18808  loss=nan
    [train] iter 13460/18808  loss=nan
    [train] iter 13480/18808  loss=nan
    [train] iter 13500/18808  loss=nan
    [train] iter 13520/18808  loss=nan
    [train] iter 13540/18808  loss=nan
    [train] iter 13560/18808  loss=nan
    [train] iter 13580/18808  loss=nan
    [train] iter 13600/18808  loss=nan
    [train] iter 13620/18808  loss=nan
    [train] iter 13640/18808  loss=nan
    [train] iter 13660/18808  loss=nan
    [train] iter 13680/18808  loss=nan
    [train] iter 13700/18808  loss=nan
    [train] iter 13720/18808  loss=nan
    [train] iter 13740/18808  loss=nan
    [train] iter 13760/18808  loss=nan
    [train] iter 13780/18808  loss=nan
    [train] iter 13800/18808  loss=nan
    [train] iter 13820/18808  loss=nan
    [train] iter 13840/18808  loss=nan
    [train] iter 13860/18808  loss=nan
    [train] iter 13880/18808  loss=nan
    [train] iter 13900/18808  loss=nan
    [train] iter 13920/18808  loss=nan
    [train] iter 13940/18808  loss=nan
    [train] iter 13960/18808  loss=nan
    [train] iter 13980/18808  loss=nan
    [train] iter 14000/18808  loss=nan
    [train] iter 14020/18808  loss=nan
    [train] iter 14040/18808  loss=nan
    [train] iter 14060/18808  loss=nan
    [train] iter 14080/18808  loss=nan
    [train] iter 14100/18808  loss=nan
    [train] iter 14120/18808  loss=nan
    [train] iter 14140/18808  loss=nan
    [train] iter 14160/18808  loss=nan
    [train] iter 14180/18808  loss=nan
    [train] iter 14200/18808  loss=nan
    [train] iter 14220/18808  loss=nan
    [train] iter 14240/18808  loss=nan
    [train] iter 14260/18808  loss=nan
    [train] iter 14280/18808  loss=nan
    [train] iter 14300/18808  loss=nan
    [train] iter 14320/18808  loss=nan
    [train] iter 14340/18808  loss=nan
    [train] iter 14360/18808  loss=nan
    [train] iter 14380/18808  loss=nan
    [train] iter 14400/18808  loss=nan
    [train] iter 14420/18808  loss=nan
    [train] iter 14440/18808  loss=nan
    [train] iter 14460/18808  loss=nan
    [train] iter 14480/18808  loss=nan
    [train] iter 14500/18808  loss=nan
    [train] iter 14520/18808  loss=nan
    [train] iter 14540/18808  loss=nan
    [train] iter 14560/18808  loss=nan
    [train] iter 14580/18808  loss=nan
    [train] iter 14600/18808  loss=nan
    [train] iter 14620/18808  loss=nan
    [train] iter 14640/18808  loss=nan
    [train] iter 14660/18808  loss=nan
    [train] iter 14680/18808  loss=nan
    [train] iter 14700/18808  loss=nan
    [train] iter 14720/18808  loss=nan
    [train] iter 14740/18808  loss=nan
    [train] iter 14760/18808  loss=nan
    [train] iter 14780/18808  loss=nan
    [train] iter 14800/18808  loss=nan
    [train] iter 14820/18808  loss=nan
    [train] iter 14840/18808  loss=nan
    [train] iter 14860/18808  loss=nan
    [train] iter 14880/18808  loss=nan
    [train] iter 14900/18808  loss=nan
    [train] iter 14920/18808  loss=nan
    [train] iter 14940/18808  loss=nan
    [train] iter 14960/18808  loss=nan
    [train] iter 14980/18808  loss=nan
    [train] iter 15000/18808  loss=nan
    [train] iter 15020/18808  loss=nan
    [train] iter 15040/18808  loss=nan
    [train] iter 15060/18808  loss=nan
    [train] iter 15080/18808  loss=nan
    [train] iter 15100/18808  loss=nan
    [train] iter 15120/18808  loss=nan
    [train] iter 15140/18808  loss=nan
    [train] iter 15160/18808  loss=nan
    [train] iter 15180/18808  loss=nan
    [train] iter 15200/18808  loss=nan
    [train] iter 15220/18808  loss=nan
    [train] iter 15240/18808  loss=nan
    [train] iter 15260/18808  loss=nan
    [train] iter 15280/18808  loss=nan
    [train] iter 15300/18808  loss=nan
    [train] iter 15320/18808  loss=nan
    [train] iter 15340/18808  loss=nan
    [train] iter 15360/18808  loss=nan
    [train] iter 15380/18808  loss=nan
    [train] iter 15400/18808  loss=nan
    [train] iter 15420/18808  loss=nan
    [train] iter 15440/18808  loss=nan
    [train] iter 15460/18808  loss=nan
    [train] iter 15480/18808  loss=nan
    [train] iter 15500/18808  loss=nan
    [train] iter 15520/18808  loss=nan
    [train] iter 15540/18808  loss=nan
    [train] iter 15560/18808  loss=nan
    [train] iter 15580/18808  loss=nan
    [train] iter 15600/18808  loss=nan
    [train] iter 15620/18808  loss=nan
    [train] iter 15640/18808  loss=nan
    [train] iter 15660/18808  loss=nan
    [train] iter 15680/18808  loss=nan
    [train] iter 15700/18808  loss=nan
    [train] iter 15720/18808  loss=nan
    [train] iter 15740/18808  loss=nan
    [train] iter 15760/18808  loss=nan
    [train] iter 15780/18808  loss=nan
    [train] iter 15800/18808  loss=nan
    [train] iter 15820/18808  loss=nan
    [train] iter 15840/18808  loss=nan
    [train] iter 15860/18808  loss=nan
    [train] iter 15880/18808  loss=nan
    [train] iter 15900/18808  loss=nan
    [train] iter 15920/18808  loss=nan
    [train] iter 15940/18808  loss=nan
    [train] iter 15960/18808  loss=nan
    [train] iter 15980/18808  loss=nan
    [train] iter 16000/18808  loss=nan
    [train] iter 16020/18808  loss=nan
    [train] iter 16040/18808  loss=nan
    [train] iter 16060/18808  loss=nan
    [train] iter 16080/18808  loss=nan
    [train] iter 16100/18808  loss=nan
    [train] iter 16120/18808  loss=nan
    [train] iter 16140/18808  loss=nan
    [train] iter 16160/18808  loss=nan
    [train] iter 16180/18808  loss=nan
    [train] iter 16200/18808  loss=nan
    [train] iter 16220/18808  loss=nan
    [train] iter 16240/18808  loss=nan
    [train] iter 16260/18808  loss=nan
    [train] iter 16280/18808  loss=nan
    [train] iter 16300/18808  loss=nan
    [train] iter 16320/18808  loss=nan
    [train] iter 16340/18808  loss=nan
    [train] iter 16360/18808  loss=nan
    [train] iter 16380/18808  loss=nan
    [train] iter 16400/18808  loss=nan
    [train] iter 16420/18808  loss=nan
    [train] iter 16440/18808  loss=nan
    [train] iter 16460/18808  loss=nan
    [train] iter 16480/18808  loss=nan
    [train] iter 16500/18808  loss=nan
    [train] iter 16520/18808  loss=nan
    [train] iter 16540/18808  loss=nan
    [train] iter 16560/18808  loss=nan
    [train] iter 16580/18808  loss=nan
    [train] iter 16600/18808  loss=nan
    [train] iter 16620/18808  loss=nan
    [train] iter 16640/18808  loss=nan
    [train] iter 16660/18808  loss=nan
    [train] iter 16680/18808  loss=nan
    [train] iter 16700/18808  loss=nan
    [train] iter 16720/18808  loss=nan
    [train] iter 16740/18808  loss=nan
    [train] iter 16760/18808  loss=nan
    [train] iter 16780/18808  loss=nan
    [train] iter 16800/18808  loss=nan
    [train] iter 16820/18808  loss=nan
    [train] iter 16840/18808  loss=nan
    [train] iter 16860/18808  loss=nan
    [train] iter 16880/18808  loss=nan
    [train] iter 16900/18808  loss=nan
    [train] iter 16920/18808  loss=nan
    [train] iter 16940/18808  loss=nan
    [train] iter 16960/18808  loss=nan
    [train] iter 16980/18808  loss=nan
    [train] iter 17000/18808  loss=nan
    [train] iter 17020/18808  loss=nan
    [train] iter 17040/18808  loss=nan
    [train] iter 17060/18808  loss=nan
    [train] iter 17080/18808  loss=nan
    [train] iter 17100/18808  loss=nan
    [train] iter 17120/18808  loss=nan
    [train] iter 17140/18808  loss=nan
    [train] iter 17160/18808  loss=nan
    [train] iter 17180/18808  loss=nan
    [train] iter 17200/18808  loss=nan
    [train] iter 17220/18808  loss=nan
    [train] iter 17240/18808  loss=nan
    [train] iter 17260/18808  loss=nan
    [train] iter 17280/18808  loss=nan
    [train] iter 17300/18808  loss=nan
    [train] iter 17320/18808  loss=nan
    [train] iter 17340/18808  loss=nan
    [train] iter 17360/18808  loss=nan
    [train] iter 17380/18808  loss=nan
    [train] iter 17400/18808  loss=nan
    [train] iter 17420/18808  loss=nan
    [train] iter 17440/18808  loss=nan
    [train] iter 17460/18808  loss=nan
    [train] iter 17480/18808  loss=nan
    [train] iter 17500/18808  loss=nan
    [train] iter 17520/18808  loss=nan
    [train] iter 17540/18808  loss=nan
    [train] iter 17560/18808  loss=nan
    [train] iter 17580/18808  loss=nan
    [train] iter 17600/18808  loss=nan
    [train] iter 17620/18808  loss=nan
    [train] iter 17640/18808  loss=nan
    [train] iter 17660/18808  loss=nan
    [train] iter 17680/18808  loss=nan
    [train] iter 17700/18808  loss=nan
    [train] iter 17720/18808  loss=nan
    [train] iter 17740/18808  loss=nan
    [train] iter 17760/18808  loss=nan
    [train] iter 17780/18808  loss=nan
    [train] iter 17800/18808  loss=nan
    [train] iter 17820/18808  loss=nan
    [train] iter 17840/18808  loss=nan
    [train] iter 17860/18808  loss=nan
    [train] iter 17880/18808  loss=nan
    [train] iter 17900/18808  loss=nan
    [train] iter 17920/18808  loss=nan
    [train] iter 17940/18808  loss=nan
    [train] iter 17960/18808  loss=nan
    [train] iter 17980/18808  loss=nan
    [train] iter 18000/18808  loss=nan
    [train] iter 18020/18808  loss=nan
    [train] iter 18040/18808  loss=nan
    [train] iter 18060/18808  loss=nan
    [train] iter 18080/18808  loss=nan
    [train] iter 18100/18808  loss=nan
    [train] iter 18120/18808  loss=nan
    [train] iter 18140/18808  loss=nan
    [train] iter 18160/18808  loss=nan
    [train] iter 18180/18808  loss=nan
    [train] iter 18200/18808  loss=nan
    [train] iter 18220/18808  loss=nan
    [train] iter 18240/18808  loss=nan
    [train] iter 18260/18808  loss=nan
    [train] iter 18280/18808  loss=nan
    [train] iter 18300/18808  loss=nan
    [train] iter 18320/18808  loss=nan
    [train] iter 18340/18808  loss=nan
    [train] iter 18360/18808  loss=nan
    [train] iter 18380/18808  loss=nan
    [train] iter 18400/18808  loss=nan
    [train] iter 18420/18808  loss=nan
    [train] iter 18440/18808  loss=nan
    [train] iter 18460/18808  loss=nan
    [train] iter 18480/18808  loss=nan
    [train] iter 18500/18808  loss=nan
    [train] iter 18520/18808  loss=nan
    [train] iter 18540/18808  loss=nan
    [train] iter 18560/18808  loss=nan
    [train] iter 18580/18808  loss=nan
    [train] iter 18600/18808  loss=nan
    [train] iter 18620/18808  loss=nan
    [train] iter 18640/18808  loss=nan
    [train] iter 18660/18808  loss=nan
    [train] iter 18680/18808  loss=nan
    [train] iter 18700/18808  loss=nan
    [train] iter 18720/18808  loss=nan
    [train] iter 18740/18808  loss=nan
    [train] iter 18760/18808  loss=nan
    [train] iter 18780/18808  loss=nan
    [train] iter 18800/18808  loss=nan
  train_loss=nan  val_loss=nan  val_dice=0.1946

--- Epoch 3/100 (lr=9.99e-04) ---
    [train] iter 20/18808  loss=nan
    [train] iter 40/18808  loss=nan
    [train] iter 60/18808  loss=nan
    [train] iter 80/18808  loss=nan
    [train] iter 100/18808  loss=nan
    [train] iter 120/18808  loss=nan
    [train] iter 140/18808  loss=nan
    [train] iter 160/18808  loss=nan
    [train] iter 180/18808  loss=nan
    [train] iter 200/18808  loss=nan
    [train] iter 220/18808  loss=nan
    [train] iter 240/18808  loss=nan
    [train] iter 260/18808  loss=nan
    [train] iter 280/18808  loss=nan
    [train] iter 300/18808  loss=nan
    [train] iter 320/18808  loss=nan
    [train] iter 340/18808  loss=nan
    [train] iter 360/18808  loss=nan
    [train] iter 380/18808  loss=nan
    [train] iter 400/18808  loss=nan
    [train] iter 420/18808  loss=nan
    [train] iter 440/18808  loss=nan
    [train] iter 460/18808  loss=nan
    [train] iter 480/18808  loss=nan
    [train] iter 500/18808  loss=nan
    [train] iter 520/18808  loss=nan
    [train] iter 540/18808  loss=nan
    [train] iter 560/18808  loss=nan
    [train] iter 580/18808  loss=nan
    [train] iter 600/18808  loss=nan
    [train] iter 620/18808  loss=nan
    [train] iter 640/18808  loss=nan
    [train] iter 660/18808  loss=nan
    [train] iter 680/18808  loss=nan
    [train] iter 700/18808  loss=nan
    [train] iter 720/18808  loss=nan
    [train] iter 740/18808  loss=nan
    [train] iter 760/18808  loss=nan
    [train] iter 780/18808  loss=nan
    [train] iter 800/18808  loss=nan
    [train] iter 820/18808  loss=nan
    [train] iter 840/18808  loss=nan
    [train] iter 860/18808  loss=nan
    [train] iter 880/18808  loss=nan
    [train] iter 900/18808  loss=nan
    [train] iter 920/18808  loss=nan
    [train] iter 940/18808  loss=nan
    [train] iter 960/18808  loss=nan
    [train] iter 980/18808  loss=nan
    [train] iter 1000/18808  loss=nan
    [train] iter 1020/18808  loss=nan
    [train] iter 1040/18808  loss=nan
    [train] iter 1060/18808  loss=nan
    [train] iter 1080/18808  loss=nan
    [train] iter 1100/18808  loss=nan
    [train] iter 1120/18808  loss=nan
    [train] iter 1140/18808  loss=nan
    [train] iter 1160/18808  loss=nan
    [train] iter 1180/18808  loss=nan
    [train] iter 1200/18808  loss=nan
    [train] iter 1220/18808  loss=nan
    [train] iter 1240/18808  loss=nan
    [train] iter 1260/18808  loss=nan
    [train] iter 1280/18808  loss=nan
    [train] iter 1300/18808  loss=nan
    [train] iter 1320/18808  loss=nan
    [train] iter 1340/18808  loss=nan
    [train] iter 1360/18808  loss=nan
    [train] iter 1380/18808  loss=nan
    [train] iter 1400/18808  loss=nan
    [train] iter 1420/18808  loss=nan
    [train] iter 1440/18808  loss=nan
    [train] iter 1460/18808  loss=nan
    [train] iter 1480/18808  loss=nan
    [train] iter 1500/18808  loss=nan
    [train] iter 1520/18808  loss=nan
    [train] iter 1540/18808  loss=nan
    [train] iter 1560/18808  loss=nan
    [train] iter 1580/18808  loss=nan
    [train] iter 1600/18808  loss=nan
    [train] iter 1620/18808  loss=nan
    [train] iter 1640/18808  loss=nan
    [train] iter 1660/18808  loss=nan
    [train] iter 1680/18808  loss=nan
    [train] iter 1700/18808  loss=nan
    [train] iter 1720/18808  loss=nan
    [train] iter 1740/18808  loss=nan
    [train] iter 1760/18808  loss=nan
    [train] iter 1780/18808  loss=nan
    [train] iter 1800/18808  loss=nan
    [train] iter 1820/18808  loss=nan
    [train] iter 1840/18808  loss=nan
    [train] iter 1860/18808  loss=nan
    [train] iter 1880/18808  loss=nan
    [train] iter 1900/18808  loss=nan
    [train] iter 1920/18808  loss=nan
    [train] iter 1940/18808  loss=nan
    [train] iter 1960/18808  loss=nan
    [train] iter 1980/18808  loss=nan
    [train] iter 2000/18808  loss=nan
    [train] iter 2020/18808  loss=nan
    [train] iter 2040/18808  loss=nan
    [train] iter 2060/18808  loss=nan
    [train] iter 2080/18808  loss=nan
    [train] iter 2100/18808  loss=nan
    [train] iter 2120/18808  loss=nan
    [train] iter 2140/18808  loss=nan
    [train] iter 2160/18808  loss=nan
    [train] iter 2180/18808  loss=nan
    [train] iter 2200/18808  loss=nan
    [train] iter 2220/18808  loss=nan
    [train] iter 2240/18808  loss=nan
    [train] iter 2260/18808  loss=nan
    [train] iter 2280/18808  loss=nan
    [train] iter 2300/18808  loss=nan
    [train] iter 2320/18808  loss=nan
    [train] iter 2340/18808  loss=nan
    [train] iter 2360/18808  loss=nan
    [train] iter 2380/18808  loss=nan
    [train] iter 2400/18808  loss=nan
    [train] iter 2420/18808  loss=nan
    [train] iter 2440/18808  loss=nan
    [train] iter 2460/18808  loss=nan
    [train] iter 2480/18808  loss=nan
    [train] iter 2500/18808  loss=nan
    [train] iter 2520/18808  loss=nan
    [train] iter 2540/18808  loss=nan
    [train] iter 2560/18808  loss=nan
    [train] iter 2580/18808  loss=nan
    [train] iter 2600/18808  loss=nan
    [train] iter 2620/18808  loss=nan
    [train] iter 2640/18808  loss=nan
    [train] iter 2660/18808  loss=nan
    [train] iter 2680/18808  loss=nan
    [train] iter 2700/18808  loss=nan
    [train] iter 2720/18808  loss=nan
    [train] iter 2740/18808  loss=nan
    [train] iter 2760/18808  loss=nan
    [train] iter 2780/18808  loss=nan
    [train] iter 2800/18808  loss=nan
    [train] iter 2820/18808  loss=nan
    [train] iter 2840/18808  loss=nan
    [train] iter 2860/18808  loss=nan
    [train] iter 2880/18808  loss=nan
    [train] iter 2900/18808  loss=nan
    [train] iter 2920/18808  loss=nan
    [train] iter 2940/18808  loss=nan
    [train] iter 2960/18808  loss=nan
    [train] iter 2980/18808  loss=nan
    [train] iter 3000/18808  loss=nan
    [train] iter 3020/18808  loss=nan
    [train] iter 3040/18808  loss=nan
    [train] iter 3060/18808  loss=nan
    [train] iter 3080/18808  loss=nan
    [train] iter 3100/18808  loss=nan
    [train] iter 3120/18808  loss=nan
    [train] iter 3140/18808  loss=nan
    [train] iter 3160/18808  loss=nan
    [train] iter 3180/18808  loss=nan
    [train] iter 3200/18808  loss=nan
    [train] iter 3220/18808  loss=nan
    [train] iter 3240/18808  loss=nan
    [train] iter 3260/18808  loss=nan
    [train] iter 3280/18808  loss=nan
    [train] iter 3300/18808  loss=nan
    [train] iter 3320/18808  loss=nan
    [train] iter 3340/18808  loss=nan
    [train] iter 3360/18808  loss=nan
    [train] iter 3380/18808  loss=nan
    [train] iter 3400/18808  loss=nan
    [train] iter 3420/18808  loss=nan
    [train] iter 3440/18808  loss=nan
    [train] iter 3460/18808  loss=nan
    [train] iter 3480/18808  loss=nan
    [train] iter 3500/18808  loss=nan
    [train] iter 3520/18808  loss=nan
    [train] iter 3540/18808  loss=nan
    [train] iter 3560/18808  loss=nan
    [train] iter 3580/18808  loss=nan
    [train] iter 3600/18808  loss=nan
    [train] iter 3620/18808  loss=nan
    [train] iter 3640/18808  loss=nan
    [train] iter 3660/18808  loss=nan
    [train] iter 3680/18808  loss=nan
    [train] iter 3700/18808  loss=nan
    [train] iter 3720/18808  loss=nan
    [train] iter 3740/18808  loss=nan
    [train] iter 3760/18808  loss=nan
    [train] iter 3780/18808  loss=nan
    [train] iter 3800/18808  loss=nan
    [train] iter 3820/18808  loss=nan
    [train] iter 3840/18808  loss=nan
    [train] iter 3860/18808  loss=nan
    [train] iter 3880/18808  loss=nan
    [train] iter 3900/18808  loss=nan
    [train] iter 3920/18808  loss=nan
    [train] iter 3940/18808  loss=nan
    [train] iter 3960/18808  loss=nan
    [train] iter 3980/18808  loss=nan
    [train] iter 4000/18808  loss=nan
    [train] iter 4020/18808  loss=nan
    [train] iter 4040/18808  loss=nan
    [train] iter 4060/18808  loss=nan
    [train] iter 4080/18808  loss=nan
    [train] iter 4100/18808  loss=nan
    [train] iter 4120/18808  loss=nan
    [train] iter 4140/18808  loss=nan
    [train] iter 4160/18808  loss=nan
    [train] iter 4180/18808  loss=nan
    [train] iter 4200/18808  loss=nan
    [train] iter 4220/18808  loss=nan
    [train] iter 4240/18808  loss=nan
    [train] iter 4260/18808  loss=nan
    [train] iter 4280/18808  loss=nan
    [train] iter 4300/18808  loss=nan
    [train] iter 4320/18808  loss=nan
    [train] iter 4340/18808  loss=nan
    [train] iter 4360/18808  loss=nan
    [train] iter 4380/18808  loss=nan
    [train] iter 4400/18808  loss=nan
    [train] iter 4420/18808  loss=nan
    [train] iter 4440/18808  loss=nan
    [train] iter 4460/18808  loss=nan
    [train] iter 4480/18808  loss=nan
    [train] iter 4500/18808  loss=nan
    [train] iter 4520/18808  loss=nan
    [train] iter 4540/18808  loss=nan
    [train] iter 4560/18808  loss=nan
    [train] iter 4580/18808  loss=nan
    [train] iter 4600/18808  loss=nan
    [train] iter 4620/18808  loss=nan
    [train] iter 4640/18808  loss=nan
    [train] iter 4660/18808  loss=nan
    [train] iter 4680/18808  loss=nan
    [train] iter 4700/18808  loss=nan
    [train] iter 4720/18808  loss=nan
    [train] iter 4740/18808  loss=nan
    [train] iter 4760/18808  loss=nan
    [train] iter 4780/18808  loss=nan
    [train] iter 4800/18808  loss=nan
    [train] iter 4820/18808  loss=nan
    [train] iter 4840/18808  loss=nan
    [train] iter 4860/18808  loss=nan
    [train] iter 4880/18808  loss=nan
    [train] iter 4900/18808  loss=nan
    [train] iter 4920/18808  loss=nan
    [train] iter 4940/18808  loss=nan
    [train] iter 4960/18808  loss=nan
    [train] iter 4980/18808  loss=nan
    [train] iter 5000/18808  loss=nan
    [train] iter 5020/18808  loss=nan
    [train] iter 5040/18808  loss=nan
    [train] iter 5060/18808  loss=nan
    [train] iter 5080/18808  loss=nan
    [train] iter 5100/18808  loss=nan
    [train] iter 5120/18808  loss=nan
    [train] iter 5140/18808  loss=nan
    [train] iter 5160/18808  loss=nan
    [train] iter 5180/18808  loss=nan
    [train] iter 5200/18808  loss=nan
    [train] iter 5220/18808  loss=nan
    [train] iter 5240/18808  loss=nan
    [train] iter 5260/18808  loss=nan
    [train] iter 5280/18808  loss=nan
    [train] iter 5300/18808  loss=nan
    [train] iter 5320/18808  loss=nan
    [train] iter 5340/18808  loss=nan
    [train] iter 5360/18808  loss=nan
    [train] iter 5380/18808  loss=nan
    [train] iter 5400/18808  loss=nan
    [train] iter 5420/18808  loss=nan
    [train] iter 5440/18808  loss=nan
    [train] iter 5460/18808  loss=nan
    [train] iter 5480/18808  loss=nan
    [train] iter 5500/18808  loss=nan
    [train] iter 5520/18808  loss=nan
    [train] iter 5540/18808  loss=nan
    [train] iter 5560/18808  loss=nan
    [train] iter 5580/18808  loss=nan
    [train] iter 5600/18808  loss=nan
    [train] iter 5620/18808  loss=nan
    [train] iter 5640/18808  loss=nan
    [train] iter 5660/18808  loss=nan
    [train] iter 5680/18808  loss=nan
    [train] iter 5700/18808  loss=nan
    [train] iter 5720/18808  loss=nan
    [train] iter 5740/18808  loss=nan
    [train] iter 5760/18808  loss=nan
    [train] iter 5780/18808  loss=nan
    [train] iter 5800/18808  loss=nan
    [train] iter 5820/18808  loss=nan
    [train] iter 5840/18808  loss=nan
    [train] iter 5860/18808  loss=nan
    [train] iter 5880/18808  loss=nan
    [train] iter 5900/18808  loss=nan
    [train] iter 5920/18808  loss=nan
    [train] iter 5940/18808  loss=nan
    [train] iter 5960/18808  loss=nan
    [train] iter 5980/18808  loss=nan
    [train] iter 6000/18808  loss=nan
    [train] iter 6020/18808  loss=nan
    [train] iter 6040/18808  loss=nan
    [train] iter 6060/18808  loss=nan
    [train] iter 6080/18808  loss=nan
    [train] iter 6100/18808  loss=nan
    [train] iter 6120/18808  loss=nan
    [train] iter 6140/18808  loss=nan
    [train] iter 6160/18808  loss=nan
    [train] iter 6180/18808  loss=nan
    [train] iter 6200/18808  loss=nan
    [train] iter 6220/18808  loss=nan
    [train] iter 6240/18808  loss=nan
    [train] iter 6260/18808  loss=nan
    [train] iter 6280/18808  loss=nan
    [train] iter 6300/18808  loss=nan
    [train] iter 6320/18808  loss=nan
    [train] iter 6340/18808  loss=nan
    [train] iter 6360/18808  loss=nan
    [train] iter 6380/18808  loss=nan
    [train] iter 6400/18808  loss=nan
    [train] iter 6420/18808  loss=nan
    [train] iter 6440/18808  loss=nan
    [train] iter 6460/18808  loss=nan
    [train] iter 6480/18808  loss=nan
    [train] iter 6500/18808  loss=nan
    [train] iter 6520/18808  loss=nan
    [train] iter 6540/18808  loss=nan
    [train] iter 6560/18808  loss=nan
    [train] iter 6580/18808  loss=nan
    [train] iter 6600/18808  loss=nan
    [train] iter 6620/18808  loss=nan
    [train] iter 6640/18808  loss=nan
    [train] iter 6660/18808  loss=nan
    [train] iter 6680/18808  loss=nan
    [train] iter 6700/18808  loss=nan
    [train] iter 6720/18808  loss=nan
    [train] iter 6740/18808  loss=nan
    [train] iter 6760/18808  loss=nan
    [train] iter 6780/18808  loss=nan
    [train] iter 6800/18808  loss=nan
    [train] iter 6820/18808  loss=nan
    [train] iter 6840/18808  loss=nan
    [train] iter 6860/18808  loss=nan
    [train] iter 6880/18808  loss=nan
    [train] iter 6900/18808  loss=nan
    [train] iter 6920/18808  loss=nan
    [train] iter 6940/18808  loss=nan
    [train] iter 6960/18808  loss=nan
    [train] iter 6980/18808  loss=nan
    [train] iter 7000/18808  loss=nan
    [train] iter 7020/18808  loss=nan
    [train] iter 7040/18808  loss=nan
    [train] iter 7060/18808  loss=nan
    [train] iter 7080/18808  loss=nan
    [train] iter 7100/18808  loss=nan
    [train] iter 7120/18808  loss=nan
    [train] iter 7140/18808  loss=nan
    [train] iter 7160/18808  loss=nan
    [train] iter 7180/18808  loss=nan
    [train] iter 7200/18808  loss=nan
    [train] iter 7220/18808  loss=nan
    [train] iter 7240/18808  loss=nan
    [train] iter 7260/18808  loss=nan
    [train] iter 7280/18808  loss=nan
    [train] iter 7300/18808  loss=nan
    [train] iter 7320/18808  loss=nan
    [train] iter 7340/18808  loss=nan
    [train] iter 7360/18808  loss=nan
    [train] iter 7380/18808  loss=nan
    [train] iter 7400/18808  loss=nan
    [train] iter 7420/18808  loss=nan
    [train] iter 7440/18808  loss=nan
    [train] iter 7460/18808  loss=nan
    [train] iter 7480/18808  loss=nan
    [train] iter 7500/18808  loss=nan
    [train] iter 7520/18808  loss=nan
    [train] iter 7540/18808  loss=nan
    [train] iter 7560/18808  loss=nan
    [train] iter 7580/18808  loss=nan
    [train] iter 7600/18808  loss=nan
    [train] iter 7620/18808  loss=nan
    [train] iter 7640/18808  loss=nan
    [train] iter 7660/18808  loss=nan
    [train] iter 7680/18808  loss=nan
    [train] iter 7700/18808  loss=nan
    [train] iter 7720/18808  loss=nan
    [train] iter 7740/18808  loss=nan
    [train] iter 7760/18808  loss=nan
    [train] iter 7780/18808  loss=nan
    [train] iter 7800/18808  loss=nan
    [train] iter 7820/18808  loss=nan
    [train] iter 7840/18808  loss=nan
    [train] iter 7860/18808  loss=nan
    [train] iter 7880/18808  loss=nan
    [train] iter 7900/18808  loss=nan
    [train] iter 7920/18808  loss=nan
    [train] iter 7940/18808  loss=nan
    [train] iter 7960/18808  loss=nan
    [train] iter 7980/18808  loss=nan
    [train] iter 8000/18808  loss=nan
    [train] iter 8020/18808  loss=nan
    [train] iter 8040/18808  loss=nan
    [train] iter 8060/18808  loss=nan
    [train] iter 8080/18808  loss=nan
    [train] iter 8100/18808  loss=nan
    [train] iter 8120/18808  loss=nan
    [train] iter 8140/18808  loss=nan
    [train] iter 8160/18808  loss=nan
    [train] iter 8180/18808  loss=nan
    [train] iter 8200/18808  loss=nan
    [train] iter 8220/18808  loss=nan
    [train] iter 8240/18808  loss=nan
    [train] iter 8260/18808  loss=nan
    [train] iter 8280/18808  loss=nan
    [train] iter 8300/18808  loss=nan
    [train] iter 8320/18808  loss=nan
    [train] iter 8340/18808  loss=nan
    [train] iter 8360/18808  loss=nan
    [train] iter 8380/18808  loss=nan
    [train] iter 8400/18808  loss=nan
    [train] iter 8420/18808  loss=nan
    [train] iter 8440/18808  loss=nan
    [train] iter 8460/18808  loss=nan
    [train] iter 8480/18808  loss=nan
    [train] iter 8500/18808  loss=nan
    [train] iter 8520/18808  loss=nan
    [train] iter 8540/18808  loss=nan
    [train] iter 8560/18808  loss=nan
    [train] iter 8580/18808  loss=nan
    [train] iter 8600/18808  loss=nan
    [train] iter 8620/18808  loss=nan
    [train] iter 8640/18808  loss=nan
    [train] iter 8660/18808  loss=nan
    [train] iter 8680/18808  loss=nan
    [train] iter 8700/18808  loss=nan
    [train] iter 8720/18808  loss=nan
    [train] iter 8740/18808  loss=nan
    [train] iter 8760/18808  loss=nan
    [train] iter 8780/18808  loss=nan
    [train] iter 8800/18808  loss=nan
    [train] iter 8820/18808  loss=nan
    [train] iter 8840/18808  loss=nan
    [train] iter 8860/18808  loss=nan
    [train] iter 8880/18808  loss=nan
    [train] iter 8900/18808  loss=nan
    [train] iter 8920/18808  loss=nan
    [train] iter 8940/18808  loss=nan
    [train] iter 8960/18808  loss=nan
    [train] iter 8980/18808  loss=nan
    [train] iter 9000/18808  loss=nan
    [train] iter 9020/18808  loss=nan
    [train] iter 9040/18808  loss=nan
    [train] iter 9060/18808  loss=nan
    [train] iter 9080/18808  loss=nan
    [train] iter 9100/18808  loss=nan
    [train] iter 9120/18808  loss=nan
    [train] iter 9140/18808  loss=nan
    [train] iter 9160/18808  loss=nan
    [train] iter 9180/18808  loss=nan
    [train] iter 9200/18808  loss=nan
    [train] iter 9220/18808  loss=nan
    [train] iter 9240/18808  loss=nan
    [train] iter 9260/18808  loss=nan
    [train] iter 9280/18808  loss=nan
    [train] iter 9300/18808  loss=nan
    [train] iter 9320/18808  loss=nan
    [train] iter 9340/18808  loss=nan
    [train] iter 9360/18808  loss=nan
    [train] iter 9380/18808  loss=nan
    [train] iter 9400/18808  loss=nan
    [train] iter 9420/18808  loss=nan
    [train] iter 9440/18808  loss=nan
    [train] iter 9460/18808  loss=nan
    [train] iter 9480/18808  loss=nan
    [train] iter 9500/18808  loss=nan
    [train] iter 9520/18808  loss=nan
    [train] iter 9540/18808  loss=nan
    [train] iter 9560/18808  loss=nan
    [train] iter 9580/18808  loss=nan
    [train] iter 9600/18808  loss=nan
    [train] iter 9620/18808  loss=nan
    [train] iter 9640/18808  loss=nan
    [train] iter 9660/18808  loss=nan
    [train] iter 9680/18808  loss=nan
    [train] iter 9700/18808  loss=nan
    [train] iter 9720/18808  loss=nan
    [train] iter 9740/18808  loss=nan
    [train] iter 9760/18808  loss=nan
    [train] iter 9780/18808  loss=nan
    [train] iter 9800/18808  loss=nan
    [train] iter 9820/18808  loss=nan
    [train] iter 9840/18808  loss=nan
    [train] iter 9860/18808  loss=nan
    [train] iter 9880/18808  loss=nan
    [train] iter 9900/18808  loss=nan
    [train] iter 9920/18808  loss=nan
    [train] iter 9940/18808  loss=nan
    [train] iter 9960/18808  loss=nan
    [train] iter 9980/18808  loss=nan
    [train] iter 10000/18808  loss=nan
    [train] iter 10020/18808  loss=nan
    [train] iter 10040/18808  loss=nan
    [train] iter 10060/18808  loss=nan
    [train] iter 10080/18808  loss=nan
    [train] iter 10100/18808  loss=nan
    [train] iter 10120/18808  loss=nan
    [train] iter 10140/18808  loss=nan
    [train] iter 10160/18808  loss=nan
    [train] iter 10180/18808  loss=nan
    [train] iter 10200/18808  loss=nan
    [train] iter 10220/18808  loss=nan
    [train] iter 10240/18808  loss=nan
    [train] iter 10260/18808  loss=nan
    [train] iter 10280/18808  loss=nan
    [train] iter 10300/18808  loss=nan
    [train] iter 10320/18808  loss=nan
    [train] iter 10340/18808  loss=nan
    [train] iter 10360/18808  loss=nan
    [train] iter 10380/18808  loss=nan
    [train] iter 10400/18808  loss=nan
    [train] iter 10420/18808  loss=nan
    [train] iter 10440/18808  loss=nan
    [train] iter 10460/18808  loss=nan
    [train] iter 10480/18808  loss=nan
    [train] iter 10500/18808  loss=nan
    [train] iter 10520/18808  loss=nan
    [train] iter 10540/18808  loss=nan
    [train] iter 10560/18808  loss=nan
    [train] iter 10580/18808  loss=nan
    [train] iter 10600/18808  loss=nan
    [train] iter 10620/18808  loss=nan
    [train] iter 10640/18808  loss=nan
    [train] iter 10660/18808  loss=nan
    [train] iter 10680/18808  loss=nan
    [train] iter 10700/18808  loss=nan
    [train] iter 10720/18808  loss=nan
    [train] iter 10740/18808  loss=nan
    [train] iter 10760/18808  loss=nan
    [train] iter 10780/18808  loss=nan
    [train] iter 10800/18808  loss=nan
    [train] iter 10820/18808  loss=nan
    [train] iter 10840/18808  loss=nan
    [train] iter 10860/18808  loss=nan
    [train] iter 10880/18808  loss=nan
    [train] iter 10900/18808  loss=nan
    [train] iter 10920/18808  loss=nan
    [train] iter 10940/18808  loss=nan
    [train] iter 10960/18808  loss=nan
    [train] iter 10980/18808  loss=nan
    [train] iter 11000/18808  loss=nan
    [train] iter 11020/18808  loss=nan
    [train] iter 11040/18808  loss=nan
    [train] iter 11060/18808  loss=nan
    [train] iter 11080/18808  loss=nan
    [train] iter 11100/18808  loss=nan
    [train] iter 11120/18808  loss=nan
    [train] iter 11140/18808  loss=nan
    [train] iter 11160/18808  loss=nan
    [train] iter 11180/18808  loss=nan
    [train] iter 11200/18808  loss=nan
    [train] iter 11220/18808  loss=nan
    [train] iter 11240/18808  loss=nan
    [train] iter 11260/18808  loss=nan
    [train] iter 11280/18808  loss=nan
    [train] iter 11300/18808  loss=nan
    [train] iter 11320/18808  loss=nan
    [train] iter 11340/18808  loss=nan
    [train] iter 11360/18808  loss=nan
    [train] iter 11380/18808  loss=nan
    [train] iter 11400/18808  loss=nan
    [train] iter 11420/18808  loss=nan
    [train] iter 11440/18808  loss=nan
    [train] iter 11460/18808  loss=nan
    [train] iter 11480/18808  loss=nan
    [train] iter 11500/18808  loss=nan
    [train] iter 11520/18808  loss=nan
    [train] iter 11540/18808  loss=nan
    [train] iter 11560/18808  loss=nan
    [train] iter 11580/18808  loss=nan
    [train] iter 11600/18808  loss=nan
    [train] iter 11620/18808  loss=nan
    [train] iter 11640/18808  loss=nan
    [train] iter 11660/18808  loss=nan
    [train] iter 11680/18808  loss=nan
    [train] iter 11700/18808  loss=nan
    [train] iter 11720/18808  loss=nan
    [train] iter 11740/18808  loss=nan
    [train] iter 11760/18808  loss=nan
    [train] iter 11780/18808  loss=nan
    [train] iter 11800/18808  loss=nan
    [train] iter 11820/18808  loss=nan
    [train] iter 11840/18808  loss=nan
    [train] iter 11860/18808  loss=nan
    [train] iter 11880/18808  loss=nan
    [train] iter 11900/18808  loss=nan
    [train] iter 11920/18808  loss=nan
    [train] iter 11940/18808  loss=nan
    [train] iter 11960/18808  loss=nan
    [train] iter 11980/18808  loss=nan
    [train] iter 12000/18808  loss=nan
    [train] iter 12020/18808  loss=nan
    [train] iter 12040/18808  loss=nan
    [train] iter 12060/18808  loss=nan
    [train] iter 12080/18808  loss=nan
    [train] iter 12100/18808  loss=nan
    [train] iter 12120/18808  loss=nan
    [train] iter 12140/18808  loss=nan
    [train] iter 12160/18808  loss=nan
    [train] iter 12180/18808  loss=nan
    [train] iter 12200/18808  loss=nan
    [train] iter 12220/18808  loss=nan
    [train] iter 12240/18808  loss=nan
    [train] iter 12260/18808  loss=nan
    [train] iter 12280/18808  loss=nan
    [train] iter 12300/18808  loss=nan
    [train] iter 12320/18808  loss=nan
    [train] iter 12340/18808  loss=nan
    [train] iter 12360/18808  loss=nan
    [train] iter 12380/18808  loss=nan
    [train] iter 12400/18808  loss=nan
    [train] iter 12420/18808  loss=nan
    [train] iter 12440/18808  loss=nan
    [train] iter 12460/18808  loss=nan
    [train] iter 12480/18808  loss=nan
    [train] iter 12500/18808  loss=nan
    [train] iter 12520/18808  loss=nan
    [train] iter 12540/18808  loss=nan
    [train] iter 12560/18808  loss=nan
    [train] iter 12580/18808  loss=nan
    [train] iter 12600/18808  loss=nan
    [train] iter 12620/18808  loss=nan
    [train] iter 12640/18808  loss=nan
    [train] iter 12660/18808  loss=nan
    [train] iter 12680/18808  loss=nan
    [train] iter 12700/18808  loss=nan
    [train] iter 12720/18808  loss=nan
    [train] iter 12740/18808  loss=nan
    [train] iter 12760/18808  loss=nan
    [train] iter 12780/18808  loss=nan
    [train] iter 12800/18808  loss=nan
    [train] iter 12820/18808  loss=nan
    [train] iter 12840/18808  loss=nan
    [train] iter 12860/18808  loss=nan
    [train] iter 12880/18808  loss=nan
    [train] iter 12900/18808  loss=nan
    [train] iter 12920/18808  loss=nan
    [train] iter 12940/18808  loss=nan
    [train] iter 12960/18808  loss=nan
    [train] iter 12980/18808  loss=nan
    [train] iter 13000/18808  loss=nan
    [train] iter 13020/18808  loss=nan
    [train] iter 13040/18808  loss=nan
    [train] iter 13060/18808  loss=nan
    [train] iter 13080/18808  loss=nan
    [train] iter 13100/18808  loss=nan
    [train] iter 13120/18808  loss=nan
    [train] iter 13140/18808  loss=nan
    [train] iter 13160/18808  loss=nan
    [train] iter 13180/18808  loss=nan
    [train] iter 13200/18808  loss=nan
    [train] iter 13220/18808  loss=nan
    [train] iter 13240/18808  loss=nan
    [train] iter 13260/18808  loss=nan
    [train] iter 13280/18808  loss=nan
    [train] iter 13300/18808  loss=nan
    [train] iter 13320/18808  loss=nan
    [train] iter 13340/18808  loss=nan
    [train] iter 13360/18808  loss=nan
    [train] iter 13380/18808  loss=nan
    [train] iter 13400/18808  loss=nan
    [train] iter 13420/18808  loss=nan
    [train] iter 13440/18808  loss=nan
    [train] iter 13460/18808  loss=nan
    [train] iter 13480/18808  loss=nan
    [train] iter 13500/18808  loss=nan
    [train] iter 13520/18808  loss=nan
    [train] iter 13540/18808  loss=nan
    [train] iter 13560/18808  loss=nan
    [train] iter 13580/18808  loss=nan
    [train] iter 13600/18808  loss=nan
    [train] iter 13620/18808  loss=nan
    [train] iter 13640/18808  loss=nan
    [train] iter 13660/18808  loss=nan
    [train] iter 13680/18808  loss=nan
    [train] iter 13700/18808  loss=nan
    [train] iter 13720/18808  loss=nan
    [train] iter 13740/18808  loss=nan
    [train] iter 13760/18808  loss=nan
    [train] iter 13780/18808  loss=nan
    [train] iter 13800/18808  loss=nan
    [train] iter 13820/18808  loss=nan
    [train] iter 13840/18808  loss=nan
    [train] iter 13860/18808  loss=nan
    [train] iter 13880/18808  loss=nan
    [train] iter 13900/18808  loss=nan
    [train] iter 13920/18808  loss=nan
    [train] iter 13940/18808  loss=nan
    [train] iter 13960/18808  loss=nan
    [train] iter 13980/18808  loss=nan
    [train] iter 14000/18808  loss=nan
    [train] iter 14020/18808  loss=nan
    [train] iter 14040/18808  loss=nan
    [train] iter 14060/18808  loss=nan
    [train] iter 14080/18808  loss=nan
    [train] iter 14100/18808  loss=nan
    [train] iter 14120/18808  loss=nan
    [train] iter 14140/18808  loss=nan
    [train] iter 14160/18808  loss=nan
    [train] iter 14180/18808  loss=nan
    [train] iter 14200/18808  loss=nan
    [train] iter 14220/18808  loss=nan
    [train] iter 14240/18808  loss=nan
    [train] iter 14260/18808  loss=nan
    [train] iter 14280/18808  loss=nan
    [train] iter 14300/18808  loss=nan
    [train] iter 14320/18808  loss=nan
    [train] iter 14340/18808  loss=nan
    [train] iter 14360/18808  loss=nan
    [train] iter 14380/18808  loss=nan
    [train] iter 14400/18808  loss=nan
    [train] iter 14420/18808  loss=nan
    [train] iter 14440/18808  loss=nan
    [train] iter 14460/18808  loss=nan
    [train] iter 14480/18808  loss=nan
    [train] iter 14500/18808  loss=nan
    [train] iter 14520/18808  loss=nan
    [train] iter 14540/18808  loss=nan
    [train] iter 14560/18808  loss=nan
    [train] iter 14580/18808  loss=nan
    [train] iter 14600/18808  loss=nan
    [train] iter 14620/18808  loss=nan
    [train] iter 14640/18808  loss=nan
    [train] iter 14660/18808  loss=nan
    [train] iter 14680/18808  loss=nan
    [train] iter 14700/18808  loss=nan
    [train] iter 14720/18808  loss=nan
    [train] iter 14740/18808  loss=nan
    [train] iter 14760/18808  loss=nan
    [train] iter 14780/18808  loss=nan
    [train] iter 14800/18808  loss=nan
    [train] iter 14820/18808  loss=nan
    [train] iter 14840/18808  loss=nan
    [train] iter 14860/18808  loss=nan
    [train] iter 14880/18808  loss=nan
    [train] iter 14900/18808  loss=nan
    [train] iter 14920/18808  loss=nan
    [train] iter 14940/18808  loss=nan
    [train] iter 14960/18808  loss=nan
    [train] iter 14980/18808  loss=nan
    [train] iter 15000/18808  loss=nan
    [train] iter 15020/18808  loss=nan
    [train] iter 15040/18808  loss=nan
    [train] iter 15060/18808  loss=nan
    [train] iter 15080/18808  loss=nan
    [train] iter 15100/18808  loss=nan
    [train] iter 15120/18808  loss=nan
    [train] iter 15140/18808  loss=nan
    [train] iter 15160/18808  loss=nan
    [train] iter 15180/18808  loss=nan
    [train] iter 15200/18808  loss=nan
    [train] iter 15220/18808  loss=nan
    [train] iter 15240/18808  loss=nan
    [train] iter 15260/18808  loss=nan
    [train] iter 15280/18808  loss=nan
    [train] iter 15300/18808  loss=nan
    [train] iter 15320/18808  loss=nan
    [train] iter 15340/18808  loss=nan
    [train] iter 15360/18808  loss=nan
    [train] iter 15380/18808  loss=nan
    [train] iter 15400/18808  loss=nan
    [train] iter 15420/18808  loss=nan
    [train] iter 15440/18808  loss=nan
    [train] iter 15460/18808  loss=nan
    [train] iter 15480/18808  loss=nan
    [train] iter 15500/18808  loss=nan
    [train] iter 15520/18808  loss=nan
    [train] iter 15540/18808  loss=nan
    [train] iter 15560/18808  loss=nan
    [train] iter 15580/18808  loss=nan
    [train] iter 15600/18808  loss=nan
    [train] iter 15620/18808  loss=nan
    [train] iter 15640/18808  loss=nan
    [train] iter 15660/18808  loss=nan
    [train] iter 15680/18808  loss=nan
    [train] iter 15700/18808  loss=nan
    [train] iter 15720/18808  loss=nan
    [train] iter 15740/18808  loss=nan
    [train] iter 15760/18808  loss=nan
    [train] iter 15780/18808  loss=nan
    [train] iter 15800/18808  loss=nan
    [train] iter 15820/18808  loss=nan
    [train] iter 15840/18808  loss=nan
    [train] iter 15860/18808  loss=nan
    [train] iter 15880/18808  loss=nan
    [train] iter 15900/18808  loss=nan
    [train] iter 15920/18808  loss=nan
    [train] iter 15940/18808  loss=nan
    [train] iter 15960/18808  loss=nan
    [train] iter 15980/18808  loss=nan
    [train] iter 16000/18808  loss=nan
    [train] iter 16020/18808  loss=nan
    [train] iter 16040/18808  loss=nan
    [train] iter 16060/18808  loss=nan
    [train] iter 16080/18808  loss=nan
    [train] iter 16100/18808  loss=nan
    [train] iter 16120/18808  loss=nan
    [train] iter 16140/18808  loss=nan
    [train] iter 16160/18808  loss=nan
    [train] iter 16180/18808  loss=nan
    [train] iter 16200/18808  loss=nan
    [train] iter 16220/18808  loss=nan
    [train] iter 16240/18808  loss=nan
    [train] iter 16260/18808  loss=nan
    [train] iter 16280/18808  loss=nan
    [train] iter 16300/18808  loss=nan
    [train] iter 16320/18808  loss=nan
    [train] iter 16340/18808  loss=nan
    [train] iter 16360/18808  loss=nan
    [train] iter 16380/18808  loss=nan
    [train] iter 16400/18808  loss=nan
    [train] iter 16420/18808  loss=nan
    [train] iter 16440/18808  loss=nan
    [train] iter 16460/18808  loss=nan
    [train] iter 16480/18808  loss=nan
    [train] iter 16500/18808  loss=nan
    [train] iter 16520/18808  loss=nan
    [train] iter 16540/18808  loss=nan
    [train] iter 16560/18808  loss=nan
    [train] iter 16580/18808  loss=nan
    [train] iter 16600/18808  loss=nan
    [train] iter 16620/18808  loss=nan
    [train] iter 16640/18808  loss=nan
    [train] iter 16660/18808  loss=nan
    [train] iter 16680/18808  loss=nan
    [train] iter 16700/18808  loss=nan
    [train] iter 16720/18808  loss=nan
    [train] iter 16740/18808  loss=nan
    [train] iter 16760/18808  loss=nan
    [train] iter 16780/18808  loss=nan
    [train] iter 16800/18808  loss=nan
    [train] iter 16820/18808  loss=nan
    [train] iter 16840/18808  loss=nan
    [train] iter 16860/18808  loss=nan
    [train] iter 16880/18808  loss=nan
    [train] iter 16900/18808  loss=nan
    [train] iter 16920/18808  loss=nan
    [train] iter 16940/18808  loss=nan
    [train] iter 16960/18808  loss=nan
    [train] iter 16980/18808  loss=nan
    [train] iter 17000/18808  loss=nan
    [train] iter 17020/18808  loss=nan
    [train] iter 17040/18808  loss=nan
    [train] iter 17060/18808  loss=nan
    [train] iter 17080/18808  loss=nan
    [train] iter 17100/18808  loss=nan
    [train] iter 17120/18808  loss=nan
    [train] iter 17140/18808  loss=nan
    [train] iter 17160/18808  loss=nan
    [train] iter 17180/18808  loss=nan
    [train] iter 17200/18808  loss=nan
    [train] iter 17220/18808  loss=nan
    [train] iter 17240/18808  loss=nan
    [train] iter 17260/18808  loss=nan
    [train] iter 17280/18808  loss=nan
    [train] iter 17300/18808  loss=nan
    [train] iter 17320/18808  loss=nan
    [train] iter 17340/18808  loss=nan
    [train] iter 17360/18808  loss=nan
    [train] iter 17380/18808  loss=nan
    [train] iter 17400/18808  loss=nan
    [train] iter 17420/18808  loss=nan
    [train] iter 17440/18808  loss=nan
    [train] iter 17460/18808  loss=nan
    [train] iter 17480/18808  loss=nan
    [train] iter 17500/18808  loss=nan
    [train] iter 17520/18808  loss=nan
    [train] iter 17540/18808  loss=nan
    [train] iter 17560/18808  loss=nan
    [train] iter 17580/18808  loss=nan
    [train] iter 17600/18808  loss=nan
    [train] iter 17620/18808  loss=nan
    [train] iter 17640/18808  loss=nan
    [train] iter 17660/18808  loss=nan
    [train] iter 17680/18808  loss=nan
    [train] iter 17700/18808  loss=nan
    [train] iter 17720/18808  loss=nan
    [train] iter 17740/18808  loss=nan
    [train] iter 17760/18808  loss=nan
    [train] iter 17780/18808  loss=nan
    [train] iter 17800/18808  loss=nan
    [train] iter 17820/18808  loss=nan
    [train] iter 17840/18808  loss=nan
    [train] iter 17860/18808  loss=nan
    [train] iter 17880/18808  loss=nan
    [train] iter 17900/18808  loss=nan
    [train] iter 17920/18808  loss=nan
    [train] iter 17940/18808  loss=nan
    [train] iter 17960/18808  loss=nan
    [train] iter 17980/18808  loss=nan
    [train] iter 18000/18808  loss=nan
    [train] iter 18020/18808  loss=nan
    [train] iter 18040/18808  loss=nan
    [train] iter 18060/18808  loss=nan
    [train] iter 18080/18808  loss=nan
    [train] iter 18100/18808  loss=nan
    [train] iter 18120/18808  loss=nan
    [train] iter 18140/18808  loss=nan
    [train] iter 18160/18808  loss=nan
    [train] iter 18180/18808  loss=nan
    [train] iter 18200/18808  loss=nan
    [train] iter 18220/18808  loss=nan
    [train] iter 18240/18808  loss=nan
    [train] iter 18260/18808  loss=nan
    [train] iter 18280/18808  loss=nan
    [train] iter 18300/18808  loss=nan
    [train] iter 18320/18808  loss=nan
    [train] iter 18340/18808  loss=nan
    [train] iter 18360/18808  loss=nan
    [train] iter 18380/18808  loss=nan
    [train] iter 18400/18808  loss=nan
    [train] iter 18420/18808  loss=nan
    [train] iter 18440/18808  loss=nan
    [train] iter 18460/18808  loss=nan
    [train] iter 18480/18808  loss=nan
    [train] iter 18500/18808  loss=nan
    [train] iter 18520/18808  loss=nan
    [train] iter 18540/18808  loss=nan
    [train] iter 18560/18808  loss=nan
    [train] iter 18580/18808  loss=nan
    [train] iter 18600/18808  loss=nan
    [train] iter 18620/18808  loss=nan
    [train] iter 18640/18808  loss=nan
    [train] iter 18660/18808  loss=nan
    [train] iter 18680/18808  loss=nan
    [train] iter 18700/18808  loss=nan
    [train] iter 18720/18808  loss=nan
    [train] iter 18740/18808  loss=nan
    [train] iter 18760/18808  loss=nan
    [train] iter 18780/18808  loss=nan
    [train] iter 18800/18808  loss=nan
  train_loss=nan  val_loss=nan  val_dice=0.1946

--- Epoch 4/100 (lr=9.98e-04) ---
    [train] iter 20/18808  loss=nan
    [train] iter 40/18808  loss=nan
    [train] iter 60/18808  loss=nan
    [train] iter 80/18808  loss=nan
    [train] iter 100/18808  loss=nan
    [train] iter 120/18808  loss=nan
    [train] iter 140/18808  loss=nan
    [train] iter 160/18808  loss=nan
    [train] iter 180/18808  loss=nan
    [train] iter 200/18808  loss=nan
    [train] iter 220/18808  loss=nan
    [train] iter 240/18808  loss=nan
    [train] iter 260/18808  loss=nan
    [train] iter 280/18808  loss=nan
    [train] iter 300/18808  loss=nan
    [train] iter 320/18808  loss=nan
    [train] iter 340/18808  loss=nan
    [train] iter 360/18808  loss=nan
    [train] iter 380/18808  loss=nan
    [train] iter 400/18808  loss=nan
    [train] iter 420/18808  loss=nan
    [train] iter 440/18808  loss=nan
    [train] iter 460/18808  loss=nan
    [train] iter 480/18808  loss=nan
    [train] iter 500/18808  loss=nan
    [train] iter 520/18808  loss=nan
    [train] iter 540/18808  loss=nan
    [train] iter 560/18808  loss=nan
    [train] iter 580/18808  loss=nan
    [train] iter 600/18808  loss=nan
    [train] iter 620/18808  loss=nan
    [train] iter 640/18808  loss=nan
    [train] iter 660/18808  loss=nan
    [train] iter 680/18808  loss=nan
    [train] iter 700/18808  loss=nan
    [train] iter 720/18808  loss=nan
    [train] iter 740/18808  loss=nan
    [train] iter 760/18808  loss=nan
    [train] iter 780/18808  loss=nan
    [train] iter 800/18808  loss=nan
    [train] iter 820/18808  loss=nan
    [train] iter 840/18808  loss=nan
    [train] iter 860/18808  loss=nan
    [train] iter 880/18808  loss=nan
    [train] iter 900/18808  loss=nan
    [train] iter 920/18808  loss=nan
    [train] iter 940/18808  loss=nan
    [train] iter 960/18808  loss=nan
    [train] iter 980/18808  loss=nan
    [train] iter 1000/18808  loss=nan
    [train] iter 1020/18808  loss=nan
    [train] iter 1040/18808  loss=nan
    [train] iter 1060/18808  loss=nan
    [train] iter 1080/18808  loss=nan
    [train] iter 1100/18808  loss=nan
    [train] iter 1120/18808  loss=nan
    [train] iter 1140/18808  loss=nan
    [train] iter 1160/18808  loss=nan
    [train] iter 1180/18808  loss=nan
    [train] iter 1200/18808  loss=nan
    [train] iter 1220/18808  loss=nan
    [train] iter 1240/18808  loss=nan
    [train] iter 1260/18808  loss=nan
    [train] iter 1280/18808  loss=nan
    [train] iter 1300/18808  loss=nan
    [train] iter 1320/18808  loss=nan
    [train] iter 1340/18808  loss=nan
    [train] iter 1360/18808  loss=nan
    [train] iter 1380/18808  loss=nan
    [train] iter 1400/18808  loss=nan
    [train] iter 1420/18808  loss=nan
    [train] iter 1440/18808  loss=nan
    [train] iter 1460/18808  loss=nan
    [train] iter 1480/18808  loss=nan
    [train] iter 1500/18808  loss=nan
    [train] iter 1520/18808  loss=nan
    [train] iter 1540/18808  loss=nan
    [train] iter 1560/18808  loss=nan
    [train] iter 1580/18808  loss=nan
    [train] iter 1600/18808  loss=nan
    [train] iter 1620/18808  loss=nan
    [train] iter 1640/18808  loss=nan
    [train] iter 1660/18808  loss=nan
    [train] iter 1680/18808  loss=nan
    [train] iter 1700/18808  loss=nan
    [train] iter 1720/18808  loss=nan
    [train] iter 1740/18808  loss=nan
    [train] iter 1760/18808  loss=nan
    [train] iter 1780/18808  loss=nan
    [train] iter 1800/18808  loss=nan
    [train] iter 1820/18808  loss=nan
    [train] iter 1840/18808  loss=nan
    [train] iter 1860/18808  loss=nan
    [train] iter 1880/18808  loss=nan
    [train] iter 1900/18808  loss=nan
    [train] iter 1920/18808  loss=nan
    [train] iter 1940/18808  loss=nan
    [train] iter 1960/18808  loss=nan
    [train] iter 1980/18808  loss=nan
    [train] iter 2000/18808  loss=nan
    [train] iter 2020/18808  loss=nan
    [train] iter 2040/18808  loss=nan
    [train] iter 2060/18808  loss=nan
    [train] iter 2080/18808  loss=nan
    [train] iter 2100/18808  loss=nan
    [train] iter 2120/18808  loss=nan
    [train] iter 2140/18808  loss=nan
    [train] iter 2160/18808  loss=nan
    [train] iter 2180/18808  loss=nan
    [train] iter 2200/18808  loss=nan
    [train] iter 2220/18808  loss=nan
    [train] iter 2240/18808  loss=nan
    [train] iter 2260/18808  loss=nan
    [train] iter 2280/18808  loss=nan
    [train] iter 2300/18808  loss=nan
    [train] iter 2320/18808  loss=nan
    [train] iter 2340/18808  loss=nan
    [train] iter 2360/18808  loss=nan
    [train] iter 2380/18808  loss=nan
    [train] iter 2400/18808  loss=nan
    [train] iter 2420/18808  loss=nan
    [train] iter 2440/18808  loss=nan
    [train] iter 2460/18808  loss=nan
    [train] iter 2480/18808  loss=nan
    [train] iter 2500/18808  loss=nan
    [train] iter 2520/18808  loss=nan
    [train] iter 2540/18808  loss=nan
    [train] iter 2560/18808  loss=nan
    [train] iter 2580/18808  loss=nan
    [train] iter 2600/18808  loss=nan
    [train] iter 2620/18808  loss=nan
    [train] iter 2640/18808  loss=nan
    [train] iter 2660/18808  loss=nan
    [train] iter 2680/18808  loss=nan
    [train] iter 2700/18808  loss=nan
    [train] iter 2720/18808  loss=nan
    [train] iter 2740/18808  loss=nan
    [train] iter 2760/18808  loss=nan
    [train] iter 2780/18808  loss=nan
    [train] iter 2800/18808  loss=nan
    [train] iter 2820/18808  loss=nan
    [train] iter 2840/18808  loss=nan
    [train] iter 2860/18808  loss=nan
    [train] iter 2880/18808  loss=nan
    [train] iter 2900/18808  loss=nan
    [train] iter 2920/18808  loss=nan
    [train] iter 2940/18808  loss=nan
    [train] iter 2960/18808  loss=nan
    [train] iter 2980/18808  loss=nan
    [train] iter 3000/18808  loss=nan
    [train] iter 3020/18808  loss=nan
    [train] iter 3040/18808  loss=nan
    [train] iter 3060/18808  loss=nan
    [train] iter 3080/18808  loss=nan
    [train] iter 3100/18808  loss=nan
    [train] iter 3120/18808  loss=nan
    [train] iter 3140/18808  loss=nan
    [train] iter 3160/18808  loss=nan
    [train] iter 3180/18808  loss=nan
    [train] iter 3200/18808  loss=nan
    [train] iter 3220/18808  loss=nan
    [train] iter 3240/18808  loss=nan
    [train] iter 3260/18808  loss=nan
    [train] iter 3280/18808  loss=nan
    [train] iter 3300/18808  loss=nan
    [train] iter 3320/18808  loss=nan
    [train] iter 3340/18808  loss=nan
    [train] iter 3360/18808  loss=nan
    [train] iter 3380/18808  loss=nan
    [train] iter 3400/18808  loss=nan
    [train] iter 3420/18808  loss=nan
    [train] iter 3440/18808  loss=nan
    [train] iter 3460/18808  loss=nan
    [train] iter 3480/18808  loss=nan
    [train] iter 3500/18808  loss=nan
    [train] iter 3520/18808  loss=nan
    [train] iter 3540/18808  loss=nan
    [train] iter 3560/18808  loss=nan
    [train] iter 3580/18808  loss=nan
    [train] iter 3600/18808  loss=nan
    [train] iter 3620/18808  loss=nan
    [train] iter 3640/18808  loss=nan
    [train] iter 3660/18808  loss=nan
    [train] iter 3680/18808  loss=nan
    [train] iter 3700/18808  loss=nan
    [train] iter 3720/18808  loss=nan
    [train] iter 3740/18808  loss=nan
    [train] iter 3760/18808  loss=nan
    [train] iter 3780/18808  loss=nan
    [train] iter 3800/18808  loss=nan
    [train] iter 3820/18808  loss=nan
    [train] iter 3840/18808  loss=nan
    [train] iter 3860/18808  loss=nan
    [train] iter 3880/18808  loss=nan
    [train] iter 3900/18808  loss=nan
    [train] iter 3920/18808  loss=nan
    [train] iter 3940/18808  loss=nan
    [train] iter 3960/18808  loss=nan
    [train] iter 3980/18808  loss=nan
    [train] iter 4000/18808  loss=nan
    [train] iter 4020/18808  loss=nan
    [train] iter 4040/18808  loss=nan
    [train] iter 4060/18808  loss=nan
    [train] iter 4080/18808  loss=nan
    [train] iter 4100/18808  loss=nan
    [train] iter 4120/18808  loss=nan
    [train] iter 4140/18808  loss=nan
    [train] iter 4160/18808  loss=nan
    [train] iter 4180/18808  loss=nan
    [train] iter 4200/18808  loss=nan
    [train] iter 4220/18808  loss=nan
    [train] iter 4240/18808  loss=nan
    [train] iter 4260/18808  loss=nan
    [train] iter 4280/18808  loss=nan
    [train] iter 4300/18808  loss=nan
    [train] iter 4320/18808  loss=nan
    [train] iter 4340/18808  loss=nan
    [train] iter 4360/18808  loss=nan
    [train] iter 4380/18808  loss=nan
    [train] iter 4400/18808  loss=nan
    [train] iter 4420/18808  loss=nan
    [train] iter 4440/18808  loss=nan
    [train] iter 4460/18808  loss=nan
    [train] iter 4480/18808  loss=nan
    [train] iter 4500/18808  loss=nan
    [train] iter 4520/18808  loss=nan
    [train] iter 4540/18808  loss=nan
    [train] iter 4560/18808  loss=nan
    [train] iter 4580/18808  loss=nan
    [train] iter 4600/18808  loss=nan
    [train] iter 4620/18808  loss=nan
    [train] iter 4640/18808  loss=nan
    [train] iter 4660/18808  loss=nan
    [train] iter 4680/18808  loss=nan
    [train] iter 4700/18808  loss=nan
    [train] iter 4720/18808  loss=nan
    [train] iter 4740/18808  loss=nan
    [train] iter 4760/18808  loss=nan
    [train] iter 4780/18808  loss=nan
    [train] iter 4800/18808  loss=nan
    [train] iter 4820/18808  loss=nan
    [train] iter 4840/18808  loss=nan
    [train] iter 4860/18808  loss=nan
    [train] iter 4880/18808  loss=nan
    [train] iter 4900/18808  loss=nan
    [train] iter 4920/18808  loss=nan
    [train] iter 4940/18808  loss=nan
    [train] iter 4960/18808  loss=nan
    [train] iter 4980/18808  loss=nan
    [train] iter 5000/18808  loss=nan
    [train] iter 5020/18808  loss=nan
    [train] iter 5040/18808  loss=nan
    [train] iter 5060/18808  loss=nan
    [train] iter 5080/18808  loss=nan
    [train] iter 5100/18808  loss=nan
    [train] iter 5120/18808  loss=nan
    [train] iter 5140/18808  loss=nan
    [train] iter 5160/18808  loss=nan
    [train] iter 5180/18808  loss=nan
    [train] iter 5200/18808  loss=nan
    [train] iter 5220/18808  loss=nan
    [train] iter 5240/18808  loss=nan
    [train] iter 5260/18808  loss=nan
    [train] iter 5280/18808  loss=nan
    [train] iter 5300/18808  loss=nan
    [train] iter 5320/18808  loss=nan
    [train] iter 5340/18808  loss=nan
    [train] iter 5360/18808  loss=nan
    [train] iter 5380/18808  loss=nan
    [train] iter 5400/18808  loss=nan
    [train] iter 5420/18808  loss=nan
    [train] iter 5440/18808  loss=nan
    [train] iter 5460/18808  loss=nan
    [train] iter 5480/18808  loss=nan
    [train] iter 5500/18808  loss=nan
    [train] iter 5520/18808  loss=nan
    [train] iter 5540/18808  loss=nan
    [train] iter 5560/18808  loss=nan
    [train] iter 5580/18808  loss=nan
    [train] iter 5600/18808  loss=nan
    [train] iter 5620/18808  loss=nan
    [train] iter 5640/18808  loss=nan
    [train] iter 5660/18808  loss=nan
    [train] iter 5680/18808  loss=nan
    [train] iter 5700/18808  loss=nan
    [train] iter 5720/18808  loss=nan
    [train] iter 5740/18808  loss=nan
    [train] iter 5760/18808  loss=nan
    [train] iter 5780/18808  loss=nan
    [train] iter 5800/18808  loss=nan
    [train] iter 5820/18808  loss=nan
    [train] iter 5840/18808  loss=nan
    [train] iter 5860/18808  loss=nan
    [train] iter 5880/18808  loss=nan
    [train] iter 5900/18808  loss=nan
    [train] iter 5920/18808  loss=nan
    [train] iter 5940/18808  loss=nan
    [train] iter 5960/18808  loss=nan
    [train] iter 5980/18808  loss=nan
    [train] iter 6000/18808  loss=nan
    [train] iter 6020/18808  loss=nan
    [train] iter 6040/18808  loss=nan
    [train] iter 6060/18808  loss=nan
    [train] iter 6080/18808  loss=nan
    [train] iter 6100/18808  loss=nan
    [train] iter 6120/18808  loss=nan
    [train] iter 6140/18808  loss=nan
    [train] iter 6160/18808  loss=nan
    [train] iter 6180/18808  loss=nan
    [train] iter 6200/18808  loss=nan
    [train] iter 6220/18808  loss=nan
    [train] iter 6240/18808  loss=nan
    [train] iter 6260/18808  loss=nan
    [train] iter 6280/18808  loss=nan
    [train] iter 6300/18808  loss=nan
    [train] iter 6320/18808  loss=nan
    [train] iter 6340/18808  loss=nan
    [train] iter 6360/18808  loss=nan
    [train] iter 6380/18808  loss=nan
    [train] iter 6400/18808  loss=nan
    [train] iter 6420/18808  loss=nan
    [train] iter 6440/18808  loss=nan
    [train] iter 6460/18808  loss=nan
    [train] iter 6480/18808  loss=nan
    [train] iter 6500/18808  loss=nan
    [train] iter 6520/18808  loss=nan
    [train] iter 6540/18808  loss=nan
    [train] iter 6560/18808  loss=nan
    [train] iter 6580/18808  loss=nan
    [train] iter 6600/18808  loss=nan
    [train] iter 6620/18808  loss=nan
    [train] iter 6640/18808  loss=nan
    [train] iter 6660/18808  loss=nan
    [train] iter 6680/18808  loss=nan
    [train] iter 6700/18808  loss=nan
    [train] iter 6720/18808  loss=nan
    [train] iter 6740/18808  loss=nan
    [train] iter 6760/18808  loss=nan
    [train] iter 6780/18808  loss=nan
    [train] iter 6800/18808  loss=nan
    [train] iter 6820/18808  loss=nan
    [train] iter 6840/18808  loss=nan
    [train] iter 6860/18808  loss=nan
    [train] iter 6880/18808  loss=nan
    [train] iter 6900/18808  loss=nan
    [train] iter 6920/18808  loss=nan
    [train] iter 6940/18808  loss=nan
    [train] iter 6960/18808  loss=nan
    [train] iter 6980/18808  loss=nan
    [train] iter 7000/18808  loss=nan
    [train] iter 7020/18808  loss=nan
    [train] iter 7040/18808  loss=nan
    [train] iter 7060/18808  loss=nan
    [train] iter 7080/18808  loss=nan
    [train] iter 7100/18808  loss=nan
    [train] iter 7120/18808  loss=nan
    [train] iter 7140/18808  loss=nan
    [train] iter 7160/18808  loss=nan
    [train] iter 7180/18808  loss=nan
    [train] iter 7200/18808  loss=nan
    [train] iter 7220/18808  loss=nan
    [train] iter 7240/18808  loss=nan
    [train] iter 7260/18808  loss=nan
    [train] iter 7280/18808  loss=nan
    [train] iter 7300/18808  loss=nan
    [train] iter 7320/18808  loss=nan
    [train] iter 7340/18808  loss=nan
    [train] iter 7360/18808  loss=nan
    [train] iter 7380/18808  loss=nan
    [train] iter 7400/18808  loss=nan
    [train] iter 7420/18808  loss=nan
    [train] iter 7440/18808  loss=nan
    [train] iter 7460/18808  loss=nan
    [train] iter 7480/18808  loss=nan
    [train] iter 7500/18808  loss=nan
    [train] iter 7520/18808  loss=nan
    [train] iter 7540/18808  loss=nan
    [train] iter 7560/18808  loss=nan
    [train] iter 7580/18808  loss=nan
    [train] iter 7600/18808  loss=nan
    [train] iter 7620/18808  loss=nan
    [train] iter 7640/18808  loss=nan
    [train] iter 7660/18808  loss=nan
    [train] iter 7680/18808  loss=nan
    [train] iter 7700/18808  loss=nan
    [train] iter 7720/18808  loss=nan
    [train] iter 7740/18808  loss=nan
    [train] iter 7760/18808  loss=nan
    [train] iter 7780/18808  loss=nan
    [train] iter 7800/18808  loss=nan
    [train] iter 7820/18808  loss=nan
    [train] iter 7840/18808  loss=nan
    [train] iter 7860/18808  loss=nan
    [train] iter 7880/18808  loss=nan
    [train] iter 7900/18808  loss=nan
    [train] iter 7920/18808  loss=nan
    [train] iter 7940/18808  loss=nan
    [train] iter 7960/18808  loss=nan
    [train] iter 7980/18808  loss=nan
    [train] iter 8000/18808  loss=nan
    [train] iter 8020/18808  loss=nan
    [train] iter 8040/18808  loss=nan
    [train] iter 8060/18808  loss=nan
    [train] iter 8080/18808  loss=nan
    [train] iter 8100/18808  loss=nan
    [train] iter 8120/18808  loss=nan
    [train] iter 8140/18808  loss=nan
    [train] iter 8160/18808  loss=nan
    [train] iter 8180/18808  loss=nan
    [train] iter 8200/18808  loss=nan
    [train] iter 8220/18808  loss=nan
    [train] iter 8240/18808  loss=nan
    [train] iter 8260/18808  loss=nan
    [train] iter 8280/18808  loss=nan
    [train] iter 8300/18808  loss=nan
    [train] iter 8320/18808  loss=nan
    [train] iter 8340/18808  loss=nan
    [train] iter 8360/18808  loss=nan
    [train] iter 8380/18808  loss=nan
    [train] iter 8400/18808  loss=nan
    [train] iter 8420/18808  loss=nan
    [train] iter 8440/18808  loss=nan
    [train] iter 8460/18808  loss=nan
    [train] iter 8480/18808  loss=nan
    [train] iter 8500/18808  loss=nan
    [train] iter 8520/18808  loss=nan
    [train] iter 8540/18808  loss=nan
    [train] iter 8560/18808  loss=nan
    [train] iter 8580/18808  loss=nan
    [train] iter 8600/18808  loss=nan
    [train] iter 8620/18808  loss=nan
    [train] iter 8640/18808  loss=nan
    [train] iter 8660/18808  loss=nan
    [train] iter 8680/18808  loss=nan
    [train] iter 8700/18808  loss=nan
    [train] iter 8720/18808  loss=nan
    [train] iter 8740/18808  loss=nan
    [train] iter 8760/18808  loss=nan
    [train] iter 8780/18808  loss=nan
    [train] iter 8800/18808  loss=nan
    [train] iter 8820/18808  loss=nan
    [train] iter 8840/18808  loss=nan
    [train] iter 8860/18808  loss=nan
    [train] iter 8880/18808  loss=nan
    [train] iter 8900/18808  loss=nan
    [train] iter 8920/18808  loss=nan
    [train] iter 8940/18808  loss=nan
    [train] iter 8960/18808  loss=nan
    [train] iter 8980/18808  loss=nan
    [train] iter 9000/18808  loss=nan
    [train] iter 9020/18808  loss=nan
    [train] iter 9040/18808  loss=nan
    [train] iter 9060/18808  loss=nan
    [train] iter 9080/18808  loss=nan
    [train] iter 9100/18808  loss=nan
    [train] iter 9120/18808  loss=nan
    [train] iter 9140/18808  loss=nan
    [train] iter 9160/18808  loss=nan
    [train] iter 9180/18808  loss=nan
    [train] iter 9200/18808  loss=nan
    [train] iter 9220/18808  loss=nan
    [train] iter 9240/18808  loss=nan
    [train] iter 9260/18808  loss=nan
    [train] iter 9280/18808  loss=nan
    [train] iter 9300/18808  loss=nan
    [train] iter 9320/18808  loss=nan
    [train] iter 9340/18808  loss=nan
    [train] iter 9360/18808  loss=nan
    [train] iter 9380/18808  loss=nan
    [train] iter 9400/18808  loss=nan
    [train] iter 9420/18808  loss=nan
    [train] iter 9440/18808  loss=nan
    [train] iter 9460/18808  loss=nan
    [train] iter 9480/18808  loss=nan
    [train] iter 9500/18808  loss=nan
    [train] iter 9520/18808  loss=nan
    [train] iter 9540/18808  loss=nan
    [train] iter 9560/18808  loss=nan
    [train] iter 9580/18808  loss=nan
    [train] iter 9600/18808  loss=nan
    [train] iter 9620/18808  loss=nan
    [train] iter 9640/18808  loss=nan
    [train] iter 9660/18808  loss=nan
    [train] iter 9680/18808  loss=nan
    [train] iter 9700/18808  loss=nan
    [train] iter 9720/18808  loss=nan
    [train] iter 9740/18808  loss=nan
    [train] iter 9760/18808  loss=nan
    [train] iter 9780/18808  loss=nan
    [train] iter 9800/18808  loss=nan
    [train] iter 9820/18808  loss=nan
    [train] iter 9840/18808  loss=nan
    [train] iter 9860/18808  loss=nan
    [train] iter 9880/18808  loss=nan
    [train] iter 9900/18808  loss=nan
    [train] iter 9920/18808  loss=nan
    [train] iter 9940/18808  loss=nan
    [train] iter 9960/18808  loss=nan
    [train] iter 9980/18808  loss=nan
    [train] iter 10000/18808  loss=nan
    [train] iter 10020/18808  loss=nan
    [train] iter 10040/18808  loss=nan
    [train] iter 10060/18808  loss=nan
    [train] iter 10080/18808  loss=nan
    [train] iter 10100/18808  loss=nan
    [train] iter 10120/18808  loss=nan
    [train] iter 10140/18808  loss=nan
    [train] iter 10160/18808  loss=nan
    [train] iter 10180/18808  loss=nan
    [train] iter 10200/18808  loss=nan
    [train] iter 10220/18808  loss=nan
    [train] iter 10240/18808  loss=nan
    [train] iter 10260/18808  loss=nan
    [train] iter 10280/18808  loss=nan
    [train] iter 10300/18808  loss=nan
    [train] iter 10320/18808  loss=nan
    [train] iter 10340/18808  loss=nan
    [train] iter 10360/18808  loss=nan
    [train] iter 10380/18808  loss=nan
    [train] iter 10400/18808  loss=nan
    [train] iter 10420/18808  loss=nan
    [train] iter 10440/18808  loss=nan
    [train] iter 10460/18808  loss=nan
    [train] iter 10480/18808  loss=nan
    [train] iter 10500/18808  loss=nan
    [train] iter 10520/18808  loss=nan
    [train] iter 10540/18808  loss=nan
    [train] iter 10560/18808  loss=nan
    [train] iter 10580/18808  loss=nan
    [train] iter 10600/18808  loss=nan
    [train] iter 10620/18808  loss=nan
    [train] iter 10640/18808  loss=nan
    [train] iter 10660/18808  loss=nan
    [train] iter 10680/18808  loss=nan
    [train] iter 10700/18808  loss=nan
    [train] iter 10720/18808  loss=nan
    [train] iter 10740/18808  loss=nan
    [train] iter 10760/18808  loss=nan
    [train] iter 10780/18808  loss=nan
    [train] iter 10800/18808  loss=nan
    [train] iter 10820/18808  loss=nan
    [train] iter 10840/18808  loss=nan
    [train] iter 10860/18808  loss=nan
    [train] iter 10880/18808  loss=nan
    [train] iter 10900/18808  loss=nan
    [train] iter 10920/18808  loss=nan
    [train] iter 10940/18808  loss=nan
    [train] iter 10960/18808  loss=nan
    [train] iter 10980/18808  loss=nan
    [train] iter 11000/18808  loss=nan
    [train] iter 11020/18808  loss=nan
    [train] iter 11040/18808  loss=nan
    [train] iter 11060/18808  loss=nan
    [train] iter 11080/18808  loss=nan
    [train] iter 11100/18808  loss=nan
    [train] iter 11120/18808  loss=nan
    [train] iter 11140/18808  loss=nan
    [train] iter 11160/18808  loss=nan
    [train] iter 11180/18808  loss=nan
    [train] iter 11200/18808  loss=nan
    [train] iter 11220/18808  loss=nan
    [train] iter 11240/18808  loss=nan
    [train] iter 11260/18808  loss=nan
    [train] iter 11280/18808  loss=nan
    [train] iter 11300/18808  loss=nan
    [train] iter 11320/18808  loss=nan
    [train] iter 11340/18808  loss=nan
    [train] iter 11360/18808  loss=nan
    [train] iter 11380/18808  loss=nan
    [train] iter 11400/18808  loss=nan
    [train] iter 11420/18808  loss=nan
    [train] iter 11440/18808  loss=nan
    [train] iter 11460/18808  loss=nan
    [train] iter 11480/18808  loss=nan
    [train] iter 11500/18808  loss=nan
    [train] iter 11520/18808  loss=nan
    [train] iter 11540/18808  loss=nan
    [train] iter 11560/18808  loss=nan
    [train] iter 11580/18808  loss=nan
    [train] iter 11600/18808  loss=nan
    [train] iter 11620/18808  loss=nan
    [train] iter 11640/18808  loss=nan
    [train] iter 11660/18808  loss=nan
    [train] iter 11680/18808  loss=nan
    [train] iter 11700/18808  loss=nan
    [train] iter 11720/18808  loss=nan
    [train] iter 11740/18808  loss=nan
    [train] iter 11760/18808  loss=nan
    [train] iter 11780/18808  loss=nan
    [train] iter 11800/18808  loss=nan
    [train] iter 11820/18808  loss=nan
    [train] iter 11840/18808  loss=nan
    [train] iter 11860/18808  loss=nan
    [train] iter 11880/18808  loss=nan
    [train] iter 11900/18808  loss=nan
    [train] iter 11920/18808  loss=nan
    [train] iter 11940/18808  loss=nan
    [train] iter 11960/18808  loss=nan
    [train] iter 11980/18808  loss=nan
    [train] iter 12000/18808  loss=nan
    [train] iter 12020/18808  loss=nan
    [train] iter 12040/18808  loss=nan
    [train] iter 12060/18808  loss=nan
    [train] iter 12080/18808  loss=nan
    [train] iter 12100/18808  loss=nan
    [train] iter 12120/18808  loss=nan
    [train] iter 12140/18808  loss=nan
    [train] iter 12160/18808  loss=nan
    [train] iter 12180/18808  loss=nan
    [train] iter 12200/18808  loss=nan
    [train] iter 12220/18808  loss=nan
    [train] iter 12240/18808  loss=nan
    [train] iter 12260/18808  loss=nan
    [train] iter 12280/18808  loss=nan
    [train] iter 12300/18808  loss=nan
    [train] iter 12320/18808  loss=nan
    [train] iter 12340/18808  loss=nan
    [train] iter 12360/18808  loss=nan
    [train] iter 12380/18808  loss=nan
    [train] iter 12400/18808  loss=nan
    [train] iter 12420/18808  loss=nan
    [train] iter 12440/18808  loss=nan
    [train] iter 12460/18808  loss=nan
    [train] iter 12480/18808  loss=nan
    [train] iter 12500/18808  loss=nan
    [train] iter 12520/18808  loss=nan
    [train] iter 12540/18808  loss=nan
    [train] iter 12560/18808  loss=nan
    [train] iter 12580/18808  loss=nan
    [train] iter 12600/18808  loss=nan
    [train] iter 12620/18808  loss=nan
    [train] iter 12640/18808  loss=nan
    [train] iter 12660/18808  loss=nan
    [train] iter 12680/18808  loss=nan
    [train] iter 12700/18808  loss=nan
    [train] iter 12720/18808  loss=nan
    [train] iter 12740/18808  loss=nan
    [train] iter 12760/18808  loss=nan
    [train] iter 12780/18808  loss=nan
    [train] iter 12800/18808  loss=nan
    [train] iter 12820/18808  loss=nan
    [train] iter 12840/18808  loss=nan
    [train] iter 12860/18808  loss=nan
    [train] iter 12880/18808  loss=nan
    [train] iter 12900/18808  loss=nan
    [train] iter 12920/18808  loss=nan
    [train] iter 12940/18808  loss=nan
    [train] iter 12960/18808  loss=nan
    [train] iter 12980/18808  loss=nan
    [train] iter 13000/18808  loss=nan
    [train] iter 13020/18808  loss=nan
    [train] iter 13040/18808  loss=nan
    [train] iter 13060/18808  loss=nan
    [train] iter 13080/18808  loss=nan
    [train] iter 13100/18808  loss=nan
    [train] iter 13120/18808  loss=nan
    [train] iter 13140/18808  loss=nan
    [train] iter 13160/18808  loss=nan
    [train] iter 13180/18808  loss=nan
    [train] iter 13200/18808  loss=nan
    [train] iter 13220/18808  loss=nan
    [train] iter 13240/18808  loss=nan
    [train] iter 13260/18808  loss=nan
    [train] iter 13280/18808  loss=nan
    [train] iter 13300/18808  loss=nan
    [train] iter 13320/18808  loss=nan
    [train] iter 13340/18808  loss=nan
    [train] iter 13360/18808  loss=nan
    [train] iter 13380/18808  loss=nan
    [train] iter 13400/18808  loss=nan
    [train] iter 13420/18808  loss=nan
    [train] iter 13440/18808  loss=nan
    [train] iter 13460/18808  loss=nan
    [train] iter 13480/18808  loss=nan
    [train] iter 13500/18808  loss=nan
    [train] iter 13520/18808  loss=nan
    [train] iter 13540/18808  loss=nan
    [train] iter 13560/18808  loss=nan
    [train] iter 13580/18808  loss=nan
    [train] iter 13600/18808  loss=nan
    [train] iter 13620/18808  loss=nan
    [train] iter 13640/18808  loss=nan
    [train] iter 13660/18808  loss=nan
    [train] iter 13680/18808  loss=nan
    [train] iter 13700/18808  loss=nan
    [train] iter 13720/18808  loss=nan
    [train] iter 13740/18808  loss=nan
    [train] iter 13760/18808  loss=nan
    [train] iter 13780/18808  loss=nan
    [train] iter 13800/18808  loss=nan
    [train] iter 13820/18808  loss=nan
    [train] iter 13840/18808  loss=nan
    [train] iter 13860/18808  loss=nan
    [train] iter 13880/18808  loss=nan
    [train] iter 13900/18808  loss=nan
    [train] iter 13920/18808  loss=nan
    [train] iter 13940/18808  loss=nan
    [train] iter 13960/18808  loss=nan
    [train] iter 13980/18808  loss=nan
    [train] iter 14000/18808  loss=nan
    [train] iter 14020/18808  loss=nan
    [train] iter 14040/18808  loss=nan
    [train] iter 14060/18808  loss=nan
    [train] iter 14080/18808  loss=nan
    [train] iter 14100/18808  loss=nan
    [train] iter 14120/18808  loss=nan
    [train] iter 14140/18808  loss=nan
    [train] iter 14160/18808  loss=nan
    [train] iter 14180/18808  loss=nan
    [train] iter 14200/18808  loss=nan
    [train] iter 14220/18808  loss=nan
    [train] iter 14240/18808  loss=nan
    [train] iter 14260/18808  loss=nan
    [train] iter 14280/18808  loss=nan
    [train] iter 14300/18808  loss=nan
    [train] iter 14320/18808  loss=nan
    [train] iter 14340/18808  loss=nan
    [train] iter 14360/18808  loss=nan
    [train] iter 14380/18808  loss=nan
    [train] iter 14400/18808  loss=nan
    [train] iter 14420/18808  loss=nan
    [train] iter 14440/18808  loss=nan
    [train] iter 14460/18808  loss=nan
    [train] iter 14480/18808  loss=nan
    [train] iter 14500/18808  loss=nan
    [train] iter 14520/18808  loss=nan
    [train] iter 14540/18808  loss=nan
    [train] iter 14560/18808  loss=nan
    [train] iter 14580/18808  loss=nan
    [train] iter 14600/18808  loss=nan
    [train] iter 14620/18808  loss=nan
    [train] iter 14640/18808  loss=nan
    [train] iter 14660/18808  loss=nan
    [train] iter 14680/18808  loss=nan
    [train] iter 14700/18808  loss=nan
    [train] iter 14720/18808  loss=nan
    [train] iter 14740/18808  loss=nan
    [train] iter 14760/18808  loss=nan
    [train] iter 14780/18808  loss=nan
    [train] iter 14800/18808  loss=nan
    [train] iter 14820/18808  loss=nan
    [train] iter 14840/18808  loss=nan
    [train] iter 14860/18808  loss=nan
    [train] iter 14880/18808  loss=nan
    [train] iter 14900/18808  loss=nan
    [train] iter 14920/18808  loss=nan
    [train] iter 14940/18808  loss=nan
    [train] iter 14960/18808  loss=nan
    [train] iter 14980/18808  loss=nan
    [train] iter 15000/18808  loss=nan
    [train] iter 15020/18808  loss=nan
    [train] iter 15040/18808  loss=nan
    [train] iter 15060/18808  loss=nan
    [train] iter 15080/18808  loss=nan
    [train] iter 15100/18808  loss=nan
    [train] iter 15120/18808  loss=nan
    [train] iter 15140/18808  loss=nan
    [train] iter 15160/18808  loss=nan
    [train] iter 15180/18808  loss=nan
    [train] iter 15200/18808  loss=nan
    [train] iter 15220/18808  loss=nan
    [train] iter 15240/18808  loss=nan
    [train] iter 15260/18808  loss=nan
    [train] iter 15280/18808  loss=nan
    [train] iter 15300/18808  loss=nan
    [train] iter 15320/18808  loss=nan
    [train] iter 15340/18808  loss=nan
    [train] iter 15360/18808  loss=nan
    [train] iter 15380/18808  loss=nan
    [train] iter 15400/18808  loss=nan
    [train] iter 15420/18808  loss=nan
    [train] iter 15440/18808  loss=nan
    [train] iter 15460/18808  loss=nan
    [train] iter 15480/18808  loss=nan
    [train] iter 15500/18808  loss=nan
    [train] iter 15520/18808  loss=nan
    [train] iter 15540/18808  loss=nan
    [train] iter 15560/18808  loss=nan
    [train] iter 15580/18808  loss=nan
    [train] iter 15600/18808  loss=nan
    [train] iter 15620/18808  loss=nan
    [train] iter 15640/18808  loss=nan
    [train] iter 15660/18808  loss=nan
    [train] iter 15680/18808  loss=nan
    [train] iter 15700/18808  loss=nan
    [train] iter 15720/18808  loss=nan
    [train] iter 15740/18808  loss=nan
    [train] iter 15760/18808  loss=nan
    [train] iter 15780/18808  loss=nan
    [train] iter 15800/18808  loss=nan
    [train] iter 15820/18808  loss=nan
    [train] iter 15840/18808  loss=nan
    [train] iter 15860/18808  loss=nan
    [train] iter 15880/18808  loss=nan
    [train] iter 15900/18808  loss=nan
    [train] iter 15920/18808  loss=nan
    [train] iter 15940/18808  loss=nan
    [train] iter 15960/18808  loss=nan
    [train] iter 15980/18808  loss=nan
    [train] iter 16000/18808  loss=nan
    [train] iter 16020/18808  loss=nan
    [train] iter 16040/18808  loss=nan
    [train] iter 16060/18808  loss=nan
    [train] iter 16080/18808  loss=nan
    [train] iter 16100/18808  loss=nan
    [train] iter 16120/18808  loss=nan
    [train] iter 16140/18808  loss=nan
    [train] iter 16160/18808  loss=nan
    [train] iter 16180/18808  loss=nan
    [train] iter 16200/18808  loss=nan
    [train] iter 16220/18808  loss=nan
    [train] iter 16240/18808  loss=nan
    [train] iter 16260/18808  loss=nan
    [train] iter 16280/18808  loss=nan
    [train] iter 16300/18808  loss=nan
    [train] iter 16320/18808  loss=nan
    [train] iter 16340/18808  loss=nan
    [train] iter 16360/18808  loss=nan
    [train] iter 16380/18808  loss=nan
    [train] iter 16400/18808  loss=nan
    [train] iter 16420/18808  loss=nan
    [train] iter 16440/18808  loss=nan
    [train] iter 16460/18808  loss=nan
    [train] iter 16480/18808  loss=nan
    [train] iter 16500/18808  loss=nan
    [train] iter 16520/18808  loss=nan
    [train] iter 16540/18808  loss=nan
    [train] iter 16560/18808  loss=nan
    [train] iter 16580/18808  loss=nan
    [train] iter 16600/18808  loss=nan
    [train] iter 16620/18808  loss=nan
    [train] iter 16640/18808  loss=nan
    [train] iter 16660/18808  loss=nan
    [train] iter 16680/18808  loss=nan
    [train] iter 16700/18808  loss=nan
    [train] iter 16720/18808  loss=nan
    [train] iter 16740/18808  loss=nan
    [train] iter 16760/18808  loss=nan
    [train] iter 16780/18808  loss=nan
    [train] iter 16800/18808  loss=nan
    [train] iter 16820/18808  loss=nan
    [train] iter 16840/18808  loss=nan
    [train] iter 16860/18808  loss=nan
    [train] iter 16880/18808  loss=nan
    [train] iter 16900/18808  loss=nan
    [train] iter 16920/18808  loss=nan
    [train] iter 16940/18808  loss=nan
    [train] iter 16960/18808  loss=nan
    [train] iter 16980/18808  loss=nan
    [train] iter 17000/18808  loss=nan
    [train] iter 17020/18808  loss=nan
    [train] iter 17040/18808  loss=nan
    [train] iter 17060/18808  loss=nan
    [train] iter 17080/18808  loss=nan
    [train] iter 17100/18808  loss=nan
    [train] iter 17120/18808  loss=nan
    [train] iter 17140/18808  loss=nan
    [train] iter 17160/18808  loss=nan
    [train] iter 17180/18808  loss=nan
    [train] iter 17200/18808  loss=nan
    [train] iter 17220/18808  loss=nan
    [train] iter 17240/18808  loss=nan
    [train] iter 17260/18808  loss=nan
    [train] iter 17280/18808  loss=nan
    [train] iter 17300/18808  loss=nan
    [train] iter 17320/18808  loss=nan
    [train] iter 17340/18808  loss=nan
    [train] iter 17360/18808  loss=nan
    [train] iter 17380/18808  loss=nan
    [train] iter 17400/18808  loss=nan
    [train] iter 17420/18808  loss=nan
    [train] iter 17440/18808  loss=nan
    [train] iter 17460/18808  loss=nan
    [train] iter 17480/18808  loss=nan
    [train] iter 17500/18808  loss=nan
    [train] iter 17520/18808  loss=nan
    [train] iter 17540/18808  loss=nan
    [train] iter 17560/18808  loss=nan
    [train] iter 17580/18808  loss=nan
    [train] iter 17600/18808  loss=nan
    [train] iter 17620/18808  loss=nan
    [train] iter 17640/18808  loss=nan
    [train] iter 17660/18808  loss=nan
    [train] iter 17680/18808  loss=nan
    [train] iter 17700/18808  loss=nan
    [train] iter 17720/18808  loss=nan
    [train] iter 17740/18808  loss=nan
    [train] iter 17760/18808  loss=nan
    [train] iter 17780/18808  loss=nan
    [train] iter 17800/18808  loss=nan
    [train] iter 17820/18808  loss=nan
    [train] iter 17840/18808  loss=nan
    [train] iter 17860/18808  loss=nan
    [train] iter 17880/18808  loss=nan
    [train] iter 17900/18808  loss=nan
    [train] iter 17920/18808  loss=nan
    [train] iter 17940/18808  loss=nan
    [train] iter 17960/18808  loss=nan
    [train] iter 17980/18808  loss=nan
    [train] iter 18000/18808  loss=nan
    [train] iter 18020/18808  loss=nan
    [train] iter 18040/18808  loss=nan
    [train] iter 18060/18808  loss=nan
    [train] iter 18080/18808  loss=nan
    [train] iter 18100/18808  loss=nan
    [train] iter 18120/18808  loss=nan
    [train] iter 18140/18808  loss=nan
    [train] iter 18160/18808  loss=nan
    [train] iter 18180/18808  loss=nan
    [train] iter 18200/18808  loss=nan
    [train] iter 18220/18808  loss=nan
    [train] iter 18240/18808  loss=nan
    [train] iter 18260/18808  loss=nan
    [train] iter 18280/18808  loss=nan
    [train] iter 18300/18808  loss=nan
    [train] iter 18320/18808  loss=nan
    [train] iter 18340/18808  loss=nan
    [train] iter 18360/18808  loss=nan
    [train] iter 18380/18808  loss=nan
    [train] iter 18400/18808  loss=nan
    [train] iter 18420/18808  loss=nan
    [train] iter 18440/18808  loss=nan
    [train] iter 18460/18808  loss=nan
    [train] iter 18480/18808  loss=nan
    [train] iter 18500/18808  loss=nan
    [train] iter 18520/18808  loss=nan
    [train] iter 18540/18808  loss=nan
    [train] iter 18560/18808  loss=nan
    [train] iter 18580/18808  loss=nan
    [train] iter 18600/18808  loss=nan
    [train] iter 18620/18808  loss=nan
    [train] iter 18640/18808  loss=nan
    [train] iter 18660/18808  loss=nan
    [train] iter 18680/18808  loss=nan
    [train] iter 18700/18808  loss=nan
    [train] iter 18720/18808  loss=nan
    [train] iter 18740/18808  loss=nan
    [train] iter 18760/18808  loss=nan
    [train] iter 18780/18808  loss=nan
    [train] iter 18800/18808  loss=nan
  train_loss=nan  val_loss=nan  val_dice=0.1946

--- Epoch 5/100 (lr=9.96e-04) ---
    [train] iter 20/18808  loss=nan
    [train] iter 40/18808  loss=nan
    [train] iter 60/18808  loss=nan
    [train] iter 80/18808  loss=nan
    [train] iter 100/18808  loss=nan
    [train] iter 120/18808  loss=nan
    [train] iter 140/18808  loss=nan
    [train] iter 160/18808  loss=nan
    [train] iter 180/18808  loss=nan
    [train] iter 200/18808  loss=nan
    [train] iter 220/18808  loss=nan
    [train] iter 240/18808  loss=nan
    [train] iter 260/18808  loss=nan
    [train] iter 280/18808  loss=nan
    [train] iter 300/18808  loss=nan
    [train] iter 320/18808  loss=nan
    [train] iter 340/18808  loss=nan
    [train] iter 360/18808  loss=nan
    [train] iter 380/18808  loss=nan
    [train] iter 400/18808  loss=nan
    [train] iter 420/18808  loss=nan
    [train] iter 440/18808  loss=nan
    [train] iter 460/18808  loss=nan
    [train] iter 480/18808  loss=nan
    [train] iter 500/18808  loss=nan
    [train] iter 520/18808  loss=nan
    [train] iter 540/18808  loss=nan
    [train] iter 560/18808  loss=nan
    [train] iter 580/18808  loss=nan
    [train] iter 600/18808  loss=nan
    [train] iter 620/18808  loss=nan
    [train] iter 640/18808  loss=nan
    [train] iter 660/18808  loss=nan
    [train] iter 680/18808  loss=nan
    [train] iter 700/18808  loss=nan
    [train] iter 720/18808  loss=nan
    [train] iter 740/18808  loss=nan
    [train] iter 760/18808  loss=nan
    [train] iter 780/18808  loss=nan
    [train] iter 800/18808  loss=nan
    [train] iter 820/18808  loss=nan
    [train] iter 840/18808  loss=nan
    [train] iter 860/18808  loss=nan
    [train] iter 880/18808  loss=nan
    [train] iter 900/18808  loss=nan
    [train] iter 920/18808  loss=nan
    [train] iter 940/18808  loss=nan
    [train] iter 960/18808  loss=nan
    [train] iter 980/18808  loss=nan
    [train] iter 1000/18808  loss=nan
    [train] iter 1020/18808  loss=nan
    [train] iter 1040/18808  loss=nan
    [train] iter 1060/18808  loss=nan
    [train] iter 1080/18808  loss=nan
    [train] iter 1100/18808  loss=nan
    [train] iter 1120/18808  loss=nan
    [train] iter 1140/18808  loss=nan
    [train] iter 1160/18808  loss=nan
    [train] iter 1180/18808  loss=nan
    [train] iter 1200/18808  loss=nan
    [train] iter 1220/18808  loss=nan
    [train] iter 1240/18808  loss=nan
    [train] iter 1260/18808  loss=nan
    [train] iter 1280/18808  loss=nan
    [train] iter 1300/18808  loss=nan
    [train] iter 1320/18808  loss=nan
    [train] iter 1340/18808  loss=nan
    [train] iter 1360/18808  loss=nan
    [train] iter 1380/18808  loss=nan
    [train] iter 1400/18808  loss=nan
    [train] iter 1420/18808  loss=nan
    [train] iter 1440/18808  loss=nan
    [train] iter 1460/18808  loss=nan
    [train] iter 1480/18808  loss=nan
    [train] iter 1500/18808  loss=nan
    [train] iter 1520/18808  loss=nan
    [train] iter 1540/18808  loss=nan
    [train] iter 1560/18808  loss=nan
    [train] iter 1580/18808  loss=nan
    [train] iter 1600/18808  loss=nan
    [train] iter 1620/18808  loss=nan
    [train] iter 1640/18808  loss=nan
    [train] iter 1660/18808  loss=nan
    [train] iter 1680/18808  loss=nan
    [train] iter 1700/18808  loss=nan
    [train] iter 1720/18808  loss=nan
    [train] iter 1740/18808  loss=nan
    [train] iter 1760/18808  loss=nan
    [train] iter 1780/18808  loss=nan
    [train] iter 1800/18808  loss=nan
    [train] iter 1820/18808  loss=nan
    [train] iter 1840/18808  loss=nan
    [train] iter 1860/18808  loss=nan
    [train] iter 1880/18808  loss=nan
    [train] iter 1900/18808  loss=nan
    [train] iter 1920/18808  loss=nan
    [train] iter 1940/18808  loss=nan
    [train] iter 1960/18808  loss=nan
    [train] iter 1980/18808  loss=nan
    [train] iter 2000/18808  loss=nan
    [train] iter 2020/18808  loss=nan
    [train] iter 2040/18808  loss=nan
    [train] iter 2060/18808  loss=nan
    [train] iter 2080/18808  loss=nan
    [train] iter 2100/18808  loss=nan
    [train] iter 2120/18808  loss=nan
    [train] iter 2140/18808  loss=nan
    [train] iter 2160/18808  loss=nan
    [train] iter 2180/18808  loss=nan
    [train] iter 2200/18808  loss=nan
    [train] iter 2220/18808  loss=nan
    [train] iter 2240/18808  loss=nan
    [train] iter 2260/18808  loss=nan
    [train] iter 2280/18808  loss=nan
    [train] iter 2300/18808  loss=nan
    [train] iter 2320/18808  loss=nan
    [train] iter 2340/18808  loss=nan
    [train] iter 2360/18808  loss=nan
    [train] iter 2380/18808  loss=nan
    [train] iter 2400/18808  loss=nan
    [train] iter 2420/18808  loss=nan
    [train] iter 2440/18808  loss=nan
    [train] iter 2460/18808  loss=nan
    [train] iter 2480/18808  loss=nan
    [train] iter 2500/18808  loss=nan
    [train] iter 2520/18808  loss=nan
    [train] iter 2540/18808  loss=nan
    [train] iter 2560/18808  loss=nan
    [train] iter 2580/18808  loss=nan
    [train] iter 2600/18808  loss=nan
    [train] iter 2620/18808  loss=nan
    [train] iter 2640/18808  loss=nan
    [train] iter 2660/18808  loss=nan
    [train] iter 2680/18808  loss=nan
    [train] iter 2700/18808  loss=nan
    [train] iter 2720/18808  loss=nan
    [train] iter 2740/18808  loss=nan
    [train] iter 2760/18808  loss=nan
    [train] iter 2780/18808  loss=nan
    [train] iter 2800/18808  loss=nan
    [train] iter 2820/18808  loss=nan
    [train] iter 2840/18808  loss=nan
    [train] iter 2860/18808  loss=nan
    [train] iter 2880/18808  loss=nan
    [train] iter 2900/18808  loss=nan
    [train] iter 2920/18808  loss=nan
    [train] iter 2940/18808  loss=nan
    [train] iter 2960/18808  loss=nan
    [train] iter 2980/18808  loss=nan
    [train] iter 3000/18808  loss=nan
    [train] iter 3020/18808  loss=nan
    [train] iter 3040/18808  loss=nan
    [train] iter 3060/18808  loss=nan
    [train] iter 3080/18808  loss=nan
    [train] iter 3100/18808  loss=nan
    [train] iter 3120/18808  loss=nan
    [train] iter 3140/18808  loss=nan
    [train] iter 3160/18808  loss=nan
    [train] iter 3180/18808  loss=nan
    [train] iter 3200/18808  loss=nan
    [train] iter 3220/18808  loss=nan
    [train] iter 3240/18808  loss=nan
    [train] iter 3260/18808  loss=nan
    [train] iter 3280/18808  loss=nan
    [train] iter 3300/18808  loss=nan
    [train] iter 3320/18808  loss=nan
    [train] iter 3340/18808  loss=nan
    [train] iter 3360/18808  loss=nan
    [train] iter 3380/18808  loss=nan
    [train] iter 3400/18808  loss=nan
    [train] iter 3420/18808  loss=nan
    [train] iter 3440/18808  loss=nan
    [train] iter 3460/18808  loss=nan
    [train] iter 3480/18808  loss=nan
    [train] iter 3500/18808  loss=nan
    [train] iter 3520/18808  loss=nan
    [train] iter 3540/18808  loss=nan
    [train] iter 3560/18808  loss=nan
    [train] iter 3580/18808  loss=nan
    [train] iter 3600/18808  loss=nan
    [train] iter 3620/18808  loss=nan
    [train] iter 3640/18808  loss=nan
    [train] iter 3660/18808  loss=nan
    [train] iter 3680/18808  loss=nan
    [train] iter 3700/18808  loss=nan
    [train] iter 3720/18808  loss=nan
    [train] iter 3740/18808  loss=nan
    [train] iter 3760/18808  loss=nan
    [train] iter 3780/18808  loss=nan
    [train] iter 3800/18808  loss=nan
    [train] iter 3820/18808  loss=nan
    [train] iter 3840/18808  loss=nan
    [train] iter 3860/18808  loss=nan
    [train] iter 3880/18808  loss=nan
    [train] iter 3900/18808  loss=nan
    [train] iter 3920/18808  loss=nan
    [train] iter 3940/18808  loss=nan
    [train] iter 3960/18808  loss=nan
    [train] iter 3980/18808  loss=nan
    [train] iter 4000/18808  loss=nan
    [train] iter 4020/18808  loss=nan
    [train] iter 4040/18808  loss=nan
    [train] iter 4060/18808  loss=nan
    [train] iter 4080/18808  loss=nan
    [train] iter 4100/18808  loss=nan
    [train] iter 4120/18808  loss=nan
    [train] iter 4140/18808  loss=nan
    [train] iter 4160/18808  loss=nan
    [train] iter 4180/18808  loss=nan
    [train] iter 4200/18808  loss=nan
    [train] iter 4220/18808  loss=nan
    [train] iter 4240/18808  loss=nan
    [train] iter 4260/18808  loss=nan
    [train] iter 4280/18808  loss=nan
    [train] iter 4300/18808  loss=nan
    [train] iter 4320/18808  loss=nan
    [train] iter 4340/18808  loss=nan
    [train] iter 4360/18808  loss=nan
    [train] iter 4380/18808  loss=nan
    [train] iter 4400/18808  loss=nan
    [train] iter 4420/18808  loss=nan
    [train] iter 4440/18808  loss=nan
    [train] iter 4460/18808  loss=nan
    [train] iter 4480/18808  loss=nan
    [train] iter 4500/18808  loss=nan
    [train] iter 4520/18808  loss=nan
    [train] iter 4540/18808  loss=nan
    [train] iter 4560/18808  loss=nan
    [train] iter 4580/18808  loss=nan
    [train] iter 4600/18808  loss=nan
    [train] iter 4620/18808  loss=nan
    [train] iter 4640/18808  loss=nan
    [train] iter 4660/18808  loss=nan
    [train] iter 4680/18808  loss=nan
    [train] iter 4700/18808  loss=nan
    [train] iter 4720/18808  loss=nan
    [train] iter 4740/18808  loss=nan
    [train] iter 4760/18808  loss=nan
    [train] iter 4780/18808  loss=nan
    [train] iter 4800/18808  loss=nan
    [train] iter 4820/18808  loss=nan
    [train] iter 4840/18808  loss=nan
    [train] iter 4860/18808  loss=nan
    [train] iter 4880/18808  loss=nan
    [train] iter 4900/18808  loss=nan
    [train] iter 4920/18808  loss=nan
    [train] iter 4940/18808  loss=nan
    [train] iter 4960/18808  loss=nan
    [train] iter 4980/18808  loss=nan
    [train] iter 5000/18808  loss=nan
    [train] iter 5020/18808  loss=nan
    [train] iter 5040/18808  loss=nan
    [train] iter 5060/18808  loss=nan
    [train] iter 5080/18808  loss=nan
    [train] iter 5100/18808  loss=nan
    [train] iter 5120/18808  loss=nan
    [train] iter 5140/18808  loss=nan
    [train] iter 5160/18808  loss=nan
    [train] iter 5180/18808  loss=nan
    [train] iter 5200/18808  loss=nan
    [train] iter 5220/18808  loss=nan
    [train] iter 5240/18808  loss=nan
    [train] iter 5260/18808  loss=nan
    [train] iter 5280/18808  loss=nan
    [train] iter 5300/18808  loss=nan
    [train] iter 5320/18808  loss=nan
    [train] iter 5340/18808  loss=nan
    [train] iter 5360/18808  loss=nan
    [train] iter 5380/18808  loss=nan
    [train] iter 5400/18808  loss=nan
    [train] iter 5420/18808  loss=nan
    [train] iter 5440/18808  loss=nan
    [train] iter 5460/18808  loss=nan
    [train] iter 5480/18808  loss=nan
    [train] iter 5500/18808  loss=nan
    [train] iter 5520/18808  loss=nan
    [train] iter 5540/18808  loss=nan
    [train] iter 5560/18808  loss=nan
    [train] iter 5580/18808  loss=nan
    [train] iter 5600/18808  loss=nan
    [train] iter 5620/18808  loss=nan
    [train] iter 5640/18808  loss=nan
    [train] iter 5660/18808  loss=nan
    [train] iter 5680/18808  loss=nan
    [train] iter 5700/18808  loss=nan
    [train] iter 5720/18808  loss=nan
    [train] iter 5740/18808  loss=nan
    [train] iter 5760/18808  loss=nan
    [train] iter 5780/18808  loss=nan
    [train] iter 5800/18808  loss=nan
    [train] iter 5820/18808  loss=nan
    [train] iter 5840/18808  loss=nan
    [train] iter 5860/18808  loss=nan
    [train] iter 5880/18808  loss=nan
    [train] iter 5900/18808  loss=nan
    [train] iter 5920/18808  loss=nan
    [train] iter 5940/18808  loss=nan
    [train] iter 5960/18808  loss=nan
    [train] iter 5980/18808  loss=nan
    [train] iter 6000/18808  loss=nan
    [train] iter 6020/18808  loss=nan
    [train] iter 6040/18808  loss=nan
    [train] iter 6060/18808  loss=nan
    [train] iter 6080/18808  loss=nan
    [train] iter 6100/18808  loss=nan
    [train] iter 6120/18808  loss=nan
    [train] iter 6140/18808  loss=nan
    [train] iter 6160/18808  loss=nan
    [train] iter 6180/18808  loss=nan
    [train] iter 6200/18808  loss=nan
    [train] iter 6220/18808  loss=nan
    [train] iter 6240/18808  loss=nan
    [train] iter 6260/18808  loss=nan
    [train] iter 6280/18808  loss=nan
    [train] iter 6300/18808  loss=nan
    [train] iter 6320/18808  loss=nan
    [train] iter 6340/18808  loss=nan
    [train] iter 6360/18808  loss=nan
    [train] iter 6380/18808  loss=nan
    [train] iter 6400/18808  loss=nan
    [train] iter 6420/18808  loss=nan
    [train] iter 6440/18808  loss=nan
    [train] iter 6460/18808  loss=nan
    [train] iter 6480/18808  loss=nan
    [train] iter 6500/18808  loss=nan
    [train] iter 6520/18808  loss=nan
    [train] iter 6540/18808  loss=nan
    [train] iter 6560/18808  loss=nan
    [train] iter 6580/18808  loss=nan
    [train] iter 6600/18808  loss=nan
    [train] iter 6620/18808  loss=nan
    [train] iter 6640/18808  loss=nan
    [train] iter 6660/18808  loss=nan
    [train] iter 6680/18808  loss=nan
    [train] iter 6700/18808  loss=nan
    [train] iter 6720/18808  loss=nan
    [train] iter 6740/18808  loss=nan
    [train] iter 6760/18808  loss=nan
    [train] iter 6780/18808  loss=nan
    [train] iter 6800/18808  loss=nan
    [train] iter 6820/18808  loss=nan
    [train] iter 6840/18808  loss=nan
    [train] iter 6860/18808  loss=nan
    [train] iter 6880/18808  loss=nan
    [train] iter 6900/18808  loss=nan
    [train] iter 6920/18808  loss=nan
    [train] iter 6940/18808  loss=nan
    [train] iter 6960/18808  loss=nan
    [train] iter 6980/18808  loss=nan
    [train] iter 7000/18808  loss=nan
    [train] iter 7020/18808  loss=nan
    [train] iter 7040/18808  loss=nan
    [train] iter 7060/18808  loss=nan
    [train] iter 7080/18808  loss=nan
    [train] iter 7100/18808  loss=nan
    [train] iter 7120/18808  loss=nan
    [train] iter 7140/18808  loss=nan
    [train] iter 7160/18808  loss=nan
    [train] iter 7180/18808  loss=nan
    [train] iter 7200/18808  loss=nan
    [train] iter 7220/18808  loss=nan
    [train] iter 7240/18808  loss=nan
    [train] iter 7260/18808  loss=nan
    [train] iter 7280/18808  loss=nan
    [train] iter 7300/18808  loss=nan
    [train] iter 7320/18808  loss=nan
    [train] iter 7340/18808  loss=nan
    [train] iter 7360/18808  loss=nan
    [train] iter 7380/18808  loss=nan
    [train] iter 7400/18808  loss=nan
    [train] iter 7420/18808  loss=nan
    [train] iter 7440/18808  loss=nan
    [train] iter 7460/18808  loss=nan
    [train] iter 7480/18808  loss=nan
    [train] iter 7500/18808  loss=nan
    [train] iter 7520/18808  loss=nan
    [train] iter 7540/18808  loss=nan
    [train] iter 7560/18808  loss=nan
    [train] iter 7580/18808  loss=nan
    [train] iter 7600/18808  loss=nan
    [train] iter 7620/18808  loss=nan
    [train] iter 7640/18808  loss=nan
    [train] iter 7660/18808  loss=nan
    [train] iter 7680/18808  loss=nan
    [train] iter 7700/18808  loss=nan
    [train] iter 7720/18808  loss=nan
    [train] iter 7740/18808  loss=nan
    [train] iter 7760/18808  loss=nan
    [train] iter 7780/18808  loss=nan
    [train] iter 7800/18808  loss=nan
    [train] iter 7820/18808  loss=nan
    [train] iter 7840/18808  loss=nan
    [train] iter 7860/18808  loss=nan
    [train] iter 7880/18808  loss=nan
    [train] iter 7900/18808  loss=nan
    [train] iter 7920/18808  loss=nan
    [train] iter 7940/18808  loss=nan
    [train] iter 7960/18808  loss=nan
    [train] iter 7980/18808  loss=nan
    [train] iter 8000/18808  loss=nan
    [train] iter 8020/18808  loss=nan
    [train] iter 8040/18808  loss=nan
    [train] iter 8060/18808  loss=nan
    [train] iter 8080/18808  loss=nan
    [train] iter 8100/18808  loss=nan
    [train] iter 8120/18808  loss=nan
    [train] iter 8140/18808  loss=nan
    [train] iter 8160/18808  loss=nan
    [train] iter 8180/18808  loss=nan
    [train] iter 8200/18808  loss=nan
    [train] iter 8220/18808  loss=nan
    [train] iter 8240/18808  loss=nan
    [train] iter 8260/18808  loss=nan
    [train] iter 8280/18808  loss=nan
    [train] iter 8300/18808  loss=nan
    [train] iter 8320/18808  loss=nan
    [train] iter 8340/18808  loss=nan
    [train] iter 8360/18808  loss=nan
    [train] iter 8380/18808  loss=nan
    [train] iter 8400/18808  loss=nan
    [train] iter 8420/18808  loss=nan
    [train] iter 8440/18808  loss=nan
    [train] iter 8460/18808  loss=nan
    [train] iter 8480/18808  loss=nan
    [train] iter 8500/18808  loss=nan
    [train] iter 8520/18808  loss=nan
    [train] iter 8540/18808  loss=nan
    [train] iter 8560/18808  loss=nan
    [train] iter 8580/18808  loss=nan
    [train] iter 8600/18808  loss=nan
    [train] iter 8620/18808  loss=nan
    [train] iter 8640/18808  loss=nan
    [train] iter 8660/18808  loss=nan
    [train] iter 8680/18808  loss=nan
    [train] iter 8700/18808  loss=nan
    [train] iter 8720/18808  loss=nan
    [train] iter 8740/18808  loss=nan
    [train] iter 8760/18808  loss=nan
    [train] iter 8780/18808  loss=nan
    [train] iter 8800/18808  loss=nan
    [train] iter 8820/18808  loss=nan
    [train] iter 8840/18808  loss=nan
    [train] iter 8860/18808  loss=nan
    [train] iter 8880/18808  loss=nan
    [train] iter 8900/18808  loss=nan
    [train] iter 8920/18808  loss=nan
    [train] iter 8940/18808  loss=nan
    [train] iter 8960/18808  loss=nan
    [train] iter 8980/18808  loss=nan
    [train] iter 9000/18808  loss=nan
    [train] iter 9020/18808  loss=nan
    [train] iter 9040/18808  loss=nan
    [train] iter 9060/18808  loss=nan
    [train] iter 9080/18808  loss=nan
    [train] iter 9100/18808  loss=nan
    [train] iter 9120/18808  loss=nan
    [train] iter 9140/18808  loss=nan
    [train] iter 9160/18808  loss=nan
    [train] iter 9180/18808  loss=nan
    [train] iter 9200/18808  loss=nan
    [train] iter 9220/18808  loss=nan
    [train] iter 9240/18808  loss=nan
    [train] iter 9260/18808  loss=nan
    [train] iter 9280/18808  loss=nan
    [train] iter 9300/18808  loss=nan
    [train] iter 9320/18808  loss=nan
    [train] iter 9340/18808  loss=nan
    [train] iter 9360/18808  loss=nan
    [train] iter 9380/18808  loss=nan
    [train] iter 9400/18808  loss=nan
    [train] iter 9420/18808  loss=nan
    [train] iter 9440/18808  loss=nan
    [train] iter 9460/18808  loss=nan
    [train] iter 9480/18808  loss=nan
    [train] iter 9500/18808  loss=nan
    [train] iter 9520/18808  loss=nan
    [train] iter 9540/18808  loss=nan
    [train] iter 9560/18808  loss=nan
    [train] iter 9580/18808  loss=nan
    [train] iter 9600/18808  loss=nan
    [train] iter 9620/18808  loss=nan
    [train] iter 9640/18808  loss=nan
    [train] iter 9660/18808  loss=nan
    [train] iter 9680/18808  loss=nan
    [train] iter 9700/18808  loss=nan
    [train] iter 9720/18808  loss=nan
    [train] iter 9740/18808  loss=nan
    [train] iter 9760/18808  loss=nan
    [train] iter 9780/18808  loss=nan
    [train] iter 9800/18808  loss=nan
    [train] iter 9820/18808  loss=nan
    [train] iter 9840/18808  loss=nan
    [train] iter 9860/18808  loss=nan
    [train] iter 9880/18808  loss=nan
    [train] iter 9900/18808  loss=nan
    [train] iter 9920/18808  loss=nan
    [train] iter 9940/18808  loss=nan
    [train] iter 9960/18808  loss=nan
    [train] iter 9980/18808  loss=nan
    [train] iter 10000/18808  loss=nan
    [train] iter 10020/18808  loss=nan
    [train] iter 10040/18808  loss=nan
    [train] iter 10060/18808  loss=nan
    [train] iter 10080/18808  loss=nan
    [train] iter 10100/18808  loss=nan
    [train] iter 10120/18808  loss=nan
    [train] iter 10140/18808  loss=nan
    [train] iter 10160/18808  loss=nan
    [train] iter 10180/18808  loss=nan
    [train] iter 10200/18808  loss=nan
    [train] iter 10220/18808  loss=nan
    [train] iter 10240/18808  loss=nan
    [train] iter 10260/18808  loss=nan
    [train] iter 10280/18808  loss=nan
    [train] iter 10300/18808  loss=nan
    [train] iter 10320/18808  loss=nan
    [train] iter 10340/18808  loss=nan
    [train] iter 10360/18808  loss=nan
    [train] iter 10380/18808  loss=nan
    [train] iter 10400/18808  loss=nan
    [train] iter 10420/18808  loss=nan
    [train] iter 10440/18808  loss=nan
    [train] iter 10460/18808  loss=nan
    [train] iter 10480/18808  loss=nan
    [train] iter 10500/18808  loss=nan
    [train] iter 10520/18808  loss=nan
    [train] iter 10540/18808  loss=nan
    [train] iter 10560/18808  loss=nan
    [train] iter 10580/18808  loss=nan
    [train] iter 10600/18808  loss=nan
    [train] iter 10620/18808  loss=nan
    [train] iter 10640/18808  loss=nan
    [train] iter 10660/18808  loss=nan
    [train] iter 10680/18808  loss=nan
    [train] iter 10700/18808  loss=nan
    [train] iter 10720/18808  loss=nan
    [train] iter 10740/18808  loss=nan
    [train] iter 10760/18808  loss=nan
    [train] iter 10780/18808  loss=nan
    [train] iter 10800/18808  loss=nan
    [train] iter 10820/18808  loss=nan
    [train] iter 10840/18808  loss=nan
    [train] iter 10860/18808  loss=nan
    [train] iter 10880/18808  loss=nan
    [train] iter 10900/18808  loss=nan
    [train] iter 10920/18808  loss=nan
    [train] iter 10940/18808  loss=nan
    [train] iter 10960/18808  loss=nan
    [train] iter 10980/18808  loss=nan
    [train] iter 11000/18808  loss=nan
    [train] iter 11020/18808  loss=nan
    [train] iter 11040/18808  loss=nan
    [train] iter 11060/18808  loss=nan
    [train] iter 11080/18808  loss=nan
    [train] iter 11100/18808  loss=nan
    [train] iter 11120/18808  loss=nan
    [train] iter 11140/18808  loss=nan
    [train] iter 11160/18808  loss=nan
    [train] iter 11180/18808  loss=nan
    [train] iter 11200/18808  loss=nan
    [train] iter 11220/18808  loss=nan
    [train] iter 11240/18808  loss=nan
    [train] iter 11260/18808  loss=nan
    [train] iter 11280/18808  loss=nan
    [train] iter 11300/18808  loss=nan
    [train] iter 11320/18808  loss=nan
    [train] iter 11340/18808  loss=nan
    [train] iter 11360/18808  loss=nan
    [train] iter 11380/18808  loss=nan
    [train] iter 11400/18808  loss=nan
    [train] iter 11420/18808  loss=nan
    [train] iter 11440/18808  loss=nan
    [train] iter 11460/18808  loss=nan
    [train] iter 11480/18808  loss=nan
    [train] iter 11500/18808  loss=nan
    [train] iter 11520/18808  loss=nan
    [train] iter 11540/18808  loss=nan
    [train] iter 11560/18808  loss=nan
    [train] iter 11580/18808  loss=nan
    [train] iter 11600/18808  loss=nan
    [train] iter 11620/18808  loss=nan
    [train] iter 11640/18808  loss=nan
    [train] iter 11660/18808  loss=nan
    [train] iter 11680/18808  loss=nan
    [train] iter 11700/18808  loss=nan
    [train] iter 11720/18808  loss=nan
    [train] iter 11740/18808  loss=nan
    [train] iter 11760/18808  loss=nan
    [train] iter 11780/18808  loss=nan
    [train] iter 11800/18808  loss=nan
    [train] iter 11820/18808  loss=nan
    [train] iter 11840/18808  loss=nan
    [train] iter 11860/18808  loss=nan
    [train] iter 11880/18808  loss=nan
    [train] iter 11900/18808  loss=nan
    [train] iter 11920/18808  loss=nan
    [train] iter 11940/18808  loss=nan
    [train] iter 11960/18808  loss=nan
    [train] iter 11980/18808  loss=nan
    [train] iter 12000/18808  loss=nan
    [train] iter 12020/18808  loss=nan
    [train] iter 12040/18808  loss=nan
    [train] iter 12060/18808  loss=nan
    [train] iter 12080/18808  loss=nan
    [train] iter 12100/18808  loss=nan
    [train] iter 12120/18808  loss=nan
    [train] iter 12140/18808  loss=nan
    [train] iter 12160/18808  loss=nan
    [train] iter 12180/18808  loss=nan
    [train] iter 12200/18808  loss=nan
    [train] iter 12220/18808  loss=nan
    [train] iter 12240/18808  loss=nan
    [train] iter 12260/18808  loss=nan
    [train] iter 12280/18808  loss=nan
    [train] iter 12300/18808  loss=nan
    [train] iter 12320/18808  loss=nan
    [train] iter 12340/18808  loss=nan
    [train] iter 12360/18808  loss=nan
    [train] iter 12380/18808  loss=nan
    [train] iter 12400/18808  loss=nan
    [train] iter 12420/18808  loss=nan
    [train] iter 12440/18808  loss=nan
    [train] iter 12460/18808  loss=nan
    [train] iter 12480/18808  loss=nan
    [train] iter 12500/18808  loss=nan
    [train] iter 12520/18808  loss=nan
    [train] iter 12540/18808  loss=nan
    [train] iter 12560/18808  loss=nan
    [train] iter 12580/18808  loss=nan
    [train] iter 12600/18808  loss=nan
    [train] iter 12620/18808  loss=nan
    [train] iter 12640/18808  loss=nan
    [train] iter 12660/18808  loss=nan
    [train] iter 12680/18808  loss=nan
    [train] iter 12700/18808  loss=nan
    [train] iter 12720/18808  loss=nan
    [train] iter 12740/18808  loss=nan
    [train] iter 12760/18808  loss=nan
    [train] iter 12780/18808  loss=nan
    [train] iter 12800/18808  loss=nan
    [train] iter 12820/18808  loss=nan
    [train] iter 12840/18808  loss=nan
    [train] iter 12860/18808  loss=nan
    [train] iter 12880/18808  loss=nan
    [train] iter 12900/18808  loss=nan
    [train] iter 12920/18808  loss=nan
    [train] iter 12940/18808  loss=nan
    [train] iter 12960/18808  loss=nan
    [train] iter 12980/18808  loss=nan
    [train] iter 13000/18808  loss=nan
    [train] iter 13020/18808  loss=nan
    [train] iter 13040/18808  loss=nan
    [train] iter 13060/18808  loss=nan
    [train] iter 13080/18808  loss=nan
    [train] iter 13100/18808  loss=nan
    [train] iter 13120/18808  loss=nan
    [train] iter 13140/18808  loss=nan
    [train] iter 13160/18808  loss=nan
    [train] iter 13180/18808  loss=nan
    [train] iter 13200/18808  loss=nan
    [train] iter 13220/18808  loss=nan
    [train] iter 13240/18808  loss=nan
    [train] iter 13260/18808  loss=nan
    [train] iter 13280/18808  loss=nan
    [train] iter 13300/18808  loss=nan
    [train] iter 13320/18808  loss=nan
    [train] iter 13340/18808  loss=nan
    [train] iter 13360/18808  loss=nan
    [train] iter 13380/18808  loss=nan
    [train] iter 13400/18808  loss=nan
    [train] iter 13420/18808  loss=nan
    [train] iter 13440/18808  loss=nan
    [train] iter 13460/18808  loss=nan
    [train] iter 13480/18808  loss=nan
    [train] iter 13500/18808  loss=nan
    [train] iter 13520/18808  loss=nan
    [train] iter 13540/18808  loss=nan
    [train] iter 13560/18808  loss=nan
    [train] iter 13580/18808  loss=nan
    [train] iter 13600/18808  loss=nan
    [train] iter 13620/18808  loss=nan
    [train] iter 13640/18808  loss=nan
    [train] iter 13660/18808  loss=nan
    [train] iter 13680/18808  loss=nan
    [train] iter 13700/18808  loss=nan
    [train] iter 13720/18808  loss=nan
    [train] iter 13740/18808  loss=nan
    [train] iter 13760/18808  loss=nan
    [train] iter 13780/18808  loss=nan
    [train] iter 13800/18808  loss=nan
    [train] iter 13820/18808  loss=nan
    [train] iter 13840/18808  loss=nan
    [train] iter 13860/18808  loss=nan
    [train] iter 13880/18808  loss=nan
    [train] iter 13900/18808  loss=nan
    [train] iter 13920/18808  loss=nan
    [train] iter 13940/18808  loss=nan
    [train] iter 13960/18808  loss=nan
    [train] iter 13980/18808  loss=nan
    [train] iter 14000/18808  loss=nan
    [train] iter 14020/18808  loss=nan
    [train] iter 14040/18808  loss=nan
    [train] iter 14060/18808  loss=nan
    [train] iter 14080/18808  loss=nan
    [train] iter 14100/18808  loss=nan
    [train] iter 14120/18808  loss=nan
    [train] iter 14140/18808  loss=nan
    [train] iter 14160/18808  loss=nan
    [train] iter 14180/18808  loss=nan
    [train] iter 14200/18808  loss=nan
    [train] iter 14220/18808  loss=nan
    [train] iter 14240/18808  loss=nan
    [train] iter 14260/18808  loss=nan
    [train] iter 14280/18808  loss=nan
    [train] iter 14300/18808  loss=nan
    [train] iter 14320/18808  loss=nan
    [train] iter 14340/18808  loss=nan
    [train] iter 14360/18808  loss=nan
    [train] iter 14380/18808  loss=nan
    [train] iter 14400/18808  loss=nan
    [train] iter 14420/18808  loss=nan
    [train] iter 14440/18808  loss=nan
    [train] iter 14460/18808  loss=nan
    [train] iter 14480/18808  loss=nan
    [train] iter 14500/18808  loss=nan
    [train] iter 14520/18808  loss=nan
    [train] iter 14540/18808  loss=nan
    [train] iter 14560/18808  loss=nan
    [train] iter 14580/18808  loss=nan
    [train] iter 14600/18808  loss=nan
    [train] iter 14620/18808  loss=nan
    [train] iter 14640/18808  loss=nan
    [train] iter 14660/18808  loss=nan
    [train] iter 14680/18808  loss=nan
    [train] iter 14700/18808  loss=nan
    [train] iter 14720/18808  loss=nan
    [train] iter 14740/18808  loss=nan
    [train] iter 14760/18808  loss=nan
    [train] iter 14780/18808  loss=nan
    [train] iter 14800/18808  loss=nan
    [train] iter 14820/18808  loss=nan
    [train] iter 14840/18808  loss=nan
    [train] iter 14860/18808  loss=nan
    [train] iter 14880/18808  loss=nan
    [train] iter 14900/18808  loss=nan
    [train] iter 14920/18808  loss=nan
    [train] iter 14940/18808  loss=nan
    [train] iter 14960/18808  loss=nan
    [train] iter 14980/18808  loss=nan
    [train] iter 15000/18808  loss=nan
    [train] iter 15020/18808  loss=nan
    [train] iter 15040/18808  loss=nan
    [train] iter 15060/18808  loss=nan
    [train] iter 15080/18808  loss=nan
    [train] iter 15100/18808  loss=nan
    [train] iter 15120/18808  loss=nan
    [train] iter 15140/18808  loss=nan
    [train] iter 15160/18808  loss=nan
    [train] iter 15180/18808  loss=nan
    [train] iter 15200/18808  loss=nan
    [train] iter 15220/18808  loss=nan
    [train] iter 15240/18808  loss=nan
    [train] iter 15260/18808  loss=nan
    [train] iter 15280/18808  loss=nan
    [train] iter 15300/18808  loss=nan
    [train] iter 15320/18808  loss=nan
    [train] iter 15340/18808  loss=nan
    [train] iter 15360/18808  loss=nan
    [train] iter 15380/18808  loss=nan
    [train] iter 15400/18808  loss=nan
    [train] iter 15420/18808  loss=nan
    [train] iter 15440/18808  loss=nan
    [train] iter 15460/18808  loss=nan
    [train] iter 15480/18808  loss=nan
    [train] iter 15500/18808  loss=nan
    [train] iter 15520/18808  loss=nan
    [train] iter 15540/18808  loss=nan
    [train] iter 15560/18808  loss=nan
    [train] iter 15580/18808  loss=nan
    [train] iter 15600/18808  loss=nan
    [train] iter 15620/18808  loss=nan
    [train] iter 15640/18808  loss=nan
    [train] iter 15660/18808  loss=nan
    [train] iter 15680/18808  loss=nan
    [train] iter 15700/18808  loss=nan
    [train] iter 15720/18808  loss=nan
    [train] iter 15740/18808  loss=nan
    [train] iter 15760/18808  loss=nan
    [train] iter 15780/18808  loss=nan
    [train] iter 15800/18808  loss=nan
    [train] iter 15820/18808  loss=nan
    [train] iter 15840/18808  loss=nan
    [train] iter 15860/18808  loss=nan
    [train] iter 15880/18808  loss=nan
    [train] iter 15900/18808  loss=nan
    [train] iter 15920/18808  loss=nan
    [train] iter 15940/18808  loss=nan
    [train] iter 15960/18808  loss=nan
    [train] iter 15980/18808  loss=nan
    [train] iter 16000/18808  loss=nan
    [train] iter 16020/18808  loss=nan
    [train] iter 16040/18808  loss=nan
    [train] iter 16060/18808  loss=nan
    [train] iter 16080/18808  loss=nan
    [train] iter 16100/18808  loss=nan
    [train] iter 16120/18808  loss=nan
    [train] iter 16140/18808  loss=nan
    [train] iter 16160/18808  loss=nan
    [train] iter 16180/18808  loss=nan
    [train] iter 16200/18808  loss=nan
    [train] iter 16220/18808  loss=nan
    [train] iter 16240/18808  loss=nan
    [train] iter 16260/18808  loss=nan
    [train] iter 16280/18808  loss=nan
    [train] iter 16300/18808  loss=nan
    [train] iter 16320/18808  loss=nan
    [train] iter 16340/18808  loss=nan
    [train] iter 16360/18808  loss=nan
    [train] iter 16380/18808  loss=nan
    [train] iter 16400/18808  loss=nan
    [train] iter 16420/18808  loss=nan
    [train] iter 16440/18808  loss=nan
    [train] iter 16460/18808  loss=nan
    [train] iter 16480/18808  loss=nan
    [train] iter 16500/18808  loss=nan
    [train] iter 16520/18808  loss=nan
    [train] iter 16540/18808  loss=nan
    [train] iter 16560/18808  loss=nan
    [train] iter 16580/18808  loss=nan
    [train] iter 16600/18808  loss=nan
    [train] iter 16620/18808  loss=nan
    [train] iter 16640/18808  loss=nan
    [train] iter 16660/18808  loss=nan
    [train] iter 16680/18808  loss=nan
    [train] iter 16700/18808  loss=nan
    [train] iter 16720/18808  loss=nan
    [train] iter 16740/18808  loss=nan
    [train] iter 16760/18808  loss=nan
    [train] iter 16780/18808  loss=nan
    [train] iter 16800/18808  loss=nan
    [train] iter 16820/18808  loss=nan
    [train] iter 16840/18808  loss=nan
    [train] iter 16860/18808  loss=nan
    [train] iter 16880/18808  loss=nan
    [train] iter 16900/18808  loss=nan
    [train] iter 16920/18808  loss=nan
    [train] iter 16940/18808  loss=nan
    [train] iter 16960/18808  loss=nan
    [train] iter 16980/18808  loss=nan
    [train] iter 17000/18808  loss=nan
    [train] iter 17020/18808  loss=nan
    [train] iter 17040/18808  loss=nan
    [train] iter 17060/18808  loss=nan
    [train] iter 17080/18808  loss=nan
    [train] iter 17100/18808  loss=nan
    [train] iter 17120/18808  loss=nan
    [train] iter 17140/18808  loss=nan
    [train] iter 17160/18808  loss=nan
    [train] iter 17180/18808  loss=nan
    [train] iter 17200/18808  loss=nan
    [train] iter 17220/18808  loss=nan
    [train] iter 17240/18808  loss=nan
    [train] iter 17260/18808  loss=nan
    [train] iter 17280/18808  loss=nan
    [train] iter 17300/18808  loss=nan
    [train] iter 17320/18808  loss=nan
    [train] iter 17340/18808  loss=nan
    [train] iter 17360/18808  loss=nan
    [train] iter 17380/18808  loss=nan
    [train] iter 17400/18808  loss=nan
    [train] iter 17420/18808  loss=nan
    [train] iter 17440/18808  loss=nan
    [train] iter 17460/18808  loss=nan
    [train] iter 17480/18808  loss=nan
    [train] iter 17500/18808  loss=nan
    [train] iter 17520/18808  loss=nan
    [train] iter 17540/18808  loss=nan
    [train] iter 17560/18808  loss=nan
    [train] iter 17580/18808  loss=nan
    [train] iter 17600/18808  loss=nan
    [train] iter 17620/18808  loss=nan
    [train] iter 17640/18808  loss=nan
    [train] iter 17660/18808  loss=nan
    [train] iter 17680/18808  loss=nan
    [train] iter 17700/18808  loss=nan
    [train] iter 17720/18808  loss=nan
    [train] iter 17740/18808  loss=nan
    [train] iter 17760/18808  loss=nan
    [train] iter 17780/18808  loss=nan
    [train] iter 17800/18808  loss=nan
    [train] iter 17820/18808  loss=nan
    [train] iter 17840/18808  loss=nan
    [train] iter 17860/18808  loss=nan
    [train] iter 17880/18808  loss=nan
    [train] iter 17900/18808  loss=nan
    [train] iter 17920/18808  loss=nan
    [train] iter 17940/18808  loss=nan
    [train] iter 17960/18808  loss=nan
    [train] iter 17980/18808  loss=nan
    [train] iter 18000/18808  loss=nan
    [train] iter 18020/18808  loss=nan
    [train] iter 18040/18808  loss=nan
    [train] iter 18060/18808  loss=nan
    [train] iter 18080/18808  loss=nan
    [train] iter 18100/18808  loss=nan
    [train] iter 18120/18808  loss=nan
    [train] iter 18140/18808  loss=nan
    [train] iter 18160/18808  loss=nan
    [train] iter 18180/18808  loss=nan
    [train] iter 18200/18808  loss=nan
    [train] iter 18220/18808  loss=nan
    [train] iter 18240/18808  loss=nan
    [train] iter 18260/18808  loss=nan
    [train] iter 18280/18808  loss=nan
    [train] iter 18300/18808  loss=nan
    [train] iter 18320/18808  loss=nan
    [train] iter 18340/18808  loss=nan
    [train] iter 18360/18808  loss=nan
    [train] iter 18380/18808  loss=nan
    [train] iter 18400/18808  loss=nan
    [train] iter 18420/18808  loss=nan
    [train] iter 18440/18808  loss=nan
    [train] iter 18460/18808  loss=nan
    [train] iter 18480/18808  loss=nan
    [train] iter 18500/18808  loss=nan
    [train] iter 18520/18808  loss=nan
    [train] iter 18540/18808  loss=nan
    [train] iter 18560/18808  loss=nan
    [train] iter 18580/18808  loss=nan
    [train] iter 18600/18808  loss=nan
    [train] iter 18620/18808  loss=nan
    [train] iter 18640/18808  loss=nan
    [train] iter 18660/18808  loss=nan
    [train] iter 18680/18808  loss=nan
    [train] iter 18700/18808  loss=nan
    [train] iter 18720/18808  loss=nan
    [train] iter 18740/18808  loss=nan
    [train] iter 18760/18808  loss=nan
    [train] iter 18780/18808  loss=nan
    [train] iter 18800/18808  loss=nan
  train_loss=nan  val_loss=nan  val_dice=0.1946

--- Epoch 6/100 (lr=9.94e-04) ---
    [train] iter 20/18808  loss=nan
    [train] iter 40/18808  loss=nan
    [train] iter 60/18808  loss=nan
    [train] iter 80/18808  loss=nan
    [train] iter 100/18808  loss=nan
    [train] iter 120/18808  loss=nan
    [train] iter 140/18808  loss=nan
    [train] iter 160/18808  loss=nan
    [train] iter 180/18808  loss=nan
    [train] iter 200/18808  loss=nan
    [train] iter 220/18808  loss=nan
    [train] iter 240/18808  loss=nan
    [train] iter 260/18808  loss=nan
    [train] iter 280/18808  loss=nan
    [train] iter 300/18808  loss=nan
    [train] iter 320/18808  loss=nan
    [train] iter 340/18808  loss=nan
    [train] iter 360/18808  loss=nan
    [train] iter 380/18808  loss=nan
    [train] iter 400/18808  loss=nan
    [train] iter 420/18808  loss=nan
    [train] iter 440/18808  loss=nan
    [train] iter 460/18808  loss=nan
    [train] iter 480/18808  loss=nan
    [train] iter 500/18808  loss=nan
    [train] iter 520/18808  loss=nan
    [train] iter 540/18808  loss=nan
    [train] iter 560/18808  loss=nan
    [train] iter 580/18808  loss=nan
    [train] iter 600/18808  loss=nan
    [train] iter 620/18808  loss=nan
    [train] iter 640/18808  loss=nan
    [train] iter 660/18808  loss=nan
    [train] iter 680/18808  loss=nan
    [train] iter 700/18808  loss=nan
    [train] iter 720/18808  loss=nan
    [train] iter 740/18808  loss=nan
    [train] iter 760/18808  loss=nan
    [train] iter 780/18808  loss=nan
    [train] iter 800/18808  loss=nan
    [train] iter 820/18808  loss=nan
    [train] iter 840/18808  loss=nan
    [train] iter 860/18808  loss=nan
    [train] iter 880/18808  loss=nan
    [train] iter 900/18808  loss=nan
    [train] iter 920/18808  loss=nan
    [train] iter 940/18808  loss=nan
    [train] iter 960/18808  loss=nan
    [train] iter 980/18808  loss=nan
    [train] iter 1000/18808  loss=nan
    [train] iter 1020/18808  loss=nan
    [train] iter 1040/18808  loss=nan
    [train] iter 1060/18808  loss=nan
    [train] iter 1080/18808  loss=nan
    [train] iter 1100/18808  loss=nan
    [train] iter 1120/18808  loss=nan
    [train] iter 1140/18808  loss=nan
    [train] iter 1160/18808  loss=nan
    [train] iter 1180/18808  loss=nan
    [train] iter 1200/18808  loss=nan
    [train] iter 1220/18808  loss=nan
    [train] iter 1240/18808  loss=nan
    [train] iter 1260/18808  loss=nan
    [train] iter 1280/18808  loss=nan
    [train] iter 1300/18808  loss=nan
    [train] iter 1320/18808  loss=nan
    [train] iter 1340/18808  loss=nan
    [train] iter 1360/18808  loss=nan
    [train] iter 1380/18808  loss=nan
    [train] iter 1400/18808  loss=nan
    [train] iter 1420/18808  loss=nan
    [train] iter 1440/18808  loss=nan
    [train] iter 1460/18808  loss=nan
    [train] iter 1480/18808  loss=nan
    [train] iter 1500/18808  loss=nan
    [train] iter 1520/18808  loss=nan
    [train] iter 1540/18808  loss=nan
    [train] iter 1560/18808  loss=nan
    [train] iter 1580/18808  loss=nan
    [train] iter 1600/18808  loss=nan
    [train] iter 1620/18808  loss=nan
    [train] iter 1640/18808  loss=nan
    [train] iter 1660/18808  loss=nan
    [train] iter 1680/18808  loss=nan
    [train] iter 1700/18808  loss=nan
    [train] iter 1720/18808  loss=nan
    [train] iter 1740/18808  loss=nan
    [train] iter 1760/18808  loss=nan
    [train] iter 1780/18808  loss=nan
    [train] iter 1800/18808  loss=nan
    [train] iter 1820/18808  loss=nan
    [train] iter 1840/18808  loss=nan
    [train] iter 1860/18808  loss=nan
    [train] iter 1880/18808  loss=nan
    [train] iter 1900/18808  loss=nan
    [train] iter 1920/18808  loss=nan
    [train] iter 1940/18808  loss=nan
    [train] iter 1960/18808  loss=nan
    [train] iter 1980/18808  loss=nan
    [train] iter 2000/18808  loss=nan
    [train] iter 2020/18808  loss=nan
    [train] iter 2040/18808  loss=nan
    [train] iter 2060/18808  loss=nan
    [train] iter 2080/18808  loss=nan
    [train] iter 2100/18808  loss=nan
    [train] iter 2120/18808  loss=nan
    [train] iter 2140/18808  loss=nan
    [train] iter 2160/18808  loss=nan
    [train] iter 2180/18808  loss=nan
    [train] iter 2200/18808  loss=nan
    [train] iter 2220/18808  loss=nan
    [train] iter 2240/18808  loss=nan
    [train] iter 2260/18808  loss=nan
    [train] iter 2280/18808  loss=nan
    [train] iter 2300/18808  loss=nan
    [train] iter 2320/18808  loss=nan
    [train] iter 2340/18808  loss=nan
    [train] iter 2360/18808  loss=nan
    [train] iter 2380/18808  loss=nan
    [train] iter 2400/18808  loss=nan
    [train] iter 2420/18808  loss=nan
    [train] iter 2440/18808  loss=nan
    [train] iter 2460/18808  loss=nan
    [train] iter 2480/18808  loss=nan
    [train] iter 2500/18808  loss=nan
    [train] iter 2520/18808  loss=nan
    [train] iter 2540/18808  loss=nan
    [train] iter 2560/18808  loss=nan
    [train] iter 2580/18808  loss=nan
    [train] iter 2600/18808  loss=nan
    [train] iter 2620/18808  loss=nan
    [train] iter 2640/18808  loss=nan
    [train] iter 2660/18808  loss=nan
    [train] iter 2680/18808  loss=nan
    [train] iter 2700/18808  loss=nan
    [train] iter 2720/18808  loss=nan
    [train] iter 2740/18808  loss=nan
    [train] iter 2760/18808  loss=nan
    [train] iter 2780/18808  loss=nan
    [train] iter 2800/18808  loss=nan
    [train] iter 2820/18808  loss=nan
    [train] iter 2840/18808  loss=nan
    [train] iter 2860/18808  loss=nan
    [train] iter 2880/18808  loss=nan
    [train] iter 2900/18808  loss=nan
    [train] iter 2920/18808  loss=nan
    [train] iter 2940/18808  loss=nan
    [train] iter 2960/18808  loss=nan
    [train] iter 2980/18808  loss=nan
    [train] iter 3000/18808  loss=nan
    [train] iter 3020/18808  loss=nan
    [train] iter 3040/18808  loss=nan
    [train] iter 3060/18808  loss=nan
    [train] iter 3080/18808  loss=nan
    [train] iter 3100/18808  loss=nan
    [train] iter 3120/18808  loss=nan
    [train] iter 3140/18808  loss=nan
    [train] iter 3160/18808  loss=nan
    [train] iter 3180/18808  loss=nan
    [train] iter 3200/18808  loss=nan
    [train] iter 3220/18808  loss=nan
    [train] iter 3240/18808  loss=nan
    [train] iter 3260/18808  loss=nan
    [train] iter 3280/18808  loss=nan
    [train] iter 3300/18808  loss=nan
    [train] iter 3320/18808  loss=nan
    [train] iter 3340/18808  loss=nan
    [train] iter 3360/18808  loss=nan
    [train] iter 3380/18808  loss=nan
    [train] iter 3400/18808  loss=nan
    [train] iter 3420/18808  loss=nan
    [train] iter 3440/18808  loss=nan
    [train] iter 3460/18808  loss=nan
    [train] iter 3480/18808  loss=nan
    [train] iter 3500/18808  loss=nan
    [train] iter 3520/18808  loss=nan
    [train] iter 3540/18808  loss=nan
    [train] iter 3560/18808  loss=nan
    [train] iter 3580/18808  loss=nan
    [train] iter 3600/18808  loss=nan
    [train] iter 3620/18808  loss=nan
    [train] iter 3640/18808  loss=nan
    [train] iter 3660/18808  loss=nan
    [train] iter 3680/18808  loss=nan
    [train] iter 3700/18808  loss=nan
    [train] iter 3720/18808  loss=nan
    [train] iter 3740/18808  loss=nan
    [train] iter 3760/18808  loss=nan
    [train] iter 3780/18808  loss=nan
    [train] iter 3800/18808  loss=nan
    [train] iter 3820/18808  loss=nan
    [train] iter 3840/18808  loss=nan
    [train] iter 3860/18808  loss=nan
    [train] iter 3880/18808  loss=nan
    [train] iter 3900/18808  loss=nan
    [train] iter 3920/18808  loss=nan
    [train] iter 3940/18808  loss=nan
    [train] iter 3960/18808  loss=nan
    [train] iter 3980/18808  loss=nan
    [train] iter 4000/18808  loss=nan
    [train] iter 4020/18808  loss=nan
    [train] iter 4040/18808  loss=nan
    [train] iter 4060/18808  loss=nan
    [train] iter 4080/18808  loss=nan
    [train] iter 4100/18808  loss=nan
    [train] iter 4120/18808  loss=nan
    [train] iter 4140/18808  loss=nan
    [train] iter 4160/18808  loss=nan
    [train] iter 4180/18808  loss=nan
    [train] iter 4200/18808  loss=nan
    [train] iter 4220/18808  loss=nan
    [train] iter 4240/18808  loss=nan
    [train] iter 4260/18808  loss=nan
    [train] iter 4280/18808  loss=nan
    [train] iter 4300/18808  loss=nan
    [train] iter 4320/18808  loss=nan
    [train] iter 4340/18808  loss=nan
    [train] iter 4360/18808  loss=nan
    [train] iter 4380/18808  loss=nan
    [train] iter 4400/18808  loss=nan
    [train] iter 4420/18808  loss=nan
    [train] iter 4440/18808  loss=nan
    [train] iter 4460/18808  loss=nan
    [train] iter 4480/18808  loss=nan
    [train] iter 4500/18808  loss=nan
    [train] iter 4520/18808  loss=nan
    [train] iter 4540/18808  loss=nan
    [train] iter 4560/18808  loss=nan
    [train] iter 4580/18808  loss=nan
    [train] iter 4600/18808  loss=nan
    [train] iter 4620/18808  loss=nan
    [train] iter 4640/18808  loss=nan
    [train] iter 4660/18808  loss=nan
    [train] iter 4680/18808  loss=nan
    [train] iter 4700/18808  loss=nan
    [train] iter 4720/18808  loss=nan
    [train] iter 4740/18808  loss=nan
    [train] iter 4760/18808  loss=nan
    [train] iter 4780/18808  loss=nan
    [train] iter 4800/18808  loss=nan
    [train] iter 4820/18808  loss=nan
    [train] iter 4840/18808  loss=nan
    [train] iter 4860/18808  loss=nan
    [train] iter 4880/18808  loss=nan
    [train] iter 4900/18808  loss=nan
    [train] iter 4920/18808  loss=nan
    [train] iter 4940/18808  loss=nan
    [train] iter 4960/18808  loss=nan
    [train] iter 4980/18808  loss=nan
    [train] iter 5000/18808  loss=nan
    [train] iter 5020/18808  loss=nan
    [train] iter 5040/18808  loss=nan
    [train] iter 5060/18808  loss=nan
    [train] iter 5080/18808  loss=nan
    [train] iter 5100/18808  loss=nan
    [train] iter 5120/18808  loss=nan
    [train] iter 5140/18808  loss=nan
    [train] iter 5160/18808  loss=nan
    [train] iter 5180/18808  loss=nan
    [train] iter 5200/18808  loss=nan
    [train] iter 5220/18808  loss=nan
    [train] iter 5240/18808  loss=nan
    [train] iter 5260/18808  loss=nan
    [train] iter 5280/18808  loss=nan
    [train] iter 5300/18808  loss=nan
    [train] iter 5320/18808  loss=nan
    [train] iter 5340/18808  loss=nan
    [train] iter 5360/18808  loss=nan
    [train] iter 5380/18808  loss=nan
    [train] iter 5400/18808  loss=nan
    [train] iter 5420/18808  loss=nan
    [train] iter 5440/18808  loss=nan
    [train] iter 5460/18808  loss=nan
    [train] iter 5480/18808  loss=nan
    [train] iter 5500/18808  loss=nan
    [train] iter 5520/18808  loss=nan
    [train] iter 5540/18808  loss=nan
    [train] iter 5560/18808  loss=nan
    [train] iter 5580/18808  loss=nan
    [train] iter 5600/18808  loss=nan
    [train] iter 5620/18808  loss=nan
    [train] iter 5640/18808  loss=nan
    [train] iter 5660/18808  loss=nan
    [train] iter 5680/18808  loss=nan
    [train] iter 5700/18808  loss=nan
    [train] iter 5720/18808  loss=nan
    [train] iter 5740/18808  loss=nan
    [train] iter 5760/18808  loss=nan
    [train] iter 5780/18808  loss=nan
    [train] iter 5800/18808  loss=nan
    [train] iter 5820/18808  loss=nan
    [train] iter 5840/18808  loss=nan
    [train] iter 5860/18808  loss=nan
    [train] iter 5880/18808  loss=nan
    [train] iter 5900/18808  loss=nan
    [train] iter 5920/18808  loss=nan
    [train] iter 5940/18808  loss=nan
    [train] iter 5960/18808  loss=nan
    [train] iter 5980/18808  loss=nan
    [train] iter 6000/18808  loss=nan
    [train] iter 6020/18808  loss=nan
    [train] iter 6040/18808  loss=nan
    [train] iter 6060/18808  loss=nan
    [train] iter 6080/18808  loss=nan
    [train] iter 6100/18808  loss=nan
    [train] iter 6120/18808  loss=nan
    [train] iter 6140/18808  loss=nan
    [train] iter 6160/18808  loss=nan
    [train] iter 6180/18808  loss=nan
    [train] iter 6200/18808  loss=nan
    [train] iter 6220/18808  loss=nan
    [train] iter 6240/18808  loss=nan
    [train] iter 6260/18808  loss=nan
    [train] iter 6280/18808  loss=nan
    [train] iter 6300/18808  loss=nan
    [train] iter 6320/18808  loss=nan
    [train] iter 6340/18808  loss=nan
    [train] iter 6360/18808  loss=nan
    [train] iter 6380/18808  loss=nan
    [train] iter 6400/18808  loss=nan
    [train] iter 6420/18808  loss=nan
    [train] iter 6440/18808  loss=nan
    [train] iter 6460/18808  loss=nan
    [train] iter 6480/18808  loss=nan
    [train] iter 6500/18808  loss=nan
    [train] iter 6520/18808  loss=nan
    [train] iter 6540/18808  loss=nan
    [train] iter 6560/18808  loss=nan
    [train] iter 6580/18808  loss=nan
    [train] iter 6600/18808  loss=nan
    [train] iter 6620/18808  loss=nan
    [train] iter 6640/18808  loss=nan
    [train] iter 6660/18808  loss=nan
    [train] iter 6680/18808  loss=nan
    [train] iter 6700/18808  loss=nan
    [train] iter 6720/18808  loss=nan
    [train] iter 6740/18808  loss=nan
    [train] iter 6760/18808  loss=nan
    [train] iter 6780/18808  loss=nan
    [train] iter 6800/18808  loss=nan
    [train] iter 6820/18808  loss=nan
    [train] iter 6840/18808  loss=nan
    [train] iter 6860/18808  loss=nan
    [train] iter 6880/18808  loss=nan
    [train] iter 6900/18808  loss=nan
    [train] iter 6920/18808  loss=nan
    [train] iter 6940/18808  loss=nan
    [train] iter 6960/18808  loss=nan
    [train] iter 6980/18808  loss=nan
    [train] iter 7000/18808  loss=nan
    [train] iter 7020/18808  loss=nan
    [train] iter 7040/18808  loss=nan
    [train] iter 7060/18808  loss=nan
    [train] iter 7080/18808  loss=nan
    [train] iter 7100/18808  loss=nan
    [train] iter 7120/18808  loss=nan
    [train] iter 7140/18808  loss=nan
    [train] iter 7160/18808  loss=nan
    [train] iter 7180/18808  loss=nan
    [train] iter 7200/18808  loss=nan
    [train] iter 7220/18808  loss=nan
    [train] iter 7240/18808  loss=nan
    [train] iter 7260/18808  loss=nan
    [train] iter 7280/18808  loss=nan
    [train] iter 7300/18808  loss=nan
    [train] iter 7320/18808  loss=nan
    [train] iter 7340/18808  loss=nan
    [train] iter 7360/18808  loss=nan
    [train] iter 7380/18808  loss=nan
    [train] iter 7400/18808  loss=nan
    [train] iter 7420/18808  loss=nan
    [train] iter 7440/18808  loss=nan
    [train] iter 7460/18808  loss=nan
    [train] iter 7480/18808  loss=nan
    [train] iter 7500/18808  loss=nan
    [train] iter 7520/18808  loss=nan
    [train] iter 7540/18808  loss=nan
    [train] iter 7560/18808  loss=nan
    [train] iter 7580/18808  loss=nan
    [train] iter 7600/18808  loss=nan
    [train] iter 7620/18808  loss=nan
    [train] iter 7640/18808  loss=nan
    [train] iter 7660/18808  loss=nan
    [train] iter 7680/18808  loss=nan
    [train] iter 7700/18808  loss=nan
    [train] iter 7720/18808  loss=nan
    [train] iter 7740/18808  loss=nan
    [train] iter 7760/18808  loss=nan
    [train] iter 7780/18808  loss=nan
    [train] iter 7800/18808  loss=nan
    [train] iter 7820/18808  loss=nan
    [train] iter 7840/18808  loss=nan
    [train] iter 7860/18808  loss=nan
    [train] iter 7880/18808  loss=nan
    [train] iter 7900/18808  loss=nan
    [train] iter 7920/18808  loss=nan
    [train] iter 7940/18808  loss=nan
    [train] iter 7960/18808  loss=nan
    [train] iter 7980/18808  loss=nan
    [train] iter 8000/18808  loss=nan
    [train] iter 8020/18808  loss=nan
    [train] iter 8040/18808  loss=nan
    [train] iter 8060/18808  loss=nan
    [train] iter 8080/18808  loss=nan
    [train] iter 8100/18808  loss=nan
    [train] iter 8120/18808  loss=nan
    [train] iter 8140/18808  loss=nan
    [train] iter 8160/18808  loss=nan
    [train] iter 8180/18808  loss=nan
    [train] iter 8200/18808  loss=nan
    [train] iter 8220/18808  loss=nan
    [train] iter 8240/18808  loss=nan
    [train] iter 8260/18808  loss=nan
    [train] iter 8280/18808  loss=nan
    [train] iter 8300/18808  loss=nan
    [train] iter 8320/18808  loss=nan
    [train] iter 8340/18808  loss=nan
    [train] iter 8360/18808  loss=nan
    [train] iter 8380/18808  loss=nan
    [train] iter 8400/18808  loss=nan
    [train] iter 8420/18808  loss=nan
    [train] iter 8440/18808  loss=nan
    [train] iter 8460/18808  loss=nan
    [train] iter 8480/18808  loss=nan
    [train] iter 8500/18808  loss=nan
    [train] iter 8520/18808  loss=nan
    [train] iter 8540/18808  loss=nan
    [train] iter 8560/18808  loss=nan
    [train] iter 8580/18808  loss=nan
    [train] iter 8600/18808  loss=nan
    [train] iter 8620/18808  loss=nan
    [train] iter 8640/18808  loss=nan
    [train] iter 8660/18808  loss=nan
    [train] iter 8680/18808  loss=nan
    [train] iter 8700/18808  loss=nan
    [train] iter 8720/18808  loss=nan
    [train] iter 8740/18808  loss=nan
    [train] iter 8760/18808  loss=nan
    [train] iter 8780/18808  loss=nan
    [train] iter 8800/18808  loss=nan
    [train] iter 8820/18808  loss=nan
    [train] iter 8840/18808  loss=nan
    [train] iter 8860/18808  loss=nan
    [train] iter 8880/18808  loss=nan
    [train] iter 8900/18808  loss=nan
    [train] iter 8920/18808  loss=nan
    [train] iter 8940/18808  loss=nan
    [train] iter 8960/18808  loss=nan
    [train] iter 8980/18808  loss=nan
    [train] iter 9000/18808  loss=nan
    [train] iter 9020/18808  loss=nan
    [train] iter 9040/18808  loss=nan
    [train] iter 9060/18808  loss=nan
    [train] iter 9080/18808  loss=nan
    [train] iter 9100/18808  loss=nan
    [train] iter 9120/18808  loss=nan
    [train] iter 9140/18808  loss=nan
    [train] iter 9160/18808  loss=nan
    [train] iter 9180/18808  loss=nan
    [train] iter 9200/18808  loss=nan
    [train] iter 9220/18808  loss=nan
    [train] iter 9240/18808  loss=nan
    [train] iter 9260/18808  loss=nan
    [train] iter 9280/18808  loss=nan
    [train] iter 9300/18808  loss=nan
    [train] iter 9320/18808  loss=nan
    [train] iter 9340/18808  loss=nan
    [train] iter 9360/18808  loss=nan
    [train] iter 9380/18808  loss=nan
    [train] iter 9400/18808  loss=nan
    [train] iter 9420/18808  loss=nan
    [train] iter 9440/18808  loss=nan
    [train] iter 9460/18808  loss=nan
    [train] iter 9480/18808  loss=nan
    [train] iter 9500/18808  loss=nan
    [train] iter 9520/18808  loss=nan
    [train] iter 9540/18808  loss=nan
    [train] iter 9560/18808  loss=nan
    [train] iter 9580/18808  loss=nan
    [train] iter 9600/18808  loss=nan
    [train] iter 9620/18808  loss=nan
    [train] iter 9640/18808  loss=nan
    [train] iter 9660/18808  loss=nan
    [train] iter 9680/18808  loss=nan
    [train] iter 9700/18808  loss=nan
    [train] iter 9720/18808  loss=nan
    [train] iter 9740/18808  loss=nan
    [train] iter 9760/18808  loss=nan
    [train] iter 9780/18808  loss=nan
    [train] iter 9800/18808  loss=nan
    [train] iter 9820/18808  loss=nan
    [train] iter 9840/18808  loss=nan
    [train] iter 9860/18808  loss=nan
    [train] iter 9880/18808  loss=nan
    [train] iter 9900/18808  loss=nan
    [train] iter 9920/18808  loss=nan
    [train] iter 9940/18808  loss=nan
    [train] iter 9960/18808  loss=nan
    [train] iter 9980/18808  loss=nan
    [train] iter 10000/18808  loss=nan
    [train] iter 10020/18808  loss=nan
    [train] iter 10040/18808  loss=nan
    [train] iter 10060/18808  loss=nan
    [train] iter 10080/18808  loss=nan
    [train] iter 10100/18808  loss=nan
    [train] iter 10120/18808  loss=nan
    [train] iter 10140/18808  loss=nan
    [train] iter 10160/18808  loss=nan
    [train] iter 10180/18808  loss=nan
    [train] iter 10200/18808  loss=nan
    [train] iter 10220/18808  loss=nan
    [train] iter 10240/18808  loss=nan
    [train] iter 10260/18808  loss=nan
    [train] iter 10280/18808  loss=nan
    [train] iter 10300/18808  loss=nan
    [train] iter 10320/18808  loss=nan
    [train] iter 10340/18808  loss=nan
    [train] iter 10360/18808  loss=nan
    [train] iter 10380/18808  loss=nan
    [train] iter 10400/18808  loss=nan
    [train] iter 10420/18808  loss=nan
    [train] iter 10440/18808  loss=nan
    [train] iter 10460/18808  loss=nan
    [train] iter 10480/18808  loss=nan
    [train] iter 10500/18808  loss=nan
    [train] iter 10520/18808  loss=nan
    [train] iter 10540/18808  loss=nan
    [train] iter 10560/18808  loss=nan
    [train] iter 10580/18808  loss=nan
    [train] iter 10600/18808  loss=nan
    [train] iter 10620/18808  loss=nan
    [train] iter 10640/18808  loss=nan
    [train] iter 10660/18808  loss=nan
    [train] iter 10680/18808  loss=nan
    [train] iter 10700/18808  loss=nan
    [train] iter 10720/18808  loss=nan
    [train] iter 10740/18808  loss=nan
    [train] iter 10760/18808  loss=nan
    [train] iter 10780/18808  loss=nan
    [train] iter 10800/18808  loss=nan
    [train] iter 10820/18808  loss=nan
    [train] iter 10840/18808  loss=nan
    [train] iter 10860/18808  loss=nan
    [train] iter 10880/18808  loss=nan
    [train] iter 10900/18808  loss=nan
    [train] iter 10920/18808  loss=nan
    [train] iter 10940/18808  loss=nan
    [train] iter 10960/18808  loss=nan
    [train] iter 10980/18808  loss=nan
    [train] iter 11000/18808  loss=nan
    [train] iter 11020/18808  loss=nan
    [train] iter 11040/18808  loss=nan
    [train] iter 11060/18808  loss=nan
    [train] iter 11080/18808  loss=nan
    [train] iter 11100/18808  loss=nan
    [train] iter 11120/18808  loss=nan
    [train] iter 11140/18808  loss=nan
    [train] iter 11160/18808  loss=nan
    [train] iter 11180/18808  loss=nan
    [train] iter 11200/18808  loss=nan
    [train] iter 11220/18808  loss=nan
    [train] iter 11240/18808  loss=nan
    [train] iter 11260/18808  loss=nan
    [train] iter 11280/18808  loss=nan
    [train] iter 11300/18808  loss=nan
    [train] iter 11320/18808  loss=nan
    [train] iter 11340/18808  loss=nan
    [train] iter 11360/18808  loss=nan
    [train] iter 11380/18808  loss=nan
    [train] iter 11400/18808  loss=nan
    [train] iter 11420/18808  loss=nan
    [train] iter 11440/18808  loss=nan
    [train] iter 11460/18808  loss=nan
    [train] iter 11480/18808  loss=nan
    [train] iter 11500/18808  loss=nan
    [train] iter 11520/18808  loss=nan
    [train] iter 11540/18808  loss=nan
    [train] iter 11560/18808  loss=nan
    [train] iter 11580/18808  loss=nan
    [train] iter 11600/18808  loss=nan
    [train] iter 11620/18808  loss=nan
    [train] iter 11640/18808  loss=nan
    [train] iter 11660/18808  loss=nan
    [train] iter 11680/18808  loss=nan
    [train] iter 11700/18808  loss=nan
    [train] iter 11720/18808  loss=nan
    [train] iter 11740/18808  loss=nan
    [train] iter 11760/18808  loss=nan
    [train] iter 11780/18808  loss=nan
    [train] iter 11800/18808  loss=nan
    [train] iter 11820/18808  loss=nan
    [train] iter 11840/18808  loss=nan
    [train] iter 11860/18808  loss=nan
    [train] iter 11880/18808  loss=nan
    [train] iter 11900/18808  loss=nan
    [train] iter 11920/18808  loss=nan
    [train] iter 11940/18808  loss=nan
    [train] iter 11960/18808  loss=nan
    [train] iter 11980/18808  loss=nan
    [train] iter 12000/18808  loss=nan
    [train] iter 12020/18808  loss=nan
    [train] iter 12040/18808  loss=nan
    [train] iter 12060/18808  loss=nan
    [train] iter 12080/18808  loss=nan
    [train] iter 12100/18808  loss=nan
    [train] iter 12120/18808  loss=nan
    [train] iter 12140/18808  loss=nan
    [train] iter 12160/18808  loss=nan
    [train] iter 12180/18808  loss=nan
    [train] iter 12200/18808  loss=nan
    [train] iter 12220/18808  loss=nan
    [train] iter 12240/18808  loss=nan
    [train] iter 12260/18808  loss=nan
    [train] iter 12280/18808  loss=nan
    [train] iter 12300/18808  loss=nan
    [train] iter 12320/18808  loss=nan
    [train] iter 12340/18808  loss=nan
    [train] iter 12360/18808  loss=nan
    [train] iter 12380/18808  loss=nan
    [train] iter 12400/18808  loss=nan
    [train] iter 12420/18808  loss=nan
    [train] iter 12440/18808  loss=nan
    [train] iter 12460/18808  loss=nan
    [train] iter 12480/18808  loss=nan
    [train] iter 12500/18808  loss=nan
    [train] iter 12520/18808  loss=nan
    [train] iter 12540/18808  loss=nan
    [train] iter 12560/18808  loss=nan
    [train] iter 12580/18808  loss=nan
    [train] iter 12600/18808  loss=nan
    [train] iter 12620/18808  loss=nan
    [train] iter 12640/18808  loss=nan
    [train] iter 12660/18808  loss=nan
    [train] iter 12680/18808  loss=nan
    [train] iter 12700/18808  loss=nan
    [train] iter 12720/18808  loss=nan
    [train] iter 12740/18808  loss=nan
    [train] iter 12760/18808  loss=nan
    [train] iter 12780/18808  loss=nan
    [train] iter 12800/18808  loss=nan
    [train] iter 12820/18808  loss=nan
    [train] iter 12840/18808  loss=nan
    [train] iter 12860/18808  loss=nan
    [train] iter 12880/18808  loss=nan
    [train] iter 12900/18808  loss=nan
    [train] iter 12920/18808  loss=nan
    [train] iter 12940/18808  loss=nan
    [train] iter 12960/18808  loss=nan
    [train] iter 12980/18808  loss=nan
    [train] iter 13000/18808  loss=nan
    [train] iter 13020/18808  loss=nan
    [train] iter 13040/18808  loss=nan
    [train] iter 13060/18808  loss=nan
    [train] iter 13080/18808  loss=nan
    [train] iter 13100/18808  loss=nan
    [train] iter 13120/18808  loss=nan
    [train] iter 13140/18808  loss=nan
    [train] iter 13160/18808  loss=nan
    [train] iter 13180/18808  loss=nan
    [train] iter 13200/18808  loss=nan
    [train] iter 13220/18808  loss=nan
    [train] iter 13240/18808  loss=nan
    [train] iter 13260/18808  loss=nan
    [train] iter 13280/18808  loss=nan
    [train] iter 13300/18808  loss=nan
    [train] iter 13320/18808  loss=nan
    [train] iter 13340/18808  loss=nan
    [train] iter 13360/18808  loss=nan
    [train] iter 13380/18808  loss=nan
    [train] iter 13400/18808  loss=nan
    [train] iter 13420/18808  loss=nan
    [train] iter 13440/18808  loss=nan
    [train] iter 13460/18808  loss=nan
    [train] iter 13480/18808  loss=nan
    [train] iter 13500/18808  loss=nan
    [train] iter 13520/18808  loss=nan
    [train] iter 13540/18808  loss=nan
    [train] iter 13560/18808  loss=nan
    [train] iter 13580/18808  loss=nan
    [train] iter 13600/18808  loss=nan
    [train] iter 13620/18808  loss=nan
    [train] iter 13640/18808  loss=nan
    [train] iter 13660/18808  loss=nan
    [train] iter 13680/18808  loss=nan
    [train] iter 13700/18808  loss=nan
    [train] iter 13720/18808  loss=nan
    [train] iter 13740/18808  loss=nan
    [train] iter 13760/18808  loss=nan
    [train] iter 13780/18808  loss=nan
    [train] iter 13800/18808  loss=nan
    [train] iter 13820/18808  loss=nan
    [train] iter 13840/18808  loss=nan
    [train] iter 13860/18808  loss=nan
    [train] iter 13880/18808  loss=nan
    [train] iter 13900/18808  loss=nan
    [train] iter 13920/18808  loss=nan
    [train] iter 13940/18808  loss=nan
    [train] iter 13960/18808  loss=nan
    [train] iter 13980/18808  loss=nan
    [train] iter 14000/18808  loss=nan
    [train] iter 14020/18808  loss=nan
    [train] iter 14040/18808  loss=nan
    [train] iter 14060/18808  loss=nan
    [train] iter 14080/18808  loss=nan
    [train] iter 14100/18808  loss=nan
    [train] iter 14120/18808  loss=nan
    [train] iter 14140/18808  loss=nan
    [train] iter 14160/18808  loss=nan
    [train] iter 14180/18808  loss=nan
    [train] iter 14200/18808  loss=nan
    [train] iter 14220/18808  loss=nan
    [train] iter 14240/18808  loss=nan
    [train] iter 14260/18808  loss=nan
    [train] iter 14280/18808  loss=nan
    [train] iter 14300/18808  loss=nan
    [train] iter 14320/18808  loss=nan
    [train] iter 14340/18808  loss=nan
    [train] iter 14360/18808  loss=nan
    [train] iter 14380/18808  loss=nan
    [train] iter 14400/18808  loss=nan
    [train] iter 14420/18808  loss=nan
    [train] iter 14440/18808  loss=nan
    [train] iter 14460/18808  loss=nan
    [train] iter 14480/18808  loss=nan
    [train] iter 14500/18808  loss=nan
    [train] iter 14520/18808  loss=nan
    [train] iter 14540/18808  loss=nan
    [train] iter 14560/18808  loss=nan
    [train] iter 14580/18808  loss=nan
    [train] iter 14600/18808  loss=nan
    [train] iter 14620/18808  loss=nan
    [train] iter 14640/18808  loss=nan
    [train] iter 14660/18808  loss=nan
    [train] iter 14680/18808  loss=nan
    [train] iter 14700/18808  loss=nan
    [train] iter 14720/18808  loss=nan
    [train] iter 14740/18808  loss=nan
    [train] iter 14760/18808  loss=nan
    [train] iter 14780/18808  loss=nan
    [train] iter 14800/18808  loss=nan
    [train] iter 14820/18808  loss=nan
    [train] iter 14840/18808  loss=nan
    [train] iter 14860/18808  loss=nan
    [train] iter 14880/18808  loss=nan
    [train] iter 14900/18808  loss=nan
    [train] iter 14920/18808  loss=nan
    [train] iter 14940/18808  loss=nan
    [train] iter 14960/18808  loss=nan
    [train] iter 14980/18808  loss=nan
    [train] iter 15000/18808  loss=nan
    [train] iter 15020/18808  loss=nan
    [train] iter 15040/18808  loss=nan
    [train] iter 15060/18808  loss=nan
    [train] iter 15080/18808  loss=nan
    [train] iter 15100/18808  loss=nan
    [train] iter 15120/18808  loss=nan
    [train] iter 15140/18808  loss=nan
    [train] iter 15160/18808  loss=nan
    [train] iter 15180/18808  loss=nan
    [train] iter 15200/18808  loss=nan
    [train] iter 15220/18808  loss=nan
    [train] iter 15240/18808  loss=nan
    [train] iter 15260/18808  loss=nan
    [train] iter 15280/18808  loss=nan
    [train] iter 15300/18808  loss=nan
    [train] iter 15320/18808  loss=nan
    [train] iter 15340/18808  loss=nan
    [train] iter 15360/18808  loss=nan
    [train] iter 15380/18808  loss=nan
    [train] iter 15400/18808  loss=nan
    [train] iter 15420/18808  loss=nan
    [train] iter 15440/18808  loss=nan
    [train] iter 15460/18808  loss=nan
    [train] iter 15480/18808  loss=nan
    [train] iter 15500/18808  loss=nan
    [train] iter 15520/18808  loss=nan
    [train] iter 15540/18808  loss=nan
    [train] iter 15560/18808  loss=nan
    [train] iter 15580/18808  loss=nan
    [train] iter 15600/18808  loss=nan
    [train] iter 15620/18808  loss=nan
    [train] iter 15640/18808  loss=nan
    [train] iter 15660/18808  loss=nan
    [train] iter 15680/18808  loss=nan
    [train] iter 15700/18808  loss=nan
    [train] iter 15720/18808  loss=nan
    [train] iter 15740/18808  loss=nan
    [train] iter 15760/18808  loss=nan
    [train] iter 15780/18808  loss=nan
    [train] iter 15800/18808  loss=nan
    [train] iter 15820/18808  loss=nan
    [train] iter 15840/18808  loss=nan
    [train] iter 15860/18808  loss=nan
    [train] iter 15880/18808  loss=nan
    [train] iter 15900/18808  loss=nan
    [train] iter 15920/18808  loss=nan
    [train] iter 15940/18808  loss=nan
    [train] iter 15960/18808  loss=nan
    [train] iter 15980/18808  loss=nan
    [train] iter 16000/18808  loss=nan
    [train] iter 16020/18808  loss=nan
    [train] iter 16040/18808  loss=nan
    [train] iter 16060/18808  loss=nan
    [train] iter 16080/18808  loss=nan
    [train] iter 16100/18808  loss=nan
    [train] iter 16120/18808  loss=nan
    [train] iter 16140/18808  loss=nan
    [train] iter 16160/18808  loss=nan
    [train] iter 16180/18808  loss=nan
    [train] iter 16200/18808  loss=nan
    [train] iter 16220/18808  loss=nan
    [train] iter 16240/18808  loss=nan
    [train] iter 16260/18808  loss=nan
    [train] iter 16280/18808  loss=nan
    [train] iter 16300/18808  loss=nan
    [train] iter 16320/18808  loss=nan
    [train] iter 16340/18808  loss=nan
    [train] iter 16360/18808  loss=nan
    [train] iter 16380/18808  loss=nan
    [train] iter 16400/18808  loss=nan
    [train] iter 16420/18808  loss=nan
    [train] iter 16440/18808  loss=nan
    [train] iter 16460/18808  loss=nan
    [train] iter 16480/18808  loss=nan
    [train] iter 16500/18808  loss=nan
    [train] iter 16520/18808  loss=nan
    [train] iter 16540/18808  loss=nan
    [train] iter 16560/18808  loss=nan
    [train] iter 16580/18808  loss=nan
    [train] iter 16600/18808  loss=nan
    [train] iter 16620/18808  loss=nan
    [train] iter 16640/18808  loss=nan
    [train] iter 16660/18808  loss=nan
    [train] iter 16680/18808  loss=nan
    [train] iter 16700/18808  loss=nan
    [train] iter 16720/18808  loss=nan
    [train] iter 16740/18808  loss=nan
    [train] iter 16760/18808  loss=nan
    [train] iter 16780/18808  loss=nan
    [train] iter 16800/18808  loss=nan
    [train] iter 16820/18808  loss=nan
    [train] iter 16840/18808  loss=nan
    [train] iter 16860/18808  loss=nan
    [train] iter 16880/18808  loss=nan
    [train] iter 16900/18808  loss=nan
    [train] iter 16920/18808  loss=nan
    [train] iter 16940/18808  loss=nan
    [train] iter 16960/18808  loss=nan
    [train] iter 16980/18808  loss=nan
    [train] iter 17000/18808  loss=nan
    [train] iter 17020/18808  loss=nan
    [train] iter 17040/18808  loss=nan
    [train] iter 17060/18808  loss=nan
    [train] iter 17080/18808  loss=nan
    [train] iter 17100/18808  loss=nan
    [train] iter 17120/18808  loss=nan
    [train] iter 17140/18808  loss=nan
    [train] iter 17160/18808  loss=nan
    [train] iter 17180/18808  loss=nan
    [train] iter 17200/18808  loss=nan
    [train] iter 17220/18808  loss=nan
    [train] iter 17240/18808  loss=nan
    [train] iter 17260/18808  loss=nan
    [train] iter 17280/18808  loss=nan
    [train] iter 17300/18808  loss=nan
    [train] iter 17320/18808  loss=nan
    [train] iter 17340/18808  loss=nan
    [train] iter 17360/18808  loss=nan
    [train] iter 17380/18808  loss=nan
    [train] iter 17400/18808  loss=nan
    [train] iter 17420/18808  loss=nan
    [train] iter 17440/18808  loss=nan
    [train] iter 17460/18808  loss=nan
    [train] iter 17480/18808  loss=nan
    [train] iter 17500/18808  loss=nan
    [train] iter 17520/18808  loss=nan
    [train] iter 17540/18808  loss=nan
    [train] iter 17560/18808  loss=nan
    [train] iter 17580/18808  loss=nan
    [train] iter 17600/18808  loss=nan
    [train] iter 17620/18808  loss=nan
    [train] iter 17640/18808  loss=nan
    [train] iter 17660/18808  loss=nan
    [train] iter 17680/18808  loss=nan
    [train] iter 17700/18808  loss=nan
    [train] iter 17720/18808  loss=nan
    [train] iter 17740/18808  loss=nan
    [train] iter 17760/18808  loss=nan
    [train] iter 17780/18808  loss=nan
    [train] iter 17800/18808  loss=nan
    [train] iter 17820/18808  loss=nan
    [train] iter 17840/18808  loss=nan
    [train] iter 17860/18808  loss=nan
    [train] iter 17880/18808  loss=nan
    [train] iter 17900/18808  loss=nan
    [train] iter 17920/18808  loss=nan
    [train] iter 17940/18808  loss=nan
    [train] iter 17960/18808  loss=nan
    [train] iter 17980/18808  loss=nan
    [train] iter 18000/18808  loss=nan
    [train] iter 18020/18808  loss=nan
    [train] iter 18040/18808  loss=nan
    [train] iter 18060/18808  loss=nan
    [train] iter 18080/18808  loss=nan
    [train] iter 18100/18808  loss=nan
    [train] iter 18120/18808  loss=nan
    [train] iter 18140/18808  loss=nan
    [train] iter 18160/18808  loss=nan
    [train] iter 18180/18808  loss=nan
    [train] iter 18200/18808  loss=nan
    [train] iter 18220/18808  loss=nan
    [train] iter 18240/18808  loss=nan
    [train] iter 18260/18808  loss=nan
    [train] iter 18280/18808  loss=nan
    [train] iter 18300/18808  loss=nan
    [train] iter 18320/18808  loss=nan
    [train] iter 18340/18808  loss=nan
    [train] iter 18360/18808  loss=nan
    [train] iter 18380/18808  loss=nan
    [train] iter 18400/18808  loss=nan
    [train] iter 18420/18808  loss=nan
    [train] iter 18440/18808  loss=nan
    [train] iter 18460/18808  loss=nan
    [train] iter 18480/18808  loss=nan
    [train] iter 18500/18808  loss=nan
    [train] iter 18520/18808  loss=nan
    [train] iter 18540/18808  loss=nan
    [train] iter 18560/18808  loss=nan
    [train] iter 18580/18808  loss=nan
    [train] iter 18600/18808  loss=nan
    [train] iter 18620/18808  loss=nan
    [train] iter 18640/18808  loss=nan
    [train] iter 18660/18808  loss=nan
    [train] iter 18680/18808  loss=nan
    [train] iter 18700/18808  loss=nan
    [train] iter 18720/18808  loss=nan
    [train] iter 18740/18808  loss=nan
    [train] iter 18760/18808  loss=nan
    [train] iter 18780/18808  loss=nan
    [train] iter 18800/18808  loss=nan
  train_loss=nan  val_loss=nan  val_dice=0.1946

--- Epoch 7/100 (lr=9.91e-04) ---
[2026-07-04T21:58:00.935] error: *** JOB 16805653 ON node849 CANCELLED AT 2026-07-04T21:58:00 DUE to SIGNAL Terminated ***
